date,source,category,brand,topic,url,author,text,engagement,raw_metadata
2026-04-14,youtube,Consumer Tech India,Apple,"Every Major Apple Product in 2026⚡️iPhone Fold, M6 MacBook, Siri 2.0 Explained",https://www.youtube.com/watch?v=Q5eOf0VwuAw,user_66c0e30e2d,"Every Major Apple Product in 2026⚡️iPhone Fold, M6 MacBook, Siri 2.0 Explained",312214,"{""video_id"": ""Q5eOf0VwuAw"", ""channel"": ""Trakin Tech"", ""published_time"": ""1 month ago""}"
2026-04-14,youtube,Consumer Tech India,Lenovo,Not Your Typical Slim Gaming Laptop – Lenovo Legion 7 2026,https://www.youtube.com/watch?v=InN0hCeviYk,user_3a5866d435,Not Your Typical Slim Gaming Laptop – Lenovo Legion 7 2026,260774,"{""video_id"": ""InN0hCeviYk"", ""channel"": ""Venom's Tech"", ""published_time"": ""1 month ago""}"
2026-04-30,youtube,Consumer Tech India,Apple,iPad 11th Gen in 2026 - Apple Secret You Dont Know !!,https://www.youtube.com/watch?v=FXOZ93m3Lz8,user_bde8a6d360,iPad 11th Gen in 2026 - Apple Secret You Dont Know !!,104336,"{""video_id"": ""FXOZ93m3Lz8"", ""channel"": ""Ansh Nakwal"", ""published_time"": ""2 weeks ago""}"
2026-04-23,youtube,Consumer Tech India,ASUS,ASUS Expertbook Ultra: The PEAK Windows Laptop of 2026!,https://www.youtube.com/watch?v=OBx26YIwKW4,user_ff3bf847a3,ASUS Expertbook Ultra: The PEAK Windows Laptop of 2026!,97775,"{""video_id"": ""OBx26YIwKW4"", ""channel"": ""Beebom"", ""published_time"": ""3 weeks ago""}"
2026-05-02,youtube,Consumer Tech India,Other,This Laptop Got A Massive Upgrade in 2026!,https://www.youtube.com/watch?v=HcxmBTg5E9I,user_ff3bf847a3,This Laptop Got A Massive Upgrade in 2026!,96431,"{""video_id"": ""HcxmBTg5E9I"", ""channel"": ""Beebom"", ""published_time"": ""12 days ago""}"
2026-04-14,youtube,Consumer Tech India,Other,AI Laptops Of 2026 🚀 Top 5 Best Laptops with Intel Ultra Series Processor 🔥 Best Laptop 2026,https://www.youtube.com/watch?v=2jHSAdEANaQ,user_d6cf3fa262,AI Laptops Of 2026 🚀 Top 5 Best Laptops with Intel Ultra Series Processor 🔥 Best Laptop 2026,91536,"{""video_id"": ""2jHSAdEANaQ"", ""channel"": ""Techum"", ""published_time"": ""1 month ago""}"
2026-04-23,youtube,Consumer Tech India,Lenovo,Lenovo Legion 5i (2026) – The Gaming Laptop Sweet Spot!,https://www.youtube.com/watch?v=A-_z3wH6284,user_f061f7c5cc,Lenovo Legion 5i (2026) – The Gaming Laptop Sweet Spot!,78038,"{""video_id"": ""A-_z3wH6284"", ""channel"": ""The Tech Chap"", ""published_time"": ""3 weeks ago""}"
2026-04-14,youtube,Consumer Tech India,Apple,The Only Apple Watch Worth Buying in 2026,https://www.youtube.com/watch?v=Qp15sHso-VA,user_f51d9d41d5,The Only Apple Watch Worth Buying in 2026,74600,"{""video_id"": ""Qp15sHso-VA"", ""channel"": ""Gauraang Arora"", ""published_time"": ""1 month ago""}"
2026-04-14,youtube,Consumer Tech India,Apple,"My ""Minimal"" Apple Ecosystem For 2026",https://www.youtube.com/watch?v=xV5tOGTg3ls,user_929c002c36,"My ""Minimal"" Apple Ecosystem For 2026",63283,"{""video_id"": ""xV5tOGTg3ls"", ""channel"": ""Ankit Deshwal"", ""published_time"": ""1 month ago""}"
2026-05-02,youtube,Consumer Tech India,Dell,Dell 14 Plus & 16 Plus: A Value for Money Work Laptop?,https://www.youtube.com/watch?v=nwt_GxQf-N8,user_2806ab1c5e,Dell 14 Plus & 16 Plus: A Value for Money Work Laptop?,55968,"{""video_id"": ""nwt_GxQf-N8"", ""channel"": ""Sillycorns"", ""published_time"": ""12 days ago""}"
2026-04-14,youtube,Consumer Tech India,Apple,Why You NEED Apple TV 4K in 2026 (Best Purchase Ever) ✨,https://www.youtube.com/watch?v=6hgemZI9hfU,user_3f0e737ac4,Why You NEED Apple TV 4K in 2026 (Best Purchase Ever) ✨,48729,"{""video_id"": ""6hgemZI9hfU"", ""channel"": ""Faiz Aly"", ""published_time"": ""1 month ago""}"
2026-05-07,youtube,Consumer Tech India,Other,"Best Laptop Under 60000 in 2026 🔥 TOP 5 Laptops for Students, Coding & Gaming under 60000 - 70000",https://www.youtube.com/watch?v=vsTZmt0F5kY,user_2e9cf65d05,"Best Laptop Under 60000 in 2026 🔥 TOP 5 Laptops for Students, Coding & Gaming under 60000 - 70000",38682,"{""video_id"": ""vsTZmt0F5kY"", ""channel"": ""Tech Terminus"", ""published_time"": ""7 days ago""}"
2026-04-14,youtube,Consumer Tech India,Lenovo,Midrange Gaming King ..?🤔Lenovo Legion 5i (2026) Intel Core Ultra 7 & RTX 5070 Review🔥,https://www.youtube.com/watch?v=TAFFI693UH0,user_da083c2923,Midrange Gaming King ..?🤔Lenovo Legion 5i (2026) Intel Core Ultra 7 & RTX 5070 Review🔥,36061,"{""video_id"": ""TAFFI693UH0"", ""channel"": ""Vimal Chintapatla"", ""published_time"": ""1 month ago""}"
2026-05-10,youtube,Consumer Tech India,Lenovo,Best Tab to Buy in Sale..? 😱 Lenovo Idea Tab Pro Gen 2 (2026) with Dolby ATMOS Speakers🔥,https://www.youtube.com/watch?v=emkl9Pe_4MY,user_da083c2923,Best Tab to Buy in Sale..? 😱 Lenovo Idea Tab Pro Gen 2 (2026) with Dolby ATMOS Speakers🔥,35338,"{""video_id"": ""emkl9Pe_4MY"", ""channel"": ""Vimal Chintapatla"", ""published_time"": ""4 days ago""}"
2026-04-14,youtube,Consumer Tech India,HP,Best Printers 2026 | Ink tank vs Laser Printers | Epson vs HP vs Canon vs Brother,https://www.youtube.com/watch?v=e4qA_Um6SNo,user_ccd1ca5c88,Best Printers 2026 | Ink tank vs Laser Printers | Epson vs HP vs Canon vs Brother,32368,"{""video_id"": ""e4qA_Um6SNo"", ""channel"": ""The Grapevine"", ""published_time"": ""1 month ago""}"
2026-04-30,youtube,Consumer Tech India,ASUS,Asus ExpertBook ULTRA - The Ultimate Business Laptop for 2026?,https://www.youtube.com/watch?v=bBohfycr210,user_038a8b9c41,Asus ExpertBook ULTRA - The Ultimate Business Laptop for 2026?,32281,"{""video_id"": ""bBohfycr210"", ""channel"": ""Geekyranjit"", ""published_time"": ""2 weeks ago""}"
2026-04-14,youtube,Consumer Tech India,Dell,बिलकुल आप के Budget में! 🔥 Best Dell Refurbished Mini PC in 2026,https://www.youtube.com/watch?v=I6gYvdsedec,user_c801341b06,बिलकुल आप के Budget में! 🔥 Best Dell Refurbished Mini PC in 2026,25675,"{""video_id"": ""I6gYvdsedec"", ""channel"": ""Baba Tech Review"", ""published_time"": ""1 month ago""}"
2026-05-01,youtube,Consumer Tech India,Dell,Dell XPS Review (2026): What a Comeback!,https://www.youtube.com/watch?v=BPmEmlDjAiU,user_e1343e66af,Dell XPS Review (2026): What a Comeback!,22270,"{""video_id"": ""BPmEmlDjAiU"", ""channel"": ""SoulOfTech"", ""published_time"": ""13 days ago""}"
2026-04-14,youtube,Consumer Tech India,Other,Top 6 AI Laptops 2026 ⚡ Intel Core Ultra Laptops Under ₹50K–₹80K Range,https://www.youtube.com/watch?v=Ro7hxxTuEnI,user_b1d404c56e,Top 6 AI Laptops 2026 ⚡ Intel Core Ultra Laptops Under ₹50K–₹80K Range,14136,"{""video_id"": ""Ro7hxxTuEnI"", ""channel"": ""Techy Imran"", ""published_time"": ""1 month ago""}"
2026-04-14,youtube,Consumer Tech India,Lenovo,Lenovo Yoga Slim 7i 2026 Review ⚡ OLED + Intel Ultra 5 | Best Creator Laptop Under ₹90K? 🔥,https://www.youtube.com/watch?v=Z9UfLnvKaK0,user_b30c96b89d,Lenovo Yoga Slim 7i 2026 Review ⚡ OLED + Intel Ultra 5 | Best Creator Laptop Under ₹90K? 🔥,10194,"{""video_id"": ""Z9UfLnvKaK0"", ""channel"": ""Udrawat"", ""published_time"": ""1 month ago""}"
2026-04-23,youtube,Consumer Tech India,Other,Best Gaming Laptop Under 1 Lakh for AI & Machine Learning⚡Best Laptop under 100K in India (2026),https://www.youtube.com/watch?v=-X_jU-dEW5I,user_1c97cf2ade,Best Gaming Laptop Under 1 Lakh for AI & Machine Learning⚡Best Laptop under 100K in India (2026),9962,"{""video_id"": ""-X_jU-dEW5I"", ""channel"": ""Ankur Gulati"", ""published_time"": ""3 weeks ago""}"
2026-04-30,youtube,Consumer Tech India,Other,Best Laptops Under 50000 India 2026: 16GB RAM & 13th Gen i5/Ryzen 7 Specs!,https://www.youtube.com/watch?v=Z15pEN0x3Dc,user_14893779e6,Best Laptops Under 50000 India 2026: 16GB RAM & 13th Gen i5/Ryzen 7 Specs!,8018,"{""video_id"": ""Z15pEN0x3Dc"", ""channel"": ""REVIEW SHEVIEW"", ""published_time"": ""2 weeks ago""}"
2026-04-30,youtube,Consumer Tech India,Lenovo,Lenovo IdeaPad Slim 3 Review 2026 🔥 intel Core i5 13420H – Worth Buying?,https://www.youtube.com/watch?v=R84oFPge_SQ,user_a4b40e0642,Lenovo IdeaPad Slim 3 Review 2026 🔥 intel Core i5 13420H – Worth Buying?,5369,"{""video_id"": ""R84oFPge_SQ"", ""channel"": ""OZONE TECH"", ""published_time"": ""2 weeks ago""}"
2026-05-13,youtube,Consumer Tech India,Other,"Best Laptop Under 60000 in 2026 🔥 Laptops for Students, Gaming & Coding",https://www.youtube.com/watch?v=0_GcvBhlyNs,user_8c5a6cf979,"Best Laptop Under 60000 in 2026 🔥 Laptops for Students, Gaming & Coding",4611,"{""video_id"": ""0_GcvBhlyNs"", ""channel"": ""MR KNOWN"", ""published_time"": ""1 day ago""}"
2026-05-13,youtube,Consumer Tech India,HP,HP Launches 20+ AI Products in India 🇮🇳 | New Android Tablet & Keyboard PC Revealed,https://www.youtube.com/watch?v=MTcyT6nsSlA,user_159d4c6e4a,HP Launches 20+ AI Products in India 🇮🇳 | New Android Tablet & Keyboard PC Revealed,4212,"{""video_id"": ""MTcyT6nsSlA"", ""channel"": ""BR Tech Films"", ""published_time"": ""1 day ago""}"
2026-04-14,youtube,Consumer Tech India,Dell,Dell G15 FAQ  -  Best Laptop under 70000 ?,https://www.youtube.com/watch?v=rE7EGAKgk7M,user_14893779e6,Dell G15 FAQ - Best Laptop under 70000 ?,2071,"{""video_id"": ""rE7EGAKgk7M"", ""channel"": ""REVIEW SHEVIEW"", ""published_time"": ""1 month ago""}"
2026-04-14,reddit,Consumer Tech India,Lenovo,This happened with me literally today in Poorvika.,https://reddit.com/r/GadgetsIndia/comments/1slaf0v/this_happened_with_me_literally_today_in_poorvika/,user_63a7e75fe2,"This happened with me literally today in Poorvika. sry for my bad english guys So, what happened is yesterday I saw this video, and I don't know whether it's the same case with me or not but I am writing this just because I saw that video. Today, I bought a Lenovo Slim Pad 5 from Poorvika. Bought this literally three hours ago. The video came up on my page just before the purchase, and I got to know what's happening in the market. After I purchased the laptop, I checked the warranty by entering the serial number on Lenovo's official website. As said, I bought it today, but the warranty had already started on February 19, which is 55 days ago. The product was sealed and they opened it in front of me. I asked them why the warranty had started 55 days ago. They said, No problem, we will start the warranty from today don't worry. I asked them again, but they were not giving proper reasons and started arguing with me. Then I checked the battery cycle count. It was 29, which I don't think is normal for a new laptop. I mean 29 cycle counts,how is that even possible for a new laptop? So I'm just sharing this experience with you guys. I also asked the shop manager and head, but he started arguing, saying it's a brand new laptop and nothing is wrong. I also asked them to provide an official email from their head office stating that the warranty had started 55 days ago. I needed this statement so that I could file a consumer case or something like that. But they refused and kep",1101,"{""subreddit"": ""GadgetsIndia"", ""num_comments"": 114, ""type"": ""post""}"
2026-04-14,youtube,Consumer Tech India,Dell,🔥Best Dell Laptop Under 🔥60000 In 2026⚡|Top 5 Best Dell  laptop in 2026|Under 60K 💥best laptop 2026 ,https://www.youtube.com/watch?v=v3G-hrKPUJE,user_0ec44cdf03,🔥Best Dell Laptop Under 🔥60000 In 2026⚡|Top 5 Best Dell laptop in 2026|Under 60K 💥best laptop 2026,1081,"{""video_id"": ""v3G-hrKPUJE"", ""channel"": ""System Needs Indore "", ""published_time"": ""1 month ago""}"
2026-04-14,youtube,Consumer Tech India,Lenovo,Lenovo Idea Tab Pro Full Review 🔥 Best Budget Tablet 2026?,https://www.youtube.com/watch?v=OlQ0Yw13Gso,user_5f3454442c,Lenovo Idea Tab Pro Full Review 🔥 Best Budget Tablet 2026?,760,"{""video_id"": ""OlQ0Yw13Gso"", ""channel"": ""LAPTOP REVIEW MASTER"", ""published_time"": ""1 month ago""}"
2026-05-11,reddit,Consumer Tech India,Lenovo,When Framework is coming to India?,https://reddit.com/r/IndianGaming/comments/1ta9luj/when_framework_is_coming_to_india/,user_5b66254188,"When Framework is coming to India? I mean, the CEO is Indian-American, but his laptop isn't available for sale in India yet. Any ETA for how much it will take for the Indian market? The product is so top-notch that if it were available in India, I would prefer it over my Lenovo laptop; it is so modular. Also, the company is a supporter of CachyOS (Linux)",459,"{""subreddit"": ""IndianGaming"", ""num_comments"": 69, ""type"": ""post""}"
2026-05-12,reddit,Consumer Tech India,Apple,Received my OPPO Find X9 at 52.2k,https://reddit.com/r/GadgetsIndia/comments/1tax3e2/received_my_oppo_find_x9_at_522k/,user_cc86bd149e,Received my OPPO Find X9 at 52.2k Check my original post. Sorry for late post. Received it on 4th May. It was shipped by delhivery and they don't have open box policy. So keep it in mind. They just handover packet to you and it's done. Phone feels excellent in hand and use. Upgrading from Poco M6 Plus this feels like rocket. Even my wife's Iphone 15 feels slow. Cameras are good. In hand feel awesome. Yet to open the Oppo Enco earbuds that got free with it. Feel free to ask questions.,200,"{""subreddit"": ""GadgetsIndia"", ""num_comments"": 123, ""type"": ""post""}"
2026-05-10,reddit,Consumer Tech India,ASUS,ROG XBOX Ally X,https://reddit.com/r/IndianGaming/comments/1t8rhjq/rog_xbox_ally_x/,user_47c6105668,"ROG XBOX Ally X Currently travelling to Hong Kong and just bought this Handheld for ₹87,000. Before buying i checked the in india and it turned out to be ₹1,39,990. Such a big price difference even after the indian rupee at all times low. It comes with 1 year international warranty. It sucks to pay a premium on almost everything related to gaming in india.",188,"{""subreddit"": ""IndianGaming"", ""num_comments"": 45, ""type"": ""post""}"
2026-04-14,youtube,Consumer Tech India,HP,"Top 3 Best HP Laptops under ₹50,000 in 2026",https://www.youtube.com/watch?v=jwVwraGyuaI,user_fe0ddcf8b0,"Top 3 Best HP Laptops under ₹50,000 in 2026",178,"{""video_id"": ""jwVwraGyuaI"", ""channel"": ""GadgetGeeks"", ""published_time"": ""1 month ago""}"
2026-05-11,reddit,Consumer Tech India,ASUS,Asus appreciation post,https://reddit.com/r/GadgetsIndia/comments/1t9ssqe/asus_appreciation_post/,user_7b74386332,"Asus appreciation post Huge appreciation to ASUS for their free laptop health checkup service Took my laptop in expecting just a basic check, but they went above and beyond. They cleaned the fans and internal dust, replaced the thermal paste, thoroughly checked the system, and even fixed my WiFi issue — all completely free of cost. To top it off, they even gave me a free ROG mug It’s small gestures and good customer service like this that genuinely make you want to stick with the same brand again in the future. Respect where it’s due",158,"{""subreddit"": ""GadgetsIndia"", ""num_comments"": 35, ""type"": ""post""}"
2026-05-10,reddit,Consumer Tech India,Apple,iPhone 17 at 63k. Is it a good deal or should I wait for bbd sale?,https://reddit.com/r/GadgetsIndia/comments/1t8yxqd/iphone_17_at_63k_is_it_a_good_deal_or_should_i/,user_8df8f5a954,iPhone 17 at 63k. Is it a good deal or should I wait for bbd sale?,104,"{""subreddit"": ""GadgetsIndia"", ""num_comments"": 46, ""type"": ""post""}"
2026-05-09,reddit,Consumer Tech India,Apple,Got really good quality first copy iPhone 16 cases for just ₹200 each from flipkart,https://reddit.com/r/GadgetsIndia/comments/1t88l3x/got_really_good_quality_first_copy_iphone_16/,user_cc201a4190,Got really good quality first copy iPhone 16 cases for just ₹200 each from flipkart,88,"{""subreddit"": ""GadgetsIndia"", ""num_comments"": 37, ""type"": ""post""}"
2026-05-11,reddit,Consumer Tech India,Dell,Got My First Laptop. What Should I Do Next?”,https://reddit.com/r/laptops/comments/1ta1r1t/got_my_first_laptop_what_should_i_do_next/,user_dfbeff0c34,"Got My First Laptop. What Should I Do Next?” Finally, I got my laptop. It’s a Dell Inspiron 15 3535 with an AMD Ryzen 5 7520U, 8GB RAM, and 512GB SSD.) My family bought it for me, and it cost around ₹50,000 because we purchased it offline from a showroom. I had suggested getting a ThinkPad since it seemed better, but they said getting a proper 1-year warranty would be difficult. Now I’m happy with this one.🙂🥀 This is my first laptop, so I’m a bit confused about what to do next. Right now, I mostly use it for web browsing and playing games So now you guys suggest what I should do next.”.",59,"{""subreddit"": ""laptops"", ""num_comments"": 84, ""type"": ""post""}"
2026-05-10,reddit,Consumer Tech India,ASUS,Asus Zenbook 14 OLED Review (UM3406) - An x86 MacBook Air Alternative?,https://reddit.com/r/laptops/comments/1t9155z/asus_zenbook_14_oled_review_um3406_an_x86_macbook/,user_e25fe2ac7e,"Asus Zenbook 14 OLED Review (UM3406) - An x86 MacBook Air Alternative? Recently bought an Asus Zenbook 14 as my gaming laptop had died and I was looking for an ultraportable laptop with a good display and decent battery life which was \*not\* a mac (you've no idea how hard it is to get recommendations with this constraint) I settled on the Zenbook 14 with the following specs (UM3406KA-PP240WS): * AMD Ryzen AI 340 CPU * 3K OLED 120 Hz display * 75Wh battery * 1.2kg total weight # Battery Life This was one of my primary worries when I bought this laptop because I could not find a lot of good reviews for my particular combination of specs (the oled screen and ryzen cpu). HWiNFO reported an average total power draw of -8W for casual browsing which spikes upto 11-12 when watching a 1080p YouTube video. The casual browsing estimates are 9-10 hours and the youtube video estimates are 7-8 Hours. Expect mixed usage to be somewhere between this. Note that these readings were taken with the screen at 70% brightness and 60hz and the fans on whisper mode. If you lower your brightness, you would likely get a better backup. If battery performance is a dealbreaker for you, you should consider getting the variant with the 1080p 60hz display as that would increase the life significantly at the cost of visual fidelity. # Display On the topic of the display, is it just gorgeous. It's a 3K ASUS Lumina OLED panel that comes with a factory calibrated color profile baked into the system, it",55,"{""subreddit"": ""laptops"", ""num_comments"": 16, ""type"": ""post""}"
2026-05-10,reddit,Consumer Tech India,Apple,BSNL FTTH Latency with GeForce now  India ..!!,https://reddit.com/r/IndianGaming/comments/1t99nde/bsnl_ftth_latency_with_geforce_now_india/,user_60fe75a156,"BSNL FTTH Latency with GeForce now India ..!! Anyone here used Bsnl fiber for cloud gaming. Want to Install Fiber Connection for Daily use and Cloud gaming. I am from North India (Himachal Pradesh) .Only Wired option available in my Area Is BSNL Fiber. Don't want to Install Jio/ Airtel Air fiber Bcz of ping issue in gaming. How's the routing of Bsnl for gaming. Please mention your state, latency and ISP.",55,"{""subreddit"": ""IndianGaming"", ""num_comments"": 12, ""type"": ""post""}"
2026-05-03,reddit,Consumer Tech India,Apple,"Delightful, a free gratitude journal I’ve been building for 10 years",https://reddit.com/r/apple/comments/1t2x1q7/delightful_a_free_gratitude_journal_ive_been/,user_264dc171b1,"Delightful, a free gratitude journal I’ve been building for 10 years I’m the developer of [Delightful, a gratitude journal for iOS]( Here’s the story of how it came to be, something I haven’t shared in this much detail anywhere. In 2014 I was depressed and going through a really hard time. I quit my first job out of college, moved back in with family, and tried to figure out who I was. I read a lot of psychology books trying to understand myself. Around then, someone introduced me to Treehouse, an online platform for learning to code. I got my first MacBook Air, my first Apple device beyond an iPod, and fell in love with it. That same year I flew to Mexico to spend time with my father. He’d been deported when I was three, so I rarely saw him growing up. He had recently told me he was sick. I didn’t realize at the time it was cancer. I spent a month living with him in rural Mexico. It was one of the most influential trips of my life. He just believed in me and told me to trust myself. On that trip I read The Happiness Advantage, which introduced me to a positive psychology exercise called “three good things.” I started writing my daily good things in a long Evernote note on my phone. That’s when I got the app idea, and the catalyst to actually learn to code. The first version was a rough Android app called “Afewthings” (terrible name, I know). I shipped it and kept tinkering for years. My father passe",50,"{""subreddit"": ""apple"", ""num_comments"": 8, ""type"": ""post""}"
2026-05-13,reddit,Consumer Tech India,Apple,Should I get IdeaPad 5 2 in 1 or MacBook Neo for first laptop?,https://reddit.com/r/laptops/comments/1tcdi6h/should_i_get_ideapad_5_2_in_1_or_macbook_neo_for/,user_79f8545332,"Should I get IdeaPad 5 2 in 1 or MacBook Neo for first laptop? Hey guys! Okay, so I’m not very knowledgeable when it comes to computers. The only computer I’ve ever had (and still currently use, it’s my only computer) is a 2017 iMac. I was thinking about getting a MacBook Neo since I need a laptop cause I’m gonna be going to uni soon and it seems pretty cheap, it’s $500, and has good specs compared to my current computer. I looked at different laptop brands and models too in the store though. I came across this one IdeaPad 5 2 in 1 and I’m pretty sure the specs are better but it’s $679, so it’s more expensive 😔. I’m not very knowledgeable when it comes to computers though and I lowkey don’t know what all those numbers and stuff mean in the specs so I wanted to get advice from u guys about difference in performance between these computers. Is the Neo or IdeaPad better when it comes to specs? ALSO, I wanna be able to use OBS while playing like Minecraft and Roblox and I want my laptop to be able to run Davinci resolve. Also, I want the battery life to be like at least 4 hours. Ty for the advice❤️🥺",49,"{""subreddit"": ""laptops"", ""num_comments"": 110, ""type"": ""post""}"
2026-05-13,reddit,Consumer Tech India,Apple,worth buying?,https://reddit.com/r/GadgetsIndia/comments/1tbzo1u/worth_buying/,user_a2dbf2e846,"worth buying? Is it worth buying iPhone 15 || 256gb || battery health 92% || at 38k , (from my friend)?",48,"{""subreddit"": ""GadgetsIndia"", ""num_comments"": 50, ""type"": ""post""}"
2026-05-09,reddit,Consumer Tech India,Lenovo,Why doesn't lenovo or any brand make these high functioning compact keyboards anymore?,https://reddit.com/r/IndianGaming/comments/1t80ygu/why_doesnt_lenovo_or_any_brand_make_these_high/,user_2907ae026b,"Why doesn't lenovo or any brand make these high functioning compact keyboards anymore? I've been looking for portable Bluetooth keyboards less than 15 inch in length along with 2.4 ghz connectivity so I can carry them in my laptop bag. I'd be happy to have the numpad as well but the length should be under 15 inch with full size arrow keys. Due to reliability issues in portronics, and other new brands, I'm looking at traditional companies offering a high reliability bluetooth keyboard in India. Any recommendations would be helpful",42,"{""subreddit"": ""IndianGaming"", ""num_comments"": 17, ""type"": ""post""}"
2026-04-14,reddit,Consumer Tech India,Lenovo,Upgraded all my primary gadgets,https://reddit.com/r/GadgetsIndia/comments/1sl5bk1/upgraded_all_my_primary_gadgets/,user_f74de48bb7,Upgraded all my primary gadgets From Asus Zenbook 13 to Lenovo Yoga Pro 7i From Galaxy S22 Ultra to Galaxy S26 Ultra From XM4 to XM6,38,"{""subreddit"": ""GadgetsIndia"", ""num_comments"": 49, ""type"": ""post""}"
2026-04-04,reddit,Consumer Tech India,Lenovo,Lenovo took payment for an item they never delivered — still no refund 17 years later,https://reddit.com/r/Lenovo/comments/1sc2nam/lenovo_took_payment_for_an_item_they_never/,user_6a717f1bae,"Lenovo took payment for an item they never delivered — still no refund 17 years later In December 2007, I ordered a ThinkPad X61 directly from Lenovo (order #4240001350). The order included a few items, one of which was an additional 4-cell battery that I paid CAD $169 for ($250 today after inflation). The laptop and everything else arrived, but the battery never did. I still have the original order confirmation showing that it was included and paid for. I contacted Lenovo about it and followed up multiple times over the years, but never got anywhere. I was passed between departments and never given a proper resolution. In 2011, Lenovo finally responded to say they wouldn’t compensate me because it wasn’t raised in a “timely manner.” That response didn’t really address the actual issue, which is that this wasn’t a warranty claim — it was a paid item that was never delivered in the first place. At this point, it’s been 17 years. Lenovo has kept the money, never supplied the item, and hasn’t resolved it despite clear documentation. Has anyone else dealt with something like this with Lenovo or other manufacturers, where an item just never arrived and they refused to address it?",32,"{""subreddit"": ""Lenovo"", ""num_comments"": 30, ""type"": ""post""}"
2026-05-10,reddit,Consumer Tech India,HP,HP laptop ( can i save it ),https://reddit.com/r/laptops/comments/1t921pt/hp_laptop_can_i_save_it/,user_0ff8e4a22f,"HP laptop ( can i save it ) Had this laptop for a few years. Basically the wire that connects the keyboard ( motherboard / like the entire back plate of the laptop ) and the screen is broken. ( in the pic it might seem attached but there r 2 wires, one is broken) plus I accident scratched the CPU ( i was trying to harvest some parts ). The laptop has been to a service centre many times. atp idk if this laptop even worth saving. It’s an HP pavilion btw.",31,"{""subreddit"": ""laptops"", ""num_comments"": 41, ""type"": ""post""}"
2026-05-11,reddit,Consumer Tech India,Apple,Is battery replacement actually worth it?,https://reddit.com/r/GadgetsIndia/comments/1t9zw4e/is_battery_replacement_actually_worth_it/,user_36c6667a9d,"Is battery replacement actually worth it? I have an iphone 15, it is 2 years old and the battery is severely degrading. If I get the battery replaced, can I get another 2 years on the same phone?",30,"{""subreddit"": ""GadgetsIndia"", ""num_comments"": 35, ""type"": ""post""}"
2026-05-11,reddit,Consumer Tech India,HP,Got my first ever gaming laptop,https://reddit.com/r/IndianGaming/comments/1t9tpr9/got_my_first_ever_gaming_laptop/,user_7e13383c93,Got my first ever gaming laptop HP Victus Ryzen 7 210H Rtx 5050 8gb vram with 24gb ram/1tb storage. Got it for around 74k on flipkart. Any tips to optimise performance would be helpful What games should i play first :),24,"{""subreddit"": ""IndianGaming"", ""num_comments"": 15, ""type"": ""post""}"
2026-04-30,reddit,Consumer Tech India,HP,Lowkey I need help,https://reddit.com/r/laptops/comments/1szl0nz/lowkey_i_need_help/,user_aa400a8ee6,"Lowkey I need help LAPTOP QUESTIONNAIRE Total budget (in local currency) and country of purchase. Please do not use USD unless purchasing in the US: 1 lakh inr in INDIA Are you open to refurbs/used? Preferably not How would you prioritize form factor (ultrabook, 2-in-1, etc.), build quality, performance, and battery life? Should be durable enough to widstand basic travel as a foreign student, good performance for gaming and decent battery life to last a day's worth of classes in eco mode How important is weight and thinness to you? Not really important, but should be easily carriable and not just a 10kg brick of metal Do you have a preferred screen size? If indifferent, put N/A. Big enough for coding and gaming Are you doing any CAD/video editing/photo editing/gaming? List which programs/games you desire to run. Video editing (not priority), game coding, blender and running ai models locally on my laptop. If you're gaming, do you have certain games you want to play? At what settings and FPS do you want? Valorant (ik it's quite a light game) at 60+ fps preferably, minecraft, heavier games like battlefield at barely 60+ should work. Don't care about graphics as much as frames per second. But 0 graphics shouldn't be the case Any specific requirements such as good keyboard, reliable build quality, touch-screen, finger-print reader, optical drive or good input devices (keyboard/touchpad)? Keyboard shouldnt suck Leave any finishing thoughts here that you may feel a",23,"{""subreddit"": ""laptops"", ""num_comments"": 5, ""type"": ""post""}"
2026-05-13,reddit,Consumer Tech India,Apple,WHAT IS THE LOWEST PRICE ONE CAN GET THE X300/PRO/ULTRA AND X9/PRO/ULTRA AND MI 17 ULTRA AND HOW,https://reddit.com/r/GadgetsIndia/comments/1tblf0u/what_is_the_lowest_price_one_can_get_the/,user_14a0518686,WHAT IS THE LOWEST PRICE ONE CAN GET THE X300/PRO/ULTRA AND X9/PRO/ULTRA AND MI 17 ULTRA AND HOW What's the lowest price I can get these for without exchange Or should I w8 for x500 or x10 to launch?? And also what's the lowest price of xiamoi 17 ultra?? And would it be wise to get them over the iphone 17/18 pro??,23,"{""subreddit"": ""GadgetsIndia"", ""num_comments"": 15, ""type"": ""post""}"
2026-05-10,reddit,Consumer Tech India,Apple,Is Vedant Computers trustworthy for expensive PC components? Need honest experiences,https://reddit.com/r/IndianGaming/comments/1t95vok/is_vedant_computers_trustworthy_for_expensive_pc/,user_520319cf8e,"Is Vedant Computers trustworthy for expensive PC components? Need honest experiences Ordered around ₹60k worth of PC components from Vedant Computers (including a GPU), but now I’m getting a little worried about the legitimacy and overall experience. This is my first time ordering expensive PC hardware online, so naturally I’m overthinking stuff like: - getting faulty/open-box products - warranty issues - replacement/refund experience if something goes wrong I also came across a few Reddit accounts/posts that looked kinda suspicious or overly promotional, which made me even more doubtful. Would appreciate if people who have personally bought from Vedant could share their honest experience - good or bad. How was the packaging, warranty, product condition, and after-sales support? Attached image -",22,"{""subreddit"": ""IndianGaming"", ""num_comments"": 33, ""type"": ""post""}"
2026-04-14,reddit,Consumer Tech India,Apple,Setup of an Indian student living abroad,https://reddit.com/r/IndianGaming/comments/1sle66w/setup_of_an_indian_student_living_abroad/,user_38e5252cdf,"Setup of an Indian student living abroad My small setup as an indian student living in melbourne. I am studying masters of architecture, that’s why ipad and a screen. I didn’t built the pc because i neede the portability of an laptop. Specs - Laptop Lenovo LOQ i7 13650HX with rtx 4060 Screen KCL 27” 240 hz 2k monitor Keyboard Magegee 75% mechanical gaming keyboard Mouse logitech signature M650 Joystick Sony Ds5 Speaker Soundcore motion x500 Earphones Apple airpods 4 anc Watch Apple watch series 10 Ipad Ipad air m4 128 gb with apple pencil pro",18,"{""subreddit"": ""IndianGaming"", ""num_comments"": 28, ""type"": ""post""}"
2026-04-18,reddit,Consumer Tech India,Lenovo,Let's face it: Lenovo is shitware now.,https://reddit.com/r/Lenovo/comments/1soqvmk/lets_face_it_lenovo_is_shitware_now/,user_f9ac46cbab,"Let's face it: Lenovo is shitware now. I bought a Thinkpad (P16 G2) about 2 years ago w/ a three year warranty. I found out the hard way that: 1. Lenovo doesn't cover the battery under warranty after one year. 2. I have a warranty for three years. 3. The battery started going sideways after some vantage + winblows updates from July in November of last year (it had no issues until this update). 4. Lenovo support doesn't know that 'Power on AC' doesn't work if the battery is not being detected by the OS and suggested replacing the BOARD to fix the power on AC issue, depsite the battery issues. Dumb Ass Fucks!!!! 5. I replaced the battery, but vantage / windows on battery crashed until I discovered that the registry was changed from S3 to S1 power management. 6. Fuck Lenovo!! and their shitty ass, high priced OEM batteries, craptacular tech support, and generally just stupid wastes of my time (which includes having to replace the f'n battery myself despite the rest of the laptop being under f'n warranty)!!!!!",17,"{""subreddit"": ""Lenovo"", ""num_comments"": 44, ""type"": ""post""}"
2026-05-12,reddit,Consumer Tech India,Lenovo,Is it really worth the extra 200 dollars,https://reddit.com/r/laptops/comments/1tasxpx/is_it_really_worth_the_extra_200_dollars/,user_fc55e79862,"Is it really worth the extra 200 dollars Hi! Newbie here. Looking to buy my first ever gaming laptop. Is it really worth the extra 200 dollars for the Legion? I'll be using it for MS Office, casual browsing, dota 2 and cs2. I want it to last me 5 years.. I know the legion is better but Im not sure if the upgrade is worth it, given I'm not really into heavy heavy games. The LOQ feels like an overkill for my needs lol thoughts? LENOVO LOQ 2025 5060 15.6 CPU AMD Ryzen 7 250 GPU NVIDIA GeForce RTX 5060 (8GB, 100W TGP) I| IPS DISPLAY 15.6"" FHD IPS, 144Hz G-Sync (100% SRGB) STORAGE 512GM.2 NVMe PCle Gen 4 SSD RAM 16GB 2x8) 5600M Dual Channel DDR5 VS LENOVO LEGION 5 (RYZEN) CPU AMD Ryzen 7 260 GPU NVIDIA GeForce RTX 5060 (8GB, 115W TCP all DISPLAY 15.1"" WQXGA OLED, 165Hz (2560x1600p) STORAGE 512GB M.2 NVMe PCle Gen 4 SSD RAM 16GB (2x8GB) 5600Mhz Dual Channel DDR5",17,"{""subreddit"": ""laptops"", ""num_comments"": 30, ""type"": ""post""}"
2026-05-10,reddit,Consumer Tech India,Apple,Considering me joining IT job in a month what phone you guys suggest me to buy. Vivo x200T for 36k or iPhone 17 for 56k ,https://reddit.com/r/GadgetsIndia/comments/1t8vx6h/considering_me_joining_it_job_in_a_month_what/,user_4486828782,Considering me joining IT job in a month what phone you guys suggest me to buy. Vivo x200T for 36k or iPhone 17 for 56k after exchange. ... Edit: I'm a hardd vivo &amp; iqoo fan and user from 8 years(4 phones tho). Tho I'm still getting tempted by the x200T... I wanna use compact phone and try some new OS and UI. But but got used to 120W charger &amp; 5500mah batteries... Can't say I'll easily adapt iPhone😭,14,"{""subreddit"": ""GadgetsIndia"", ""num_comments"": 22, ""type"": ""post""}"
2026-05-09,reddit,Consumer Tech India,Lenovo,PLEASE I NEED YOUR HELP !,https://reddit.com/r/IndianGaming/comments/1t7vjv7/please_i_need_your_help/,user_a0d9d6f34e,PLEASE I NEED YOUR HELP ! [Previous Post Please read]( As I had conveyed in my previous post lenovo is denying any service and replacement of my laptop and even after a consumer forum complaint they are not taking any action at all. They are still classifying my case as normal while it is most definitely not. I need your guys help in spreading this post to aware others and help me get what I paid for. And please this is not a karma farm post so upvote and leave a comment for better reach. I have used the news flair so it reaches more people mods please don't remove it. And for people looking to buy lenovo based on service and product quality please don't there are many others suffering just like me with conditions even worse than mine. [Post on r/legaladviceindia for even more context](,12,"{""subreddit"": ""IndianGaming"", ""num_comments"": 3, ""type"": ""post""}"
2026-05-13,reddit,Consumer Tech India,ASUS,Nintendo Switch- Freed from shackles or Rog ally Z1E battery modded,https://reddit.com/r/IndianGaming/comments/1tc6dgw/nintendo_switch_freed_from_shackles_or_rog_ally/,user_08dcb3db7c,"Nintendo Switch- Freed from shackles or Rog ally Z1E battery modded Hey guys, I am a bit torn between buying a rog ally Z1E with bazzite OS and getting a battery upgrade for 74wh and Buying a switch oled and shackle less it as I can’t afford to pay 4-5k for games (that run tbh quite awfully) also theres a moral side towards the rog ally as I want to support the devs. Switch exclusive games dont really interest me, prolly gonna play 3rd party games on it plus ik abt the stick drift issue with the joycons so add another 10k for hall effect splitpad as an accessory All in all- New switch oled with all the stuff costs ₹50k Rog ally with battery mod costs- ₹45k",9,"{""subreddit"": ""IndianGaming"", ""num_comments"": 35, ""type"": ""post""}"
2026-04-22,reddit,Consumer Tech India,Lenovo,Does anyone know what this component is on my laptop board?,https://reddit.com/r/Lenovo/comments/1ssv4eu/does_anyone_know_what_this_component_is_on_my/,user_defc7a150a,"Does anyone know what this component is on my laptop board? So this is right next to where the battery cable plugs into the board on my Lenovo Legion 5 Slim 16ARP9. My stupid self accidentally bridged the gap between it and the battery with a metal screwdriver because I was in a hurry to pop my battery out and swap in ram. It's a total rookie mistake I know I should have used something plastic. The component fizzled and smoked, but the laptop started up after and I was able to game without issue. Any ideas what this is and if it is crucial?",8,"{""subreddit"": ""Lenovo"", ""num_comments"": 3, ""type"": ""post""}"
2026-05-12,reddit,Consumer Tech India,ASUS,"Should I ditch my 43"" 4K 60Hz MI TV for a BenQ EW270Q 27"" QHD 200Hz?",https://reddit.com/r/IndianGaming/comments/1tb2l28/should_i_ditch_my_43_4k_60hz_mi_tv_for_a_benq/,user_e5e16f85a9,"Should I ditch my 43"" 4K 60Hz MI TV for a BenQ EW270Q 27"" QHD 200Hz? Hey everyone, need some genuine advice from people who've actually dealt with this dilemma. My current setup: • CPU: Ryzen 5 5600 • GPU: ASUS Dual Radeon RX 7600 EVO OC 8GB • RAM: 16GB DDR4 3200MHz dual-channel • Storage: 1TB NVMe SSD • Display: MI 43"" 4K TV @ 60Hz (used as monitor) Games I play:Forza Horizon 5 (and FH6 dropping next week), Far Cry series, GTA 5, Cyberpunk 2077, RDR2 occasionally. So it's a mix of open world racing/exploration and FPS titles. The situation:My office gave me a ₹24k WFH allowance — can spend it on monitor, desk, chair, keyboard, headphones, etc. I also plug my office laptop into my display for work, and I genuinely prefer a big screen for productivity. What I'm thinking of getting: 1. BenQ EW270Q — 27"" QHD 1440p, 200Hz IPS (~₹18k) 2. Cellbell ergonomic chair (~₹4,500–5,000 after card discounts) 3. Mechanical keyboard (~₹3–4k) Total comes to ~₹26-27k so I'd be putting in ₹2-3k from my own pocket. The confusion: Going from a 43"" 4K TV to a 27"" 1440p monitor feels like a big downgrade in screen size and resolution on paper. But I know 60Hz on a TV is pretty painful for FPS games and fast-paced racers. The BenQ EW270Q has 200Hz + 1ms response time which should make Cyberpunk, Far Cry and Forza feel way smoother. It also has USB-C 65W which is perfect for connecting my office laptop cleanly. On the other hand — should I just keep the TV, get a good chair + desk + keyboard setup, an",8,"{""subreddit"": ""IndianGaming"", ""num_comments"": 17, ""type"": ""post""}"
2026-05-12,reddit,Consumer Tech India,Acer,My Experience with the Aspire 14 AI Copilot+ PC,https://reddit.com/r/laptops/comments/1tal8l2/my_experience_with_the_aspire_14_ai_copilot_pc/,user_0115b0d9dc,My Experience with the Aspire 14 AI Copilot+ PC This laptop has a Intel Core Ultra 7 256V 2.2GHz and 16GB LPDDRX Onboard RAM and 1TB NVMe M.2 SSD and this is a part of intels ARC series. I got this for 550$ but currently it is 600$ And this laptop has met my needs so well. Im a student and this easily crushes that part but I also edit videos and I will say there is some stuttering there but it still gets the job done. I also play games such as Minecraft Rocket League REPO RV There Yet and Sons of the Forest. It handles all those games easy without stress other than Sons of the Forest because that game has quite the graphics. But its still playable. The battery life is so good on this MacBook's are still better but this thing is comparable to it. Gaming at max utilization it lasts about 2 hours but just doing school and watching videos it lasts up to 20 hours. And unplugged this only loses 10% performance. The ARC graphics are comparable to a Rtx 3050. This Laptop has been so nice to have when I travel because it usable and I already have a main rig but this still works well. All in all I love this laptop. The Link is here [,8,"{""subreddit"": ""laptops"", ""num_comments"": 8, ""type"": ""post""}"
2026-05-08,reddit,Consumer Tech India,ASUS,Games to play before Death,https://reddit.com/r/IndianGaming/comments/1t76c86/games_to_play_before_death/,user_39e6201808,Games to play before Death Made this list during some dark times in life back in 2024 and kept adding to it. This is the current list. **Any recommendations to add to the list?** 👑 - Would recommend to anyone ✅ - Completed 🟦 - Currently playing 🟡 - Stopped in between due to one reason or another Half Life Alyx ✅ 👑 Gunman Contracts VR✅ Boneworks✅ Black Myth Wukong✅ Infamous second son✅ Arizona Sunshine 2✅ Metro VR COD Black Ops Cold War✅ COD MW III remake✅ COD Black Ops 6✅ Cyberpunk 2077 &amp; Phantom Liberty 🟡 Hi-Fi Rush ✅ Warhammer 40k Space Marine 2 Hitman World of Assassination✅ Bloodborne 🟡 Marvel's Spider-man 2 Stellar Blade 🟡 Final Fantasy 16 Hard bullet Order 1886 ✅ S.T.A.L.K.E.R. 2: Heart of Chornobyl 🟡 Indiana Jones &amp; the Great Circle ✅ Returnal Split Fiction ✅ It takes two ✅ Duck season South of Midnight Elder Scrolls IV: Oblivion Doom The Dark Ages 🟡 Elden Ring Nightreign The First Berserker Khazan 🟡 Lies of P &amp; Overture ✅ 👑 The Last of Us Part 2 ✅ Clair Obscur: Expedition 33 ✅👑 Bonelabs Turbo Overkill I am your beast ✅ Mafia The Old Country ✅ Wuchang Fallen Feathers Hollow Knight Silksong ✅ 👑👑 Terminator: Resistance Warhammer 40k: Darktide Industria Alien rogue incursion Hades II Arken Age Ghost Town Marvel's Deadpool VR The Midnight Walk (VR) Shinobi: Art of Vengeance Absolum Dispatch ✅ Ghost of Yotei ✅ Uncharted 1 to 4 ✅ Shadow of doubts Disco Elysium Bloodstained Spiritfarer Outer Worlds,8,"{""subreddit"": ""IndianGaming"", ""num_comments"": 22, ""type"": ""post""}"
2026-04-18,reddit,Consumer Tech India,Lenovo,Should I replace my charger?,https://reddit.com/r/Lenovo/comments/1sou57u/should_i_replace_my_charger/,user_63bbc724d4,"Should I replace my charger? I have a Lenovo IdeaPad &amp; I think this damage has been on the cable for a few years. It’s just in this one place. My OCD is pretty bad today and I’m not very good with understanding cables and what is damage or just cosmetic, do you think I need to replace the charger? Thanks!",8,"{""subreddit"": ""Lenovo"", ""num_comments"": 38, ""type"": ""post""}"
2026-05-03,reddit,Consumer Tech India,HP,"Intel vs AMD, same specs, costing me around 80 dollars more. Is there a difference?",https://reddit.com/r/laptops/comments/1t2cqw1/intel_vs_amd_same_specs_costing_me_around_80/,user_3b9596a42c,"Intel vs AMD, same specs, costing me around 80 dollars more. Is there a difference? I am thinking of buying this DELL laptop, but the price difference for just having Intel vs AMD processor and graphics is making it more than 10 percent expensive. Is there any real difference here? I have had all shit laptops from HP, and broke 4 laptops in 4 years. (old macbook, HP something, HP two fifty and my current HP one, which is held together by tape because of hinge issue, with 20 percent of screen white. Am I missing something here? I don't know much about brandss. The price difference is **₹66,790.00(intel)(703.72 USD) VS ₹58,290.00(AMD)(614.16 USD)** My local cyber cafe &amp; PC guy is heavily biased against AMD, but he doesn't know anything about PCs, given he had told me my laptop was dead but I fixed idk what and its still running 8 months after.",7,"{""subreddit"": ""laptops"", ""num_comments"": 26, ""type"": ""post""}"
2026-05-08,reddit,Consumer Tech India,HP,WiFi is a ghost but Bluetooth is fine? Intel AX210 upgrade struggle on HP Pavilion (Ryzen 4500U),https://reddit.com/r/laptops/comments/1t72ubb/wifi_is_a_ghost_but_bluetooth_is_fine_intel_ax210/,user_a5a2ff9dc2,"WiFi is a ghost but Bluetooth is fine? Intel AX210 upgrade struggle on HP Pavilion (Ryzen 4500U) Hey everyone, I’m reaching out because I’ve spent the last 48 hours fighting with my laptop and I’m officially losing it. I have an **HP Pavilion 15-eh0006nf** (Ryzen 5 4500U). I decided to ditch the crappy Realtek card for an **Intel AX210 NGW**. **The weirdness:** • **Bluetooth works perfectly.** It was recognized instantly, and I can connect devices. • **WiFi is non-existent.** In Device Manager, it’s either an ""Unknown Device"" or it shows ""Intel(R) Wi-Fi 6E AX210"" with a **Code 10 (Device cannot start)**. **What I’ve already tried:** • **Driver warfare:** I tried the official Intel .exe installers, but I also tried downloading the **.zip versions** to manually force the .inf files through Device Manager. Windows says they are installed, but the card just won't start. • **Power Reset:** Did the ""60-second power button hold"" trick to drain the capacitors. • **BIOS Settings:** Disabled Fast Boot and Secure Boot. • **Driver Settings:** Changed ""MIMO Power Save Mode"" to ""No SMPS"". • **Antenna:** My laptop only has one black antenna cable connected to the MAIN terminal (typical HP Pavilion quirk), but that shouldn't cause a Code 10, right? I’ve read that Ryzen 4000 series CPUs and the AX210 have some serious PCIe handshake issues on certain HP motherboards. **Has anyone actually bypassed this Code 10?** Is there some obscure BIOS setting I’m missing, or is",7,"{""subreddit"": ""laptops"", ""num_comments"": 51, ""type"": ""post""}"
2026-05-09,reddit,Consumer Tech India,Apple,[India] Need a Windowslaptop under 70k,https://reddit.com/r/SuggestALaptop/comments/1t823m4/india_need_a_windowslaptop_under_70k/,user_f32d2ef6bd,"[India] Need a Windowslaptop under 70k Hi guys , I need a laptop below 70000 to buy soon, I am not looking for a MacBook. I want a windows laptop. My requirements- I don't want a gaming laptop. I want a thinner and light weight laptop that is fast, and performs well . I am okay purchasing a smaller sized laptop 13/13.5 inches works. I don't want to play any hardcore games but Roblox is fine . I want a good video quality to watch lectures. I would love a fast and durable laptop. The best one under this budget. Thanks guys!",7,"{""subreddit"": ""SuggestALaptop"", ""num_comments"": 8, ""type"": ""post""}"
2026-05-10,reddit,Consumer Tech India,HP,Looking to buy a laptop for my mother,https://reddit.com/r/SuggestALaptop/comments/1t9c5qf/looking_to_buy_a_laptop_for_my_mother/,user_8a57da592b,"Looking to buy a laptop for my mother * **Total budget (in local currency) and country of purchase. Please do not use USD unless purchasing in the US:** R$ 3.000 * **Are you open to refurbs/used?** No, has to be new. * **How would you prioritize form factor (ultrabook, 2-in-1, etc.), build quality, performance, and battery life?** It needs to be reliable and long-lasting, preferably with a good enough battery. There is no usecase for high performance requirements. * **How important is weight and thinness to you?** It is definitely a plus. * **Do you have a preferred screen size? If indifferent, put N/A.** N/A but would rather not have a smaller than average screen. * **Are you doing any CAD/video editing/photo editing/gaming? List which programs/games you desire to run.** No games or editing, just regular browsing and file storage. * **If you're gaming, do you have certain games you want to play? At what settings and FPS do you want?** No gaming usecases. * **Any specific requirements such as good keyboard, reliable build quality, touch-screen, finger-print reader, optical drive or good input devices (keyboard/touchpad)?** Build quality and reliability is the most important factor. All the others are nice-to-haves. * **Leave any finishing thoughts here that you may feel are necessary and beneficial to the discussion.** My mother wants a personal laptop to use and store important files - she had been using a work-issued computer but she'll be retiring but still have the need t",6,"{""subreddit"": ""SuggestALaptop"", ""num_comments"": 7, ""type"": ""post""}"
2026-05-08,reddit,Consumer Tech India,HP,Looking for a laptop as a student,https://reddit.com/r/SuggestALaptop/comments/1t71ucp/looking_for_a_laptop_as_a_student/,user_06aead504a,"Looking for a laptop as a student **Total budget (in local currency) and country of purchase. Please do not use USD unless purchasing in the US:** 1 lakh to 1.10 lakh INR. Country of purchase is India. **Are you open to refurbs/used?** Not open to used or refurbished laptops **How would you prioritize form factor (ultrabook, 2-in-1, etc.), build quality, performance, and battery life?** Battery life and performance are prioritised **How important is weight and thinness to you?** Weight and thinness can be a deciding factor but not prioritised **Do you have a preferred screen size?** Preferably 13 inches or over **Are you doing any CAD/video editing/photo editing/gaming? List which programs/games you desire to run.** Light basic games like Minecraft, valorant or fortnite **If you're gaming, do you have certain games you want to play? At what settings and FPS do you want?** Games like Minecraft, valorant and fortnite(may change in future) and not such high settings maybe at 60 fps **Any specific requirements such as good keyboard, reliable build quality, touch-screen, finger-print reader, optical drive or good input devices (keyboard/touchpad)?** N/A **Leave any finishing thoughts here that you may feel are necessary and beneficial to the discussion.** Im a student looking for a laptop for school work, project work, basic gaming(**i haven't played many pc games so idk may change my preference but still basic and mild games only)**, watching shows and movie",6,"{""subreddit"": ""SuggestALaptop"", ""num_comments"": 13, ""type"": ""post""}"
2026-05-13,reddit,Consumer Tech India,Apple,Suggest some phones for 50K inr.,https://reddit.com/r/GadgetsIndia/comments/1tc8wkv/suggest_some_phones_for_50k_inr/,user_6b7d1e40f6,Suggest some phones for 50K inr. I have been using oneplus nord 4 for 2 years now. I want to switch to a better phone should i go for iphone 15 or some android phone in the price range. Please suggest me some phones in this price range,6,"{""subreddit"": ""GadgetsIndia"", ""num_comments"": 11, ""type"": ""post""}"
2026-05-12,reddit,Consumer Tech India,Apple,Want phone recommendations . Max budget is 75k,https://reddit.com/r/GadgetsIndia/comments/1tb7gt4/want_phone_recommendations_max_budget_is_75k/,user_deddf74737,"Want phone recommendations . Max budget is 75k Hello everyone, I need phone recommendations . My max budget right now is 75k. Budget right now is not an issue for me , I am going with this budget as I dont feel anything more than this budget will actually be better , please do correct me if I am wrong. I also had questions from people who use Iphones , is it worth it , people around me are suggesting me to buy iphones but I dont feel the base versions are worth it , and spending 1.4 lacs on a mobile phone seems stupid. My major Use is just watching content and little bit of casual gaming . And good camera would be helpful. Please help a fellow out",6,"{""subreddit"": ""GadgetsIndia"", ""num_comments"": 19, ""type"": ""post""}"
2026-05-12,reddit,Consumer Tech India,Lenovo,"Lenovo Premium Care/EMEA Customer Care is the worst! Countless repairs, 0 solution",https://reddit.com/r/Lenovo/comments/1tb6igv/lenovo_premium_careemea_customer_care_is_the/,user_1186478011,"Lenovo Premium Care/EMEA Customer Care is the worst! Countless repairs, 0 solution I’m posting this here as a last resort before engaging consumer protection authorities. This has been the worst consumer experience of my entire life. I want this documented publicly. The hardware issues (present since purchase) After one year and a half, Legion Slim 7 Gen 8 had persistent issues: severe coil whine, CPU hitting 100.4°C, and fans cycling on and off continuously in idle. Repair attempt #1 I wanted to have my device repaired at home because I use it for both work and exams but the premium care told me it’s be better to send it back first to get a thorough diagnosis. Device sent to Lenovo’s repair center via Premium Care. Returned with the coil whine not even adressed and the fans/temperature issue not resolved. Repair attempts #2 and #3 I provided extensive documentation for each subsequent repair: videos, screenshots, thermal logs. Both repairs failed to resolve the original issues. During one of these interactions, a Lenovo technician himself described the device as a “lemon” — his words, not mine. Current situation After three failed repairs over six months, I escalated to EMEA Customer Care. Their response? Send the device to the repair center again for “evaluation and diagnosis.” THE SAME THING DONE FIRST!! WHAT A JOKE! The same process that has already failed three times. I have formally refused, demanding a real solution such as a replacement. And I’ll take",6,"{""subreddit"": ""Lenovo"", ""num_comments"": 8, ""type"": ""post""}"
2026-05-09,reddit,Consumer Tech India,Apple,Suggest me a laptop for 1.3L budget.,https://reddit.com/r/techIndia/comments/1t7sv44/suggest_me_a_laptop_for_13l_budget/,user_a3bc728c8d,Suggest me a laptop for 1.3L budget. I am going to join engineering college and idk my branch yet but I'm pretty sure that im not going to pursue chemE/MechE/Civil so which laptop should i buy Im highly considering Macbook air m5 16/512 as it is on sale on amazon. Please help me,6,"{""subreddit"": ""techIndia"", ""num_comments"": 11, ""type"": ""post""}"
2026-05-07,reddit,Consumer Tech India,ASUS,Need a all rounder laptop under 70k,https://reddit.com/r/SuggestALaptop/comments/1t6l529/need_a_all_rounder_laptop_under_70k/,user_bcd5bcc69d,Need a all rounder laptop under 70k So I have been thinking about getting a laptop for myself My budget is around 70k I want a good battery and display laptop I also want to game lightly If I can get a 3050 with oled 100% sRGB it would be great I have been thinking about getting this vivobook 16x So recommend me something for me I would really appreciate it Edit -: I meant 70k INR (indian rupees) around 750 dollar,5,"{""subreddit"": ""SuggestALaptop"", ""num_comments"": 2, ""type"": ""post""}"
2026-05-10,reddit,Consumer Tech India,Apple,"Built a free app to compare food delivery, quick commerce and cab prices in one place",https://reddit.com/r/GadgetsIndia/comments/1t9b5yu/built_a_free_app_to_compare_food_delivery_quick/,user_3a9a3187c3,"Built a free app to compare food delivery, quick commerce and cab prices in one place I recently added food delivery comparison to my app Comparify. The annoying part about ordering food isn’t just checking menu prices. The final amount can change a lot after delivery fees, platform fees, packaging charges, restaurant discounts and coupons. So Comparify now shows the final cart price after applying the best available coupons across: Zomato Swiggy Toing You can compare the actual payable amount, not just the listed item price. And once you find the cheaper option, the cart can be transferred in one tap, so you don’t have to manually rebuild the same order again. Comparify originally started as a quick commerce comparison app, then I added cab fares, and now food delivery is the newest addition. It currently compares: Food delivery: Zomato, Swiggy, Toing Quick commerce: Blinkit, Zepto, Instamart, JioMart, Flipkart Minutes, BigBasket, DMart, Amazon Now, DealShare Cabs: Uber, Ola, Rapido, Namma Yatri, Bharat Taxi Would love for people here to try it and tell me what feels broken/missing. Try it out here: [App Store]( [Play Store]( [Web](",5,"{""subreddit"": ""GadgetsIndia"", ""num_comments"": 6, ""type"": ""post""}"
2026-04-18,reddit,Consumer Tech India,Lenovo,New laptop under 80k INR,https://reddit.com/r/laptops/comments/1sor019/new_laptop_under_80k_inr/,user_cafbfca53d,"New laptop under 80k INR Lenovo LOQ Intel Core i5 12th Gen 12450HX (16 GB/512 GB SSD/Windows 11 Home/6 GB Graphics/NVIDIA GeForce RTX 4050) 151AX9/15IAX9D2 Gaming Laptop was suggested by my friend are there better options and this costs 73k inr I will buy it next month and yeah a one time payment too No emi I have a decent headset (hyper x cloud) all I need for peripherals are keyboard, mouse and a cooling pad Hope you guys suggest great",5,"{""subreddit"": ""laptops"", ""num_comments"": 19, ""type"": ""post""}"
2026-05-09,reddit,Consumer Tech India,Apple,Best Laptop around 60000,https://reddit.com/r/techIndia/comments/1t84oao/best_laptop_around_60000/,user_44533341c4,"Best Laptop around 60000 I've selected two laptops one is Moto Book 60 pro core ultra 5 and Macbook Neo, I want this laptop for long term use as for coding, designing etc. Which one of these is better? If any other suggestions pls tell.",5,"{""subreddit"": ""techIndia"", ""num_comments"": 10, ""type"": ""post""}"
2026-05-09,reddit,Consumer Tech India,Lenovo,Victus 5050 for 70k,https://reddit.com/r/IndianGaming/comments/1t8drli/victus_5050_for_70k/,user_de5ad4dc0d,"Victus 5050 for 70k So in the new flipkart sale, after putting all the discounts and cuts I'm getting the victus 5050 amd 7 260 for around 70k rupees. Do you think I should go for it or wait for maybe some other sale on loq or smth(buying for college). Edit: Also found legion 5 amd for arnd 88 so probably gonna go with that one since my only doubts with victus were for the build quality but don't have any problems with legion",5,"{""subreddit"": ""IndianGaming"", ""num_comments"": 6, ""type"": ""post""}"
2026-05-10,reddit,Consumer Tech India,ASUS,ASUS ROG Spatha X,https://reddit.com/r/IndianGaming/comments/1t8y77z/asus_rog_spatha_x/,user_fe7d9bf218,ASUS ROG Spatha X Hey i wanted to buy ASUS ROG Spatha X in india but everywhere I check the price is ₹30k for a $150 mouse. Has Anyone else bought it? If yes then from where and for how much?,5,"{""subreddit"": ""IndianGaming"", ""num_comments"": 9, ""type"": ""post""}"
2026-05-10,reddit,Consumer Tech India,Apple,"Confused between Find x9, x300 and Iphone 17",https://reddit.com/r/GadgetsIndia/comments/1t91hdn/confused_between_find_x9_x300_and_iphone_17/,user_4b97f581cf,"Confused between Find x9, x300 and Iphone 17 I am so confused, I like the camera of x300 but the UI is meh. When it comes to find x9, I like the overall build and UI but not the camera. When it comes to iphone the ui is good but camera is meh and there is so much limitations.",4,"{""subreddit"": ""GadgetsIndia"", ""num_comments"": 21, ""type"": ""post""}"
2026-05-12,reddit,Consumer Tech India,Lenovo,Should I Pull the Trigger? Lenovo Legion RTX 5060 on Flipkart,https://reddit.com/r/IndianGaming/comments/1tb53wv/should_i_pull_the_trigger_lenovo_legion_rtx_5060/,user_1a043fa202,Should I Pull the Trigger? Lenovo Legion RTX 5060 on Flipkart,4,"{""subreddit"": ""IndianGaming"", ""num_comments"": 14, ""type"": ""post""}"
2026-05-13,reddit,Consumer Tech India,Lenovo,"6 months, 3 repairs, 0 solution. Lenovo Premium Care insulted me personally. Their EMEA Customer Care does not care. Now",https://reddit.com/r/Lenovo/comments/1tc2pv8/6_months_3_repairs_0_solution_lenovo_premium_care/,user_1186478011,"6 months, 3 repairs, 0 solution. Lenovo Premium Care insulted me personally. Their EMEA Customer Care does not care. Now I’m suing them I’m posting this here after having engaged consumer protection authorities. This has been the worst consumer experience of my entire life. I want this documented publicly. The hardware issues (present since purchase) After one year and a half, Legion Slim 7 Gen 8 had persistent issues: severe coil whine, CPU hitting 100.4°C, and fans cycling on and off continuously in idle. Repair attempt #1 I wanted to have my device repaired at home because I use it for both work and exams but the premium care told me it’s be better to send it back first to get a thorough diagnosis. Device sent to Lenovo’s repair center via Premium Care. Returned with the coil whine not even adressed and the fans/temperature issue not resolved. Repair attempts #2 and #3 I provided extensive documentation for each subsequent repair: videos, screenshots, thermal logs. Both repairs failed to resolve the original issues. During one of these interactions, a Lenovo technician himself described the device as a “lemon” — his words, not mine. Current situation After three failed repairs over six months, I escalated to EMEA Customer Care. Their response? Send the device to the repair center again for “evaluation and diagnosis.” THE SAME THING DONE FIRST!! WHAT A JOKE! The same process that has already failed three times. I have formally refused, demanding a real solut",4,"{""subreddit"": ""Lenovo"", ""num_comments"": 4, ""type"": ""post""}"
2026-05-06,reddit,Consumer Tech India,Lenovo,HELP BHAI!!,https://reddit.com/r/GadgetsIndia/comments/1t5axfu/help_bhai/,user_781594cde0,"HELP BHAI!! I am confused between iPhone 13, Samsung S23 and Pixel 8. Usage - basic functions, Occasional vlogging and editing for Yt. musts - good *video camera*, smooth n premium UI exp., *128gb* storage min., using for minimum for **3 years**, impressive battery backup as would be shooting for whole day sometimes!! os - last phone was iPhone 11, sold it. Most of the work on Lenovo windows laptop. ps - buying a camera so bit tight on phone budget. But will use the camera-laptop combo for the whole workflow of bigger stuff, phone for casual vlogs and editing.",4,"{""subreddit"": ""GadgetsIndia"", ""num_comments"": 32, ""type"": ""post""}"
2026-04-16,reddit,Consumer Tech India,Lenovo,"Should I accept Lenovo's downgrade or switch? 2.8K OLED → WUXGA OLED (same price, worse specs)",https://reddit.com/r/laptops/comments/1smz0ef/should_i_accept_lenovos_downgrade_or_switch_28k/,user_beca15e062,"Should I accept Lenovo's downgrade or switch? 2.8K OLED → WUXGA OLED (same price, worse specs) I was previously going to get a lenovo yoga 7 2 in 1 with specs: • Amd Ryzen ai 7 350 • 32gb lpddr5x ram 7500 • 1 Tb pcie gen 4 • 2.8k resolution oled display with 100 dci p3, 120hz • it was a convertible with seashell colour looked stunning But then it went out of stock in india, but now I'm getting the same model with wuxga 1920x1200 display 60hz. Although it's not that great but I don't see any other options at this price It's costing me 1 lakh 6 thousand roughly $1,130 Question is there any other laptop which comes in this price range better than this one Use case: Coding, light gaming and video editing, multimedia and digital art lil bit.",4,"{""subreddit"": ""laptops"", ""num_comments"": 5, ""type"": ""post""}"
2026-05-10,reddit,Consumer Tech India,Acer,Pc Build with monitor in 2 lakhs,https://reddit.com/r/IndianGaming/comments/1t9fttm/pc_build_with_monitor_in_2_lakhs/,user_3fb9ecc399,"Pc Build with monitor in 2 lakhs Hi everyone i am planning to spend about 2 lakh rupees on a gaming PC in late august, seeing the RAM prices right now i was wondering about what kinds of builds i can expect for 1440p gaming and light multitasking on excel and bare minimum coding workflows on vsc. I am upgrading from an Acer Nitro 5 with 16GB RAM, RTX3050 4GB and i5 11th gen. Now there are a few things i want with the PC. 1. I want an AM5 build, seeing that AMD still supports AM4 builds i really want to go with AMD’s AM5 platform since it seems better for gaming which will be my primary use. 2. I want 32GB of DDR5 RAM, i know during times like these 32GB ram costs alot but since i am spending ample amounts i really want 32GB RAM. 3. It should include a 1440p monitor with high refresh rate and No i do not want an OLED i will upgrade to one after a two years Thats all from my side, thank you in advance to everyone who read this and helped out.",4,"{""subreddit"": ""IndianGaming"", ""num_comments"": 9, ""type"": ""post""}"
2026-05-12,reddit,Consumer Tech India,HP,Laptop recommendation (India - max budget 130000 rupees),https://reddit.com/r/laptops/comments/1tbdthv/laptop_recommendation_india_max_budget_130000/,user_25902f68c2,"Laptop recommendation (India - max budget 130000 rupees) **LAPTOP QUESTIONNAIRE** * **Total budget (in local currency) and country of purchase. Please do not use USD unless purchasing in the US:** INDIA and 130000 * **Are you open to refurbs/used?** no * **How would you prioritize form factor (ultrabook, 2-in-1, etc.), build quality, performance, and battery life?** performance is main while battery and build quality decent is good * **How important is weight and thinness to you?** not much important * **Do you have a preferred screen size? If indifferent, put N/A.** N/A * **Are you doing any CAD/video editing/photo editing/gaming? List which programs/games you desire to run.** mosstly for coding and like 2 or 3 triple AAA gaes per year * **If you're gaming, do you have certain games you want to play? At what settings and FPS do you want?** any triple game like ig rdr2 and good enough of an experience above 60 is ok to me * **Any specific requirements such as good keyboard, reliable build quality, touch-screen, finger-print reader, optical drive or good input devices (keyboard/touchpad)?** nah * **Leave any finishing thoughts here that you may feel are necessary and beneficial to the discussion.** I am a cse student specializing in AI and ML who will mostly watch videos and movies, studying coding and play 2 or 3 games a year",4,"{""subreddit"": ""laptops"", ""num_comments"": 2, ""type"": ""post""}"
2026-05-01,reddit,Consumer Tech India,Lenovo,Why is buying a gaming laptop under ₹88k in India this frustrating? I genuinely can’t decide anymore.,https://reddit.com/r/IndianGaming/comments/1t0y5jo/why_is_buying_a_gaming_laptop_under_88k_in_india/,user_db89638e68,"Why is buying a gaming laptop under ₹88k in India this frustrating? I genuinely can’t decide anymore. I’ve been trying to buy a gaming laptop for weeks now, and honestly I’m more confused than when I started. My budget is anything under ₹90k, and I feel like every option in this range has some major compromise that makes it hard to commit. My main use case is coding for college (I’ll be doing engineering / CS-related work), along with gaming in my free time. So I need something that can handle development tools smoothly, and also run modern games well enough. I’m not asking for miracles, just a balanced machine. What I’m looking for is pretty clear: at least an RTX 3050 6GB (or better), a decent processor that won’t feel outdated soon, and preferably a MUX switch. Battery life doesn’t have to be amazing, but I’d at least like 2-3 hours of YouTube / normal use without panic. That shouldn’t be too much to ask in this budget, but apparently it is. The Lenovo LOQ series keeps coming up as a strong recommendation, but then I see models with processors like the Ryzen 5 7235HS, which feels underwhelming for the price, especially when paired with good GPUs. It’s like they give you strong graphics but cut corners on the CPU. HP Victus looked promising at first, but the overall feedback seems mixed. Build quality concerns, weaker thermals in some models, and generally not the most confidence-inspiring choice. ASUS TUF was another option I checked, but in my budget it doesn’t seem",4,"{""subreddit"": ""IndianGaming"", ""num_comments"": 11, ""type"": ""post""}"
2026-05-04,reddit,Consumer Tech India,Lenovo,Where to buy Lenovo Legion Go in India (Mumbai) new or used?,https://reddit.com/r/IndianGaming/comments/1t3sibq/where_to_buy_lenovo_legion_go_in_india_mumbai_new/,user_391924d29a,"Where to buy Lenovo Legion Go in India (Mumbai) new or used? Hey guys, I’m looking to buy a Lenovo Legion Go in India (preferably Mumbai). I’m open to both: Brand new or Second-hand (good condition with bill/warranty preferred) So far I’ve seen: Official Lenovo store / Flipkart (out of stock) OLX listings (prices all over the place, not sure what’s legit) GameLoot (seems trusted but mostly out of stock) Any trusted sellers or shops in Mumbai for handheld PCs like this? What’s a fair price for used Legion Go right now? Anything specific I should check before buying second-hand? Would really appreciate help from anyone who owns one or bought recently 🙏",4,"{""subreddit"": ""IndianGaming"", ""num_comments"": 3, ""type"": ""post""}"
2026-05-10,reddit,Consumer Tech India,Apple,Is oneplus 13 a good option in 2026? Budget is 65k. Any suggestions are welcome.,https://reddit.com/r/GadgetsIndia/comments/1t8ymwc/is_oneplus_13_a_good_option_in_2026_budget_is_65k/,user_20d430a773,Is oneplus 13 a good option in 2026? Budget is 65k. Any suggestions are welcome. I am not an iPhone guy so looking for a good Android option. Priorities are battery and camera.,4,"{""subreddit"": ""GadgetsIndia"", ""num_comments"": 12, ""type"": ""post""}"
2026-04-24,reddit,Consumer Tech India,Lenovo,should i take this used Laptop  for 71k in OLX??,https://reddit.com/r/GadgetsIndia/comments/1sud17z/should_i_take_this_used_laptop_for_71k_in_olx/,user_e3e205c36b,"should i take this used Laptop for 71k in OLX?? guys can u help me if i should take this deal i got from olx had it negotiated down to 72k should i take it? ""Model: Lenovo LOQ (Ryzen 7 7435HS) RAM: 24GB SSD: 512GB Graphics: RTX 4050 6GB (High Gaming &amp; Editing &amp; Cooding) Condition: Excellent, no issue Performance: GTA V, Valorant, PUBG high settings smooth Windows 11 Genuine Warranty: Active (Lenovo verified) Note: bill &amp; box not available but laptop 100% genuine (can verify via serial number &amp; Lenovo Vantage)"" would claiming warranty be an issue?? since he cannot provide the bill and is there anything else i should be wary of i also got like in a face to face soon too :v",4,"{""subreddit"": ""GadgetsIndia"", ""num_comments"": 10, ""type"": ""post""}"
2026-05-03,reddit,Consumer Tech India,Apple,Should I buy MacBook Neo or something else?,https://reddit.com/r/GadgetsIndia/comments/1t2hvyk/should_i_buy_macbook_neo_or_something_else/,user_fdcbdc2c4e,"Should I buy MacBook Neo or something else? So, my girlfriend wants to buy a MacBook Neo, since it's so compact and cute. Use case: Streaming, Movies and TV, Gaming, multitasking. Personally, I've been a Windows user my whole life. 🥸 **Please** share your insights as I need to make a decision today 🫠",4,"{""subreddit"": ""GadgetsIndia"", ""num_comments"": 16, ""type"": ""post""}"
2026-05-03,reddit,Consumer Tech India,ASUS,Vivobook S16 Ryzen AI 7 vs Intel Ultra 7 – Which is better for programming + display quality?,https://reddit.com/r/laptops/comments/1t2eui0/vivobook_s16_ryzen_ai_7_vs_intel_ultra_7_which_is/,user_6f5bfe527f,"Vivobook S16 Ryzen AI 7 vs Intel Ultra 7 – Which is better for programming + display quality? Hey everyone, I’m trying to decide between two laptops and would really appreciate some advice, especially from people who’ve used either of them: * ASUS Vivobook S16 OLED (Ryzen AI 7 350, 24GB RAM, 1TB, 3K OLED 120Hz) * ASUS Vivobook S16 OLED (Intel Core Ultra 7 255H, 16GB RAM, 1TB, OLED) My main use is programming (VS Code, maybe IntelliJ, Docker, multiple apps open) and I care a lot about the screen quality since I’ll be staring at it for long hours. From what I understand: * The Ryzen one has a much better 3K 120Hz display and more RAM * The Intel one is cheaper but seems to have a lower resolution screen and less RAM I’m not doing heavy gaming, just dev work + general usage. A few questions: * Is the Ryzen version noticeably better for programming/multitasking? * How big is the difference between the 3K 120Hz OLED vs the lower spec OLED in real use? * Any issues with thermals, battery, or stability on either model? Would you pick the Ryzen or Intel version if they were close in price? Thanks! Full specs if anyone wants to check: Ryzen (3K 120Hz OLED, 24GB RAM): [ Intel (OLED, 16GB RAM): [",4,"{""subreddit"": ""laptops"", ""num_comments"": 11, ""type"": ""post""}"
2026-05-13,reddit,Consumer Tech India,Apple,Should I buy a new Android for my Dad or a refurbished iPhone 14 max? (Budget 30k-35k),https://reddit.com/r/GadgetsIndia/comments/1tby17q/should_i_buy_a_new_android_for_my_dad_or_a/,user_90cb335e97,"Should I buy a new Android for my Dad or a refurbished iPhone 14 max? (Budget 30k-35k) EDIT : Its iPhone 14 PLUS (not max or whatever new variant they keep introducing) My dad never used iPhone before, been an android user all his life. Last week his Oneplus died completely, and we are looking to buy a new one for 30-35k budget Now my problem is, I can't find any trusted androids in this budget We want a phone that is smooth for daily use, has a good battery and most important is durable (we have a 2yr old at home) and gives decent longevity (at least next 4 years) Now where does iPhone comes in? I have used iPhone all my life My last iPhone purchase was 4 years ago, iPhone 13pro, I have dropped it countless times, battery health is at 72% and it still last decent and have zero lag issues or any problem, camera is still great. And I am planning to use it for next 3 more years, at best I will get a battery replacement for 11k. I looked at a trusted reseller (from whom I bought a 2nd hand iPad few years back and it had zero issues) and they are selling an iPhone 14 max, with 87% battery health, in same price zone. Now, I am conflicted what should I do? I searched multiple android options, entire sub is shitting on newly released Nord CE6, any other Nord devices are not available. Nord 5 is available on big basket near me, but then saw many people complaining about battery, heating and what not. Sub has a unanimous opinion on not buying mid ranged samsung because",4,"{""subreddit"": ""GadgetsIndia"", ""num_comments"": 17, ""type"": ""post""}"
2026-05-13,reddit,Consumer Tech India,HP,Gaming Laptop Suggestions NZ,https://reddit.com/r/SuggestALaptop/comments/1tbpnpp/gaming_laptop_suggestions_nz/,user_69ad2eb820,"Gaming Laptop Suggestions NZ * **Total budget (in local currency) and country of purchase. Please do not use USD unless purchasing in the US:** $1,500 NZD * **Are you open to refurbs/used?** No * **How would you prioritize form factor (ultrabook, 2-in-1, etc.), build quality, performance, and battery life?** Performance and Battery are important as well as life span. I've had my current laptop for 6 years. * **How important is weight and thinness to you?** Does not bother me. * **Do you have a preferred screen size? If indifferent, put N/A.** N/A * **Are you doing any CAD/video editing/photo editing/gaming? List which programs/games you desire to run.** Wanting to run bulky games that take a bit to run. Ideally also want to be able to edit videos and use Illustrator/Krita for art purposes. * **If you're gaming, do you have certain games you want to play? At what settings and FPS do you want?** Wanting to run games like The Sims 4 (and its earlier iterations) with many mods and running at 60FPS at least. Also want to be able to play open-world/online games with little lagging. * **Any specific requirements such as good keyboard, reliable build quality, touch-screen, finger-print reader, optical drive or good input devices (keyboard/touchpad)?** Would like the laptop to have HDMI and USB-A ports. * **Leave any finishing thoughts here that you may feel are necessary and beneficial to the discussion.** Not really sure what kind of laptop I should be looking for since it's been",3,"{""subreddit"": ""SuggestALaptop"", ""num_comments"": 0, ""type"": ""post""}"
2026-05-02,reddit,Consumer Tech India,Lenovo,Review Of AOC 24G42E,https://reddit.com/r/IndianGaming/comments/1t1kwoq/review_of_aoc_24g42e/,user_d8f54b7a35,Review Of AOC 24G42E [Current Setup]( I've been using my Lenovo LOQ with an RTX 4060 for a while and I wanted to checkout if getting a monitor would improve the experience although the stock screen was pretty good at 15.6 inches and with 100 sRGB and 144 HZ. I chose the AOC 24G42E (130% sRGB + 180HZ) as it cost me just 8500 INR on Flipkart. It has been an absolute blast using the monitor after figuring out the settings. The display is smooth and crisp and the colors are great. It really elevates the gaming experience compared to the tiny laptop screen. One thing that I noticed was that the colors were warmer compared to my phone and my laptop's screen which after tweaking the colors using the custom mode made it better although it still doesn't look exactly the same as my laptop. When I first connected it using the provided HDMI cable the colors looked washed out no matter the settings I had. I figured out that you needed to set the output dynamic range to FULL from limited and that fixed the issue. I have no regrets with this monitor. TDLR: Great bang for your buck monitor with high refresh rate and good colors,3,"{""subreddit"": ""IndianGaming"", ""num_comments"": 1, ""type"": ""post""}"
2026-04-27,reddit,Consumer Tech India,Lenovo,"Laptop for Heavy RAM Usage, $2k-ish USD, U.S.",https://reddit.com/r/SuggestALaptop/comments/1sx6cij/laptop_for_heavy_ram_usage_2kish_usd_us/,user_f25728ee53,"Laptop for Heavy RAM Usage, $2k-ish USD, U.S. **LAPTOP QUESTIONNAIRE** * **Total budget (in local currency) and country of purchase. Please do not use USD unless purchasing in the US:** Can go higher, if probably necessary, but 2-3k USD range is preferred. * **Are you open to refurbs/used?** Mildly optimistic yes, esp if there's a warranty/guarantee for longer than, like, 3 months? * **How would you prioritize form factor (ultrabook, 2-in-1, etc.), build quality, performance, and battery life?** Build Quality + Performance are very important. Been dealing with current laptop (Lenovo Legion Y740) with bad battery, so doesn't really bother me if battery life sucks but WOULD be a huge plus if it DID last. Don't care about bulkiness etc. * **How important is weight and thinness to you?** Not at all * **Do you have a preferred screen size? If indifferent, put N/A.** 15"" - 17"" * **Are you doing any CAD/video editing/photo editing/gaming? List which programs/games you desire to run.** I task my computers. Run too many tabs. Need multiple programs open at once. And the Word documents I use are full of tracked changes and 500 pages long, and it TASKS computers. Will play 1-2 games a year, usually demanding ones. But primary use is heavy, heavy word processor editing. I need things to fly. * **If you're gaming, do you have certain games you want to play? At what settings and FPS do you want?** Baldur's Gate 3, occasional Guild Wars 2. Don't need highest settings but please no lag. *",3,"{""subreddit"": ""SuggestALaptop"", ""num_comments"": 3, ""type"": ""post""}"
2026-05-09,reddit,Consumer Tech India,Apple,Macbook air 13 m5 or lenevo loq 5050  for a cse/ai ml student,https://reddit.com/r/laptops/comments/1t8fgpu/macbook_air_13_m5_or_lenevo_loq_5050_for_a_cseai/,user_dd63293980,"Macbook air 13 m5 or lenevo loq 5050 for a cse/ai ml student i’m buying my first ever laptop for btech cse (ai/ml focus) and i’m genuinely stuck between two paths. my budget is super tight and i need this machine to survive 4 years minimum, hopefully 6.​ so after watching like 20/30 videos im hella confused so here are few things im confused about 1) longevity: i want a laptop that stays fast for 4-6 years. does the loq build quality hold up that long, or will it be a heater by year 3? macs usually win on build, but the low ram/ssd feels like a ticking time bomb​ 2) cuda vs mlx: is having local cuda cores actually a game changer for a student, or is it better to just use colab and have a laptop that doesn't die in 2 hours 3) software freedom: i’ve heard windows is way more ""free"" when it comes to installing whatever softwares/cracks/tools you want. is mac too restrictive for a dev who likes to mess around with security engineering and modding",3,"{""subreddit"": ""laptops"", ""num_comments"": 16, ""type"": ""post""}"
2026-04-28,reddit,Consumer Tech India,Lenovo,From Electric Shocks to Bluetooth Failure: The nightmare of owning a Lenovo IdeaPad Slim 5 Gen 10.,https://reddit.com/r/Lenovo/comments/1sy3clc/from_electric_shocks_to_bluetooth_failure_the/,user_2b81cce1ee,"From Electric Shocks to Bluetooth Failure: The nightmare of owning a Lenovo IdeaPad Slim 5 Gen 10. I bought the Lenovo IdeaPad Slim 5 (AMD Ryzen™ AI 7 350, 24GB RAM) expecting a reliable workstation. Instead, I’ve spent hours on calls and technician visits dealing with a hardware nightmare. Here is the timeline of how Lenovo ""fixed"" my laptop into a worse state: Phase 1: The Initial Safety Hazards Electric Shocks: The aluminum chassis was delivering shocks whenever plugged into power. Power/Display Glitch: The screen would flicker or blackout every single time the power adapter was connected or disconnected. ""Solution"": Lenovo’s fix for the Power/Display Glitch was essentially a workaround—disabling certain power settings—rather than addressing the underlying hardware/grounding issue. Phase 2: The Major Teardown (Touchpad Issue) The Fault: Severe touchpad lag and gesture misinterpretation. The Repair: A technician performed a complete teardown of the laptop to replace the entire keyboard and touchpad module. The Result: The touchpad was fixed, but the reassembly seems to have caused collateral damage. Phase 3: The Bluetooth Disaster (Post-Repair) New Fault: following the teardown, my Bluetooth audio became unusable. Constant distortion, noise drops, and frequent disconnections with every device I own (headphones, etc.). Repairs Attempted: They sent a technician to replace the Realtek WiFi/BT chip. The Result: Zero change. The issue persists, which strongly indic",3,"{""subreddit"": ""Lenovo"", ""num_comments"": 7, ""type"": ""post""}"
2026-05-08,reddit,Consumer Tech India,Apple,Long lasting laptop after hp envy x360,https://reddit.com/r/laptops/comments/1t7j4or/long_lasting_laptop_after_hp_envy_x360/,user_47a1552f5a,"Long lasting laptop after hp envy x360 Here are the computers I’m currently considering: * Apple MacBook Air 13-inch M3 * ASUS Zenbook 14 OLED * Lenovo ThinkPad E14 Gen 6 * Acer Swift X 14 * Lenovo IdeaPad Slim 5 14 * Acer Swift Go 14 * Dell Inspiron 14 Plus * Lenovo LOQ 15 RTX 4050 # LAPTOP QUESTIONNAIRE **Total budget (in local currency) and country of purchase. Please do not use USD unless purchasing in the US:** $500–$900 USD, purchasing in the US **Are you open to refurbs/used?** I prefer new laptops, open to barely used ones. **How would you prioritize form factor (ultrabook, 2-in-1, etc.), build quality, performance, and battery life?** Build quality, reliability/longevity, performance, and battery life are my top priorities. I do not need a 2-in-1 or touchscreen laptop anymore. **How important is weight and thinness to you?** I don’t need something super thin/light, but I also don’t want a heavy laptop like my HP Envy x360 was. Something moderate and comfortable to carry around for college/work is ideal. **Do you have a preferred screen size? If indifferent, put N/A.** I prefer a moderate-sized screen, probably around 13–15 inches. I do not want a large 16-inch laptop. **Are you doing any CAD/video editing/photo editing/gaming? List which programs/games you desire to run.** I sometimes edit videos (possibly using Premiere Pro), run code, multitask, and occasionally play games. **If you're gaming, do you have certain games you want to play? At wha",3,"{""subreddit"": ""laptops"", ""num_comments"": 7, ""type"": ""post""}"
2026-04-20,reddit,Consumer Tech India,Lenovo,Best 27” monitor under Rs 30K for gaming + editing? (240Hz vs 4K dilemma),https://reddit.com/r/GadgetsIndia/comments/1sqv517/best_27_monitor_under_rs_30k_for_gaming_editing/,user_ffeb9bac7a,"Best 27” monitor under Rs 30K for gaming + editing? (240Hz vs 4K dilemma) Which option would be most suitable for gaming and photo/video editing? 1. ViewSonic VX2758A-2K-PRO-3 (68.58 Cm) 27Inch 240Hz IPS QHD 2K Gaming Monitor = \*\*\*Rs. 19,490\*\*\* 2. Acer Nitro XV272U F3 27 inch IPS WQHD 2560x1440 Gaming Backlight LED LCD Monitor = \*\*\*Rs. 21,599\*\*\* 3. Acer Nitro XV272K V5 27 Inch UHD (3840x2160) IPS Agile Splendor Gaming Monitor = \*\*\*Rs. 29,999\*\*\* 4. Lenovo Legion 27Q-10 | 27"" (68.58cm) QHD IPS 240Hz Gaming Monitor = \*\*\*Rs. 19,999\*\*\*",3,"{""subreddit"": ""GadgetsIndia"", ""num_comments"": 7, ""type"": ""post""}"
2026-05-10,reddit,Consumer Tech India,Dell,"Looking to buy a used precision, REALLY Concerned about longevity.",https://reddit.com/r/SuggestALaptop/comments/1t96mse/looking_to_buy_a_used_precision_really_concerned/,user_e69c682003,"Looking to buy a used precision, REALLY Concerned about longevity. I'm nearly about to bite the bullet on a dell precision I found, 36k INR. Specs are as follows: Dell Precision 5560 Intel Xeon W-11955M (8 Core) 16gb DDR4 (16x1) 512GB NVMe SSD 4GB Nvidia RTX A2000 GPU 86 wh battery (health not confirmed yet) I was actually in the market for a much older computer, like the older 8th/9th gen precisions or older p series thinkpads, but this one has way better performance for a similar price. And I'm PRETTY SURE they have way better build quality than these modern ones One of the reasons I was even willing to buy used was the confidence in the build quality. Additionally, I'm pretty sure the P series thinkpads have better build quality..I wasn't even willing to buy a precision at first. if yall think I'm gonna face reliability issues PLEASE let me know. So now, my main question is if I run Benchmarks Stress tests (cpu ssd ram gpu) Basic peripheral checks Battery health and physical checks And everything is in normal levels Am I in the clear to buy the machine? or am I likely to have problems in the future with it? IF this precision isn't reliable, what laptops do yall suggest in its place? *Usecase if that's important:* *Light after effects,* *Davinci resolve 1080p/4k editing* *Basic ms office work* *Photoshop/LRC* Thank you",3,"{""subreddit"": ""SuggestALaptop"", ""num_comments"": 1, ""type"": ""post""}"
2026-05-06,reddit,Consumer Tech India,HP,Hey please advice,https://reddit.com/r/laptops/comments/1t5dtxo/hey_please_advice/,user_a76eb175b2,"Hey please advice LAPTOP QUESTIONNAIRE Total budget (in local currency) and country of purchase. Please do not use USD unless purchasing in the US: 1 LAKH rs ( india) Are you open to refurbs/used? Not for more then 1 year olds. How would you prioritize form factor (ultrabook, 2-in-1, etc.), build quality, performance, and battery life? Idk what to prioritise but mostly performance. How important is weight and thinness to you? Not much Do you have a preferred screen size? If indifferent, put N/A. No Are you doing any CAD/video editing/photo editing/gaming? List which programs/games you desire to run. Yes I am trying to do fusion 360, editing and coding with a little gaming. Games i wanna try is gta 5. If you're gaming, do you have certain games you want to play? At what settings and FPS do you want? Gta 5 just without lag and gud graphics Any specific requirements such as good keyboard, reliable build quality, touch-screen, finger-print reader, optical drive or good input devices (keyboard/touchpad)? Build quality should be gud. Leave any finishing thoughts here that you may feel are necessary and beneficial to the discussion. Hey I am trying to buy a laptop for my engineering. I have not yet decided if I want to go for CS or Electronics. But I gotta buy a laptop before so. Any laptop near 90k rs( 100 dollars)? I want RTX 4050. Here are some options I have searched for. Please suggest.",3,"{""subreddit"": ""laptops"", ""num_comments"": 3, ""type"": ""post""}"
2026-04-07,reddit,Consumer Tech India,ASUS,i need help to choose a laptop for studying,https://reddit.com/r/SuggestALaptop/comments/1selbkc/i_need_help_to_choose_a_laptop_for_studying/,user_1083c9a45d,"i need help to choose a laptop for studying Hello **Here is what I’m looking for:** * **Primary Use:** Advanced Mathematics and Economics studies. Lots of multitasking, heavy Excel work, and reading/annotating PDFs for long hours. * **What I dont want:** I am not interested in gaming laptops. I don't want anything bulky, loud, or with ""gamer"" aesthetics. * **Portability &amp; Battery:** It must be lightweight and easy to carry. I also need a battery that can reliably last a full day of classes/study sessions. * **Build Quality:** I want something premium that feels solid and durable. * **OS:** Windows * I considered buy an Asus Zenbook 14 OLED or similar but i saw many negative reviews about * Maximum budget: 1300 dollars, i would like something that work well for at least 5 years",3,"{""subreddit"": ""SuggestALaptop"", ""num_comments"": 12, ""type"": ""post""}"
2026-05-10,reddit,Consumer Tech India,Lenovo,Best Laptop Under ₹1.5L for Rendering &amp; Design Work?,https://reddit.com/r/SuggestALaptop/comments/1t91vnx/best_laptop_under_15l_for_rendering_design_work/,user_fe9cb71286,"Best Laptop Under ₹1.5L for Rendering &amp; Design Work? Country- India Hi everyone, I’m really confused about which laptop to buy and would love some suggestions from people who work in 3D modelling and rendering. I’m an interior designer and mainly need a laptop for: • 3D modelling &amp; rendering • Software like SketchUp, Lumion,3ds Max, V-Ray, etc. • Video editing and digital/design work as well My budget is around ₹1.5 lakh.(India rupees) I recently saw the ASUS TUF F16 around that range, but I’m not sure if ASUS is the best option or if HP/Lenovo would be better for long-term performance and rendering work. Would really appreciate suggestions from people actually using these laptops professionally. Which brand/model would you recommend and why? Thanks in advance!",3,"{""subreddit"": ""SuggestALaptop"", ""num_comments"": 1, ""type"": ""post""}"
2026-05-04,reddit,Consumer Tech India,Lenovo,Question About Some Screen Bleeding.,https://reddit.com/r/Lenovo/comments/1t3ttdv/question_about_some_screen_bleeding/,user_cd785c8c23,"Question About Some Screen Bleeding. So, I bought a **T16 ThinkPad** a few months back, and I primarily used it for things that require the screen to be lit up, so these screen bleeding spots weren't noticed. However, recently, I have been playing some games on it, which darken the screen, so I finally noticed these bleeding spots. I would like to clarify that only the spots marked in red are noticeable when gaming; more specifically, the spot near the bottom center of the screen. These spots annoy me a bit, so i have some questions. 1. Is this normal or a defect? 2. Is this something worth making a fuss over and trying to get fixed or replaced? 3. Is this something Lenovo would even consider replace or fix worthy? 4. Lastly, if this is something that can't be fixed nor replaced, should I expect this to get worse? Thank you to anyone that is willing to offer some answers. Have a blessed day!",3,"{""subreddit"": ""Lenovo"", ""num_comments"": 8, ""type"": ""post""}"
2026-04-13,reddit,Consumer Tech India,Lenovo,Which will be better for first year cse student preparing for backend dev??,https://reddit.com/r/GadgetsIndia/comments/1skn615/which_will_be_better_for_first_year_cse_student/,user_be8da5d596,"Which will be better for first year cse student preparing for backend dev?? **IdeaPad slim 5 specs** System Specs Processor AMD Ryzen™ 7 7735HS Processor (3.20 GHz up to 4.75 GHz) Operating System Windows 11 Home Single Language 64 Graphic Card Integrated AMD Radeon™ 680M Memory 16 GB LPDDR5X-6400MT/s (Soldered) Storage 512 GB SSD M.2 2242 PCIe Gen4 TLC Display 33.78cms (13.3) WUXGA (1920 x 1200), IPS, Anti-Glare, Non-Touch, 100%sRGB, 400 nits, 60 Hz AC Adapter / Power Supply 65W Pointing Device ClickPad Keyboard Backlit, Luna Grey - English (US) WIFI Wi-Fi 6E 2x2 AX &amp; Bluetooth® 5.3 Warranty 1 Year PremiumCare Color Cloud Grey Brand ideapad Screen Resolution 1920 x 1200 Software Preload Office Home 2024 Services 1YR Accidental Damage Protection Part Number 83J2000HIN **ThinkPad E16 Gen 3 Specs** ThinkPad E16 - Intel Core Ultra 5, 16GB RAM, 512 SSD, Win 11 Home Processor Intel® Core™ Ultra 5 225H Processor (E-cores up to 4.30 GHz P-cores up to 4.90 GHz) Operating System Windows 11 Home Single Language 64 Graphic Card Integrated Intel® Arc™ 130T GPU Memory 16 GB DDR5-5600MT/s (SODIMM) Storage 512 GB SSD M.2 2242 PCIe Gen4 TLC Opal Display 40.64cms (16) WUXGA (1920 x 1200), IPS, Anti-Glare, Non-Touch, 45%NTSC, 300 nits, 60 Hz AC Adapter / Power Supply 65W Pointing Device Trackpad Keyboard Backlit, Black with Number Pad - English (US) WIFI Intel® Wi-Fi 6E AX211 2x2 AX &amp; Bluetooth® 5.3 Warranty 1 Year On-site Col",3,"{""subreddit"": ""GadgetsIndia"", ""num_comments"": 2, ""type"": ""post""}"
2026-05-07,reddit,Consumer Tech India,Lenovo,Laptop for MechE,https://reddit.com/r/SuggestALaptop/comments/1t60mj6/laptop_for_meche/,user_b1d03bafff,"Laptop for MechE Im currently a senior in high school planning on doing possibly a double major in Mechanical engineering and computer science, but I’m not sure yet if I will do double major, I will most likely do Computer science as a minor. My budget for the laptop is 1,5k-2k I can’t go over 2k like that’s the literal max. I really want it to last me at its best for at least 5 years. I’ve been doing my research and the laptop that I’m thinking in buying is the Lenovo legion pro 5i for 1,8k at Best Buy. But I don’t know if that the best laptop for my needs. I will really appreciate any suggestions that you guys give me.",3,"{""subreddit"": ""SuggestALaptop"", ""num_comments"": 8, ""type"": ""post""}"
2026-05-10,reddit,Consumer Tech India,Lenovo,Lenovo idea tab pro 1 year review,https://reddit.com/r/GadgetsIndia/comments/1t8yczk/lenovo_idea_tab_pro_1_year_review/,user_b529718451,"Lenovo idea tab pro 1 year review The moto variant of it that is moto pad 60 pro is being sold at less in flipkart and saw some people asking to buy it so decided to post a review on it I made an absolute fool out of myself last year by spending 3K more on this instead of the moto one because I thought moto's Hello UI won't be good but later found out that moto is also running this lenovo's ZUI inside and both tabs are running exactly the same software, felt like a 🤡 after knowing that &gt;screen is very good, doesn't feel like an LCD, both colours and contrast are good, brightness is only 400 nits which makes it good for indoor usage only &gt;Speakers are not only loud but also have significant amount of bass as they are JBL tuned &gt;Stylus response is good but it's good for writing and casual drawing only because it doesn't have enough pressure points for complex drawing or digital art &gt;Battery is excellent, easily lasts 15 hours if you are continuously connected to the internet, if not connected always then 18-20 hours, charges under 2 hours with that 45W charger &gt;Performance is good on it, it never lags or stutters, the processor is good enough for 4-5 years at least &gt; I don't like the software as I hate stock android like UI but this is wet dream for those who glaze pixel UI and nothing OS. It has all the multi-tasking features and gets the job done, I don't mind the UI because it's solely used for studies and watching pirated 2160p movies, It just d",3,"{""subreddit"": ""GadgetsIndia"", ""num_comments"": 2, ""type"": ""post""}"
2026-04-26,reddit,Consumer Tech India,Lenovo,Please help me pick new Laptop,https://reddit.com/r/laptops/comments/1svwlwi/please_help_me_pick_new_laptop/,user_fc1306ccee,"Please help me pick new Laptop Hello!! So I need to find a new laptop around $1000. I try my best to find these laptops, but honestly, I am not an expert in Laptop so I dont know which one this the best one. Cause one have higher RAM one have newer chip one is more long lasting. So please help me to pick the one guys☹️ I am a freshman in mechanical engineering, I need something to work at least 5 years. I don’t know if 16GB still work in the future tho cause what if I need to use my personal laptop for work, then probably 16GB is not enough, I have no idea will that company will provide me a laptop or desktop for work tho (anyone who has answer for this question pls help me cause i am trying to figure it out 😂😂). Please give me any other recommendations if you guys think it would be the best for me. I just mainly choose ThinkPad cause I heard they are pretty long lasting so I have no idea about the others 😂. Please help me out!!! Thank you so much!!!",3,"{""subreddit"": ""laptops"", ""num_comments"": 9, ""type"": ""post""}"
2026-04-17,reddit,Consumer Tech India,Lenovo,planning to buy a gaming laptop around ₹1L i need some suggestions as I have never been in the market before,https://reddit.com/r/GadgetsIndia/comments/1snpatm/planning_to_buy_a_gaming_laptop_around_1l_i_need/,user_f24d5c6988,"planning to buy a gaming laptop around ₹1L i need some suggestions as I have never been in the market before from what I have researched, Lenovo LOQ i5 12th Gen RTX 4060 (8GB) seems like it's a good one with a high tdp however it's a bit old (2023). what should I do? do y'all got any better suggestions in the price range? and will it be ok to purchase a laptop that's an old launch?",3,"{""subreddit"": ""GadgetsIndia"", ""num_comments"": 1, ""type"": ""post""}"
2026-05-08,reddit,Consumer Tech India,ASUS,Rog Ally Pillow/Plushieeeee price,https://reddit.com/r/IndianGaming/comments/1t6x7wr/rog_ally_pillowplushieeeee_price/,user_a0a938ca8e,"Rog Ally Pillow/Plushieeeee price Hi peeps, so I won this ally plushie in a giveaway by ROG about 1 or 2 years ago, only 3 peeps got it I guess in that giveaway, and idts there were many made so it's kinda limited. Was in need of money for purchasing a mechanical keyboard. So I wanted to ask how much can I get it for / how much would u pay for it :D Location- pune Quality\~ it was a show piece for me Fyi never used as a pillow ,duh&gt; (⁠◕⁠ᴗ⁠◕⁠✿⁠) (Idk if I can put in sale flair as I have no idea how much I can expect for it) (I can provide proof as well that it was from rog with email and stuff)",3,"{""subreddit"": ""IndianGaming"", ""num_comments"": 3, ""type"": ""post""}"
2026-05-11,reddit,Consumer Tech India,ASUS,Need some phone buying advice — shifting from gaming-focused phones to more all-round flagships now.,https://reddit.com/r/GadgetsIndia/comments/1t9yb12/need_some_phone_buying_advice_shifting_from/,user_a76dcb2e32,"Need some phone buying advice — shifting from gaming-focused phones to more all-round flagships now. My phone history: * ROG Phone 3 (broke) * Realme 9 (semi-broken) * Used OnePlus 8T (replaced screen once, broke again after \~2 months) Earlier I used to prioritize performance/gaming a lot, but now my priorities have changed more towards: * Camera quality * Battery life * Great display/screen quality * Smooth everyday experience * Long-term reliability Good performance is still appreciated, but gaming is no longer the main focus. My preferred budget is around ₹30–40k, but I can stretch to ₹45–50k if the upgrade is genuinely worth it long-term. Phones I’ve currently looked at: * Nothing Phone 3a Pro * OnePlus 13R * Samsung S24 (older/current discounts) * Pixel 9a Would love recommendations based on real long-term usage experience. Which one would you pick in 2026 for an all-round premium experience?",3,"{""subreddit"": ""GadgetsIndia"", ""num_comments"": 12, ""type"": ""post""}"
2026-05-05,reddit,Consumer Tech India,Apple,Is MacBook Air M3 enough for AI/ML BTech + cross-platform app dev?,https://reddit.com/r/techIndia/comments/1t4eh5e/is_macbook_air_m3_enough_for_aiml_btech/,user_5c7f051fe9,"Is MacBook Air M3 enough for AI/ML BTech + cross-platform app dev? &amp;#x200B; Hey everyone, I’m about to start my BTech in AI/ML, and I’m also planning to build cross-platform apps (React Native / Flutter). I’m thinking of buying a MacBook Air M3 (with my own money), so I want to make sure it’s the right choice. My main questions: Is it good enough for AI/ML coursework? How well does it handle tools like Python, Jupyter, TensorFlow/PyTorch (basic level)? Is it smooth for app development (VS Code, Android Studio, Xcode, emulators)? Are there any major limitations I should be aware of (like GPU/CUDA issues)? Would a Windows laptop with a dedicated GPU be a better option? I’m not planning to train huge models locally, but I do want a reliable and smooth experience for coding, projects, and multitasking over the next few years. Would really appreciate honest opinions from people using M-series MacBooks for similar work 🙏",3,"{""subreddit"": ""techIndia"", ""num_comments"": 40, ""type"": ""post""}"
2026-05-09,reddit,Consumer Tech India,ASUS,Laptop for coding and programming under 50000/ ?,https://reddit.com/r/GadgetsIndia/comments/1t8a2jv/laptop_for_coding_and_programming_under_50000/,user_2e6acbfb52,"Laptop for coding and programming under 50000/ ? Hi all, Can anyone suggest the laptop under 50k for coding and programming?",3,"{""subreddit"": ""GadgetsIndia"", ""num_comments"": 24, ""type"": ""post""}"
2026-05-05,reddit,Consumer Tech India,Lenovo,ASUS or Lenovo laptop?,https://reddit.com/r/laptops/comments/1t4vbke/asus_or_lenovo_laptop/,user_14ac91af76,"ASUS or Lenovo laptop? Hi! I've been looking at laptops to replace my older model. I believe I have narrowed it down to 2, but I'd like to know opinions on them. I'm in Canada and prices are in Canadian dollars. My laptop is used for basic tasks such as web browsing, YouTube, maybe Netflix and gaming through a streaming service (I do not wish to install games directly on the laptop). I'd like to have a laptop that won't go obsolete too quickly either. 1. Lenovo IdeaPad Slim 5, AMD Ryzen AI 7 350, 16GB RAM, 512 SSD for **$999 CAD** 2. ASUS Vivobook 15, Intel Core i5-13420H, 16 GB RAM, 1 TB SSD for $**799 CAD.** I appreciate any advice you can provide!",3,"{""subreddit"": ""laptops"", ""num_comments"": 4, ""type"": ""post""}"
2026-05-05,reddit,Consumer Tech India,Apple,Which laptop brands / models do you despise through bad experiences?,https://reddit.com/r/laptops/comments/1t46sv4/which_laptop_brands_models_do_you_despise_through/,user_2543b49eab,"Which laptop brands / models do you despise through bad experiences? Hating stuff can be fun / therapeutic! For me, DELL! I made an incredibly stupid decision circa 2018, and decided I'd treat myself after getting a large tax return to a ""nice"" Dell XPS 9570 15"". It was an expensive machine, I can't remember the price tag, and frankly I don't want to. The first one I got in-store, I got it home, set it up, and the video card went funky immediately - lines through the screen. So I called ahead, went back to the store, and got another one. I should have just demanded a refund... That second Dell XPS they gave me was such a hunk of shit - this model was notorious for issues, I had a 'key skipping' issue with the keyboard which got progressively worse and worse - you'd type a key and often it simply wouldn't respond - you'd have to repeatedly press it. It started off minor, and just got worse and worse. I sent it back 'to get fixed' sometime just before the warranty ran out, got it back, and the issue reared again. I was told it was now out of warranty, I let them know I was fully aware of my consumer legal rights here in Aus of 'reasonable durability' which applies even after end-of-warranty period, then they very quickly actioned it. The whole saga from beginning to end really dragged out. That aside, the machine was just a bad performer - its real-world performance never matched its paper specs, it got hot, its fans spun up all the time, and it always to me came across as",3,"{""subreddit"": ""laptops"", ""num_comments"": 50, ""type"": ""post""}"
2026-05-03,reddit,Consumer Tech India,Lenovo,Are laptop prices ever gonna get better??,https://reddit.com/r/IndianGaming/comments/1t2ea5d/are_laptop_prices_ever_gonna_get_better/,user_0b065420f2,"Are laptop prices ever gonna get better?? i always wanted a good gaming laptop before I went to college, I had my eyes on a sweet 1.2 L hp omen packing an rtx 4070 , but later amazon took it away, then I had my eyes on the hp omen rtx 5060 and lenovo loq rtx 5060 which were both around 1.3 L which is still acceptable for me. But now the prices seem to be ridiculous, i remember back then the rtx 5070 laptops were going for 1.6 lakh and there is where the hp omen and lenovo loq has landed. Only the hp victus is there at that price in Amazon, but I'm not a huge fan of that laptop. i really would like an rtx 5060 performance since I'm gonna game , use pytorch and do 3d modelling. Is there anyway to get something like that around the 1.3 L-1.4 L mark or should I just wait . tldr- I need a good laptop with rtx 5060+ performance but online websites are crazy. recommendations?",3,"{""subreddit"": ""IndianGaming"", ""num_comments"": 3, ""type"": ""post""}"
2026-05-05,reddit,Consumer Tech India,Apple,Help me choose bw Mac and Windows,https://reddit.com/r/techIndia/comments/1t4tqa2/help_me_choose_bw_mac_and_windows/,user_cc5163da42,Help me choose bw Mac and Windows Going to start College this year (CSE AI/Ml) and is considering to buy Macbook but several people told me to buy windows. IS THERE ANY SPECIFIC REQUIREMENT OF WINDOWS IN THE CURRCULIUM. Cuz i am tired of windows the bugs the lag and driver failures. Please Suggest also mention pros and cons if any.,3,"{""subreddit"": ""techIndia"", ""num_comments"": 12, ""type"": ""post""}"
2026-04-12,reddit,Consumer Tech India,Lenovo,How is this for cse student??,https://reddit.com/r/GadgetsIndia/comments/1sj8ll6/how_is_this_for_cse_student/,user_be8da5d596,"How is this for cse student?? Lenovo ThinkBook 16 gen 9 System Specs Processor AMD Ryzen™ 7 250 Processor (3.30 GHz up to 5.10 GHz) Operating System Windows 11 Home Single Language 64 Graphic Card Integrated AMD Radeon™ 780M Memory 16 GB DDR5-5600MT/s (SODIMM) Storage 512 GB SSD M.2 2242 PCIe Gen4 QLC Display 40.64cms (16) WUXGA (1920 x 1200), IPS, Anti-Glare, Non-Touch, 45%NTSC, 400 nits, 60 Hz AC Adapter / Power Supply 65W Pointing Device ClickPad Keyboard Backlit, Luna Grey - English (US) WIFI Wi-Fi 6 2x2 AX &amp; Bluetooth® 5.3 Warranty 1 Year On-site Color Arctic Grey Brand Lenovo Screen Resolution 1920 x 1200 Part Number 21UTA026IG I am a first year cse student looking for career in backend dev , how would be this laptop for me since i mainly need it for coding and study related stuff.",3,"{""subreddit"": ""GadgetsIndia"", ""num_comments"": 3, ""type"": ""post""}"
2026-04-19,reddit,Consumer Tech India,Lenovo,Need a laptop in range of 75-80K.,https://reddit.com/r/GadgetsIndia/comments/1spwy1r/need_a_laptop_in_range_of_7580k/,user_f368410e26,"Need a laptop in range of 75-80K. Requirements: Top priority needs to be the battery. Should last me around 6hrs. Normal usage like MS Word, Excel, browsing, reading, binge watching shows etc. It should be light, &lt;2Kgs. thought of Lenovo ThinkPad E14. Let know your recommendations please.",3,"{""subreddit"": ""GadgetsIndia"", ""num_comments"": 2, ""type"": ""post""}"
2026-05-10,reddit,Consumer Tech India,Apple,Iphone 15 in 2026 ( clg student ),https://reddit.com/r/GadgetsIndia/comments/1t955ep/iphone_15_in_2026_clg_student/,user_109ea3e8b6,"Iphone 15 in 2026 ( clg student ) I'm about to start college ( btech cse ) , as far as coding is concerned I'm very much inclined towards mac but when it comes to mobile i don't think iphones are worth the price , coz I'll be getting a mac an iPhone is the default price. Would it be worth spending 50-55k on iphone 15 worth it ? .... and is it even a good device or should I go for a second hand one ?",3,"{""subreddit"": ""GadgetsIndia"", ""num_comments"": 7, ""type"": ""post""}"
2026-05-11,reddit,Consumer Tech India,Lenovo,Help me choose between these two monitors or maybe recommend something g better around 15 to 20k,https://reddit.com/r/IndianGaming/comments/1t9y604/help_me_choose_between_these_two_monitors_or/,user_eb5bfc3186,"Help me choose between these two monitors or maybe recommend something g better around 15 to 20k So initially I was interested in the benq monitor but found out that lenovo has the same panel color quality and is a bit brighter Lenovo 400 nits and ben q 350 nits I am more inclined towards lenovo as that is cheaper but please suggest other options which might be VFM. Lenovo - 13.5k Benq - 16,250 I have a 3050 low tdp laptop and my primary requirement is entertainment, movie, coding and story based gaming might switch to productivity based task later on. I don't have a use case for speakers as I mostly use headphone. [My previous post](",3,"{""subreddit"": ""IndianGaming"", ""num_comments"": 10, ""type"": ""post""}"
2026-05-11,reddit,Consumer Tech India,HP,Should i get the omen with RTX 5050 or the 5060 one?,https://reddit.com/r/IndianGaming/comments/1t9zu7c/should_i_get_the_omen_with_rtx_5050_or_the_5060/,user_ecd97d64c3,"Should i get the omen with RTX 5050 or the 5060 one? Y'all tell me pls, they both have a 20-30k difference in price, I really want the 5060 but the omen is priced too high and the only one within budget is the loq. Please tell me if there's any better deal I'd get Budget is 90k- 1lakh 25k",3,"{""subreddit"": ""IndianGaming"", ""num_comments"": 16, ""type"": ""post""}"
2026-04-15,reddit,Consumer Tech India,Other,Is a smartphone upgrade worth it for me right now?,https://reddit.com/r/GadgetsIndia/comments/1slzg1t/is_a_smartphone_upgrade_worth_it_for_me_right_now/,user_916bf39966,"Is a smartphone upgrade worth it for me right now? I can’t decide. I don’t find any issues with the current phone I am using, which is the OnePlus 12R 16GB variant. Everything is smooth. The only downside is the camera. If I upgrade now, it will be only for the camera, and I would buy something under ₹50K. I have no plan to go above that. Is there any smartphone worth upgrading to in this range right now? The only thing that has degraded on my 12R is the battery, which is now around 4900 mAh after two years of usage. I am still getting decent battery life. Should I use this for one more year? I was searching for an upgrade online. I think I will have to spend more than ₹50K to get a worthy upgrade now.",3,"{""subreddit"": ""GadgetsIndia"", ""num_comments"": 6, ""type"": ""post""}"
2026-04-21,reddit,Consumer Tech India,Lenovo,Should I buy Lenovo LOQ (R5 7235HS + RTX 3050 6GB)? Also what’s up with motherboard issues?,https://reddit.com/r/Lenovo/comments/1srkmha/should_i_buy_lenovo_loq_r5_7235hs_rtx_3050_6gb/,user_61102de15b,"Should I buy Lenovo LOQ (R5 7235HS + RTX 3050 6GB)? Also what’s up with motherboard issues? &amp;#x200B; Hey guys, I’m planning to buy this laptop: Lenovo LOQ (Ryzen 5 7235HS, RTX 3050 6GB) – ₹72,890 CPU: Ryzen 5 7235HS (4C/8T) GPU: RTX 3050 (6GB, 95W) RAM: 12GB DDR5 (1x12, upgradable) Storage: 512GB NVMe Display: 15.6"" FHD IPS 144Hz, 300 nits, 100% sRGB Battery: 60Wh My usage: \- Esports games like Valorant, CS2 \- Some AAA games (RDR2, Elden Ring type) \- Coding + video editing Main reason I’m considering this: \- 95W RTX 3050 + 6GB VRAM \- 100% sRGB display \- Good thermals But I’ve seen people mention Lenovo LOQ motherboard issues / dead motherboard cases did lenovo fixed this issue or not? That’s what’s confusing me.",2,"{""subreddit"": ""Lenovo"", ""num_comments"": 6, ""type"": ""post""}"
2026-04-21,reddit,Consumer Tech India,Lenovo,Should I buy Lenovo LOQ (R5 7235HS + RTX 3050 6GB)? Also what’s up with motherboard issues?,https://reddit.com/r/techIndia/comments/1srkk5k/should_i_buy_lenovo_loq_r5_7235hs_rtx_3050_6gb/,user_61102de15b,"Should I buy Lenovo LOQ (R5 7235HS + RTX 3050 6GB)? Also what’s up with motherboard issues? Hey guys, I’m planning to buy this laptop: Lenovo LOQ (Ryzen 5 7235HS, RTX 3050 6GB) – ₹72,890 CPU: Ryzen 5 7235HS (4C/8T) GPU: RTX 3050 (6GB, 95W) RAM: 12GB DDR5 (1x12, upgradable) Storage: 512GB NVMe Display: 15.6"" FHD IPS 144Hz, 300 nits, 100% sRGB Battery: 60Wh My usage: \- Esports games like Valorant, CS2 \- Some AAA games (RDR2, Elden Ring type) \- Coding + video editing Main reason I’m considering this: \- 95W RTX 3050 + 6GB VRAM \- 100% sRGB display \- Good thermals But I’ve seen people mention Lenovo LOQ motherboard issues / dead motherboard cases is it now fixed my Lenovo? That’s what’s confusing me.",2,"{""subreddit"": ""techIndia"", ""num_comments"": 5, ""type"": ""post""}"
2026-04-28,reddit,Consumer Tech India,Lenovo,Gaming laptop under 1 lakh INR,https://reddit.com/r/SuggestALaptop/comments/1sxr0lh/gaming_laptop_under_1_lakh_inr/,user_3a4b3309fb,"Gaming laptop under 1 lakh INR LAPTOP QUESTIONNAIRE Total budget (in local currency) and country of purchase. Please do not use USD unless purchasing in the US: - 1 lakh INR , purchasing in india - Can extend 10-20k if worth it, will try to purchase in sale can wait Are you open to refurbs/used? - No , looking for brand new How would you prioritize form factor (ultrabook, 2-in-1, etc.), build quality, performance, and battery life? - Decent battery, How important is weight and thinness to you? - Not so much Do you have a preferred screen size? If indifferent, put N/A. - 15 inch would suffice Are you doing any CAD/video editing/photo editing/gaming? List which programs/games you desire to run. - Gaming prioritized If you're gaming, do you have certain games you want to play? At what settings and FPS do you want? - Before had a AsusF15 1650ti laptop, Need an upgrade over it to play new modern games - Like Battlefield 6 or wukong Any specific requirements such as good keyboard, reliable build quality, touch-screen, finger-print reader, optical drive or good input devices (keyboard/touchpad)? - I've heard higher TDP for gpu means better so looking for that - Also if possible 8gb vram Leave any finishing thoughts here that you may feel are necessary and beneficial to the discussion. - I've heard lot of people recommend Lenovo LOQ as value for money but I've seen motherboard issues, overheating , display etc in that - So not leaning towards that, also can an",2,"{""subreddit"": ""SuggestALaptop"", ""num_comments"": 2, ""type"": ""post""}"
2026-05-04,reddit,Consumer Tech India,Lenovo,Suggest me a laptop for college,https://reddit.com/r/SuggestALaptop/comments/1t3gzp5/suggest_me_a_laptop_for_college/,user_be142d65d6,"Suggest me a laptop for college Total budget (INR) ₹85,000 Indian Rupees Are you open to refurbs/used? NO How would you prioritize form factor (ultrabook, 2-in-1, etc.), build quality, performance, and battery life? Something that doesnt heat up quickly and lasts long i am aiming 10-15 Years How important is weight and thinness to you? None any size and weight are OK Do you have a preferred screen size? If indifferent, put N/A. N/A Are you doing any CAD/video editing/photo editing/gaming? List which programs/games you desire to run. I am looking forward to game development and 3D rendering of game assests or so. And also Unreal Engine 5. Also i will be using local AI models so yeah around 8GBVRAM and 32GB RAM is a must If you're gaming, do you have certain games you want to play? At what settings and FPS do you want? Not Gaming, building games Any specific requirements such as good keyboard, reliable build quality, touch-screen, finger-print reader, optical drive or good input devices (keyboard/touchpad)? N/A Leave any finishing thoughts here that you may feel are necessary and beneficial to the discussion. I am new for laptop building and have a basic understanding and learning more about stuff. So i dont what all i have stated is actually feasible or not. Specifically i am looking for some Lenovo LOQ models if they meet my conditions any others are also open to explore. My main focus is AI models running locally and coding and game development stuff.",2,"{""subreddit"": ""SuggestALaptop"", ""num_comments"": 3, ""type"": ""post""}"
2026-05-04,reddit,Consumer Tech India,Lenovo,I want a laptop under 85k basically for Study and productive stuff (and I do play some games),https://reddit.com/r/GadgetsIndia/comments/1t3jfs4/i_want_a_laptop_under_85k_basically_for_study_and/,user_dc805b8d10,I want a laptop under 85k basically for Study and productive stuff (and I do play some games) I'm very confused b/w Asus tuf and Lenovo loq if I am getting the right deal or somekind of upcoming sale can help which model should be good and yeah I need 100% srgb display,2,"{""subreddit"": ""GadgetsIndia"", ""num_comments"": 6, ""type"": ""post""}"
2026-05-09,reddit,Consumer Tech India,Lenovo,I think I'm SCREWED by Lenovo!,https://reddit.com/r/laptops/comments/1t83h4t/i_think_im_screwed_by_lenovo/,user_4ac19a8358,"I think I'm SCREWED by Lenovo! Firstly I have made the brave (stupid) choice to order my laptop from Lenovo \[Lenovo Yoga Slim 7i Ultra AE with X9 CPU\] Since then my eternal suffering started. \*I paid on 29th April but the order wasn't 'released' until I contacted them to check the status on 5th May. \*The initial estimated date of shipping was 6-9days while making the payment. And there was no mention of parts or stock availability issue. \*After the order was 'released' the shipping date was revised to 10th May. \*Out of no where since this morning the shipping date got pushed back to 26th June! I contacted the Order Support and they mentioned parts availability issue. This is completely a false policy by Lenovo and not being honest. 2-months of waiting after payment is completely unacceptable. Lenovo should to step-up their commitment and services as we are well protected by Australian consumer law here and public forums/social media are quite vocal of any wrong doings. To everyone considering buying anything from Lenovo website, think twice. Now I'm a fresh victim of their scam. I hope no one falls into their trap. Everyone is paying their hard earned money to get their dream laptops. Companies can't get away doing the same thing over again. They should be accountable for their actions.",2,"{""subreddit"": ""laptops"", ""num_comments"": 4, ""type"": ""post""}"
2026-05-13,reddit,Consumer Tech India,Apple,Buying A Second Hand Macbook Air 2020 M1 (8+512) (84% Battery Capacity),https://reddit.com/r/GadgetsIndia/comments/1tblzle/buying_a_second_hand_macbook_air_2020_m1_8512_84/,user_c37d287e23,Buying A Second Hand Macbook Air 2020 M1 (8+512) (84% Battery Capacity) Buying this 👆 Laptop for about 36k range... source is trusted... I know the guy he is tech savvy so he keeps buying new stuff and sell out old ones...But here's the catcher... I have never bought an Apple product not am i familiar with Macbooks...So what are the things am i supposed to look for before buying to get myself a good deal and potentially be in a safe ground...and is 36k worth it or not and any other Apple MacBook based advice you guys could give me would be reaaaaaaaallllyyy appreciated... thanking...,2,"{""subreddit"": ""GadgetsIndia"", ""num_comments"": 4, ""type"": ""post""}"
2026-04-15,reddit,Consumer Tech India,Lenovo,Haven't used the laptop for 3 months,https://reddit.com/r/Lenovo/comments/1smb91h/havent_used_the_laptop_for_3_months/,user_543acbcc9e,"Haven't used the laptop for 3 months I couldn't word the title very well sorry if it wasn't understandable. So I had this Lenovo IdeaPad l340 for around 5 years now but I got a new one 4 or 5 months back. I haven't used the old one for about 3 months. I take it out today and opened it up plugged in. It got stuck in the boot where the Lenovo logo and spinning dots are present. The power led and the LED on the power button was blinking too and the battery led was red (it's white now). I got a bit impatient and unplugged the laptop and closed it. When I hit the power button the battery led flashes red 4 times. So I did some stuff, which are: -Reseating the ram -Unplugging and repluggung the battery -holding the power button for 60 seconds to get rid of static or left over static or something. Now I somehow got to the bios and started windows recovery. Now it's repeating disc errors and it's been nearly 2 hours. I've heard it can take as long as 24 hours which sucks. Btw the bottom of the case is off since I checked the ram and battery. Bottom is straight up and I have a small desk fan pointed at the bottom, cooling the SSD. And the laptop fans stopped and the heatsink is pretty cool because of the deskfan. SSD was too hot before I used the fan so I think it's fine. Did use ai to troubleshoot which isn't great but I didn't want to research for too long. I had to rewrite this post because I accidentally quit from it so I might have forgotten some stuff. If there is more",2,"{""subreddit"": ""Lenovo"", ""num_comments"": 7, ""type"": ""post""}"
2026-04-20,reddit,Consumer Tech India,Lenovo,Please suggest a laptop for me.,https://reddit.com/r/SuggestALaptop/comments/1sr5iil/please_suggest_a_laptop_for_me/,user_4e2508b1d3,"Please suggest a laptop for me. * **Total budget (in local currency) and country of purchase. Please do not use USD unless purchasing in the US:** 1,00,000 Indian Rupees * **Are you open to refurbs/used?** No, prefer a dependable new laptop. * **How would you prioritize form factor (ultrabook, 2-in-1, etc.), build quality, performance, and battery life?** Performance(Best CPU as possible), Good Build quality and thermals, Form factor: Desktop Replacement, Battery Life: not important for me. * **How important is weight and thinness to you?** Not important. I rarely take my laptop outside of my desk. * **Do you have a preferred screen size? If indifferent, put N/A.** 16-inch or 18-inch. * **Are you doing any CAD/video editing/photo editing/gaming? List which programs/games you desire to run.** Software engineering programs (IDEs, compiling, VMs/Docker) and occasional Minecraft and Photoshop. * **If you're gaming, do you have certain games you want to play? At what settings and FPS do you want?** Minecraft. Playable settings; decent integrated graphics or a basic dedicated GPU is sufficient. * **Any specific requirements such as good keyboard, reliable build quality, touch-screen, finger-print reader, optical drive or good input devices (keyboard/touchpad)?** Must have a 16""+ anti-glare, 250+ nits, 180+ DPI, non-touch display. Crucial: RAM and SSD must be upgradeable without voiding the manufacturer's warranty. Need very good thermals. Must have good after sales service. * **Lea",2,"{""subreddit"": ""SuggestALaptop"", ""num_comments"": 3, ""type"": ""post""}"
2026-04-20,reddit,Consumer Tech India,Lenovo,"₹1 Lakh Budget | 16""+ Screen | Best CPU &amp; Thermals | Upgradable RAM/SSD | India",https://reddit.com/r/laptops/comments/1sr5rbu/1_lakh_budget_16_screen_best_cpu_thermals/,user_4e2508b1d3,"₹1 Lakh Budget | 16""+ Screen | Best CPU &amp; Thermals | Upgradable RAM/SSD | India * **Total budget (in local currency) and country of purchase. Please do not use USD unless purchasing in the US:** 1,00,000 Indian Rupees * **Are you open to refurbs/used?** No, prefer a dependable new laptop. * **How would you prioritize form factor (ultrabook, 2-in-1, etc.), build quality, performance, and battery life?** Performance(Best CPU as possible), Good Build quality and thermals, Form factor: Desktop Replacement, Battery Life: not important for me. * **How important is weight and thinness to you?** Not important. I rarely take my laptop outside of my desk. * **Do you have a preferred screen size? If indifferent, put N/A.** 16-inch or 18-inch. * **Are you doing any CAD/video editing/photo editing/gaming? List which programs/games you desire to run.** Software engineering programs (IDEs, compiling, VMs/Docker) and occasional Minecraft and Photoshop. * **If you're gaming, do you have certain games you want to play? At what settings and FPS do you want?** Minecraft. Playable settings; decent integrated graphics or a basic dedicated GPU is sufficient. * **Any specific requirements such as good keyboard, reliable build quality, touch-screen, finger-print reader, optical drive or good input devices (keyboard/touchpad)?** Must have a 16""+ anti-glare, 250+ nits, 180+ DPI, non-touch display. Crucial: RAM and SSD must be upgradeable without voiding the manufacturer's warranty. Need very good t",2,"{""subreddit"": ""laptops"", ""num_comments"": 5, ""type"": ""post""}"
2026-05-05,reddit,Consumer Tech India,Lenovo,Can Secondary USB-C port be used for phone charging?,https://reddit.com/r/Lenovo/comments/1t479li/can_secondary_usbc_port_be_used_for_phone_charging/,user_953d71aa9e,"Can Secondary USB-C port be used for phone charging? A user’s Lenovo ThinkPad E14 Gen 5 recently experienced a complete no-power failure (no LED, no charging indicator). The user mentioned he had been using the secondary USB-C port for phone charging during work hours for about 2 years. I understand USB-C ports are designed for power delivery, so I’m wondering: * Could frequent phone charging through the USB-C port contribute to long-term motherboard or power circuit stress? * Or is this more likely a separate hardware failure (PD controller / charging IC / power rail issue)? Any insights from similar cases would be appreciated.",2,"{""subreddit"": ""Lenovo"", ""num_comments"": 3, ""type"": ""post""}"
2026-05-08,reddit,Consumer Tech India,Lenovo,"Engineering student laptop recommendations (price range: around 10000 NOK, country: Norway)",https://reddit.com/r/laptops/comments/1t7gtv3/engineering_student_laptop_recommendations_price/,user_7046bfaac6,"Engineering student laptop recommendations (price range: around 10000 NOK, country: Norway) **LAPTOP QUESTIONNAIRE** * **Total budget (in local currency) and country of purchase. Please do not use USD unless purchasing in the US:** around 10000 NOK, can go over if absolutely necessary. Country: Norway. * **Are you open to refurbs/used?** Yes. * **How would you prioritize form factor (ultrabook, 2-in-1, etc.), build quality, performance, and battery life?** I'd like something that runs smoothly and will last me for years. Battery life isn't the most important, but definitely a big bonus. I also want a good keyboard, because I write a lot. * **How important is weight and thinness to you?** Definitely a bonus for it to be lightweight because my walk to school is fairly long. * **Do you have a preferred screen size? If indifferent, put N/A.** 14 inches is ideal. * **Are you doing any CAD/video editing/photo editing/gaming? List which programs/games you desire to run.** Fusion 360 and other 3D programs. * **If you're gaming, do you have certain games you want to play? At what settings and FPS do you want?** I'd like something that can run Minecraft, but I'm not a big gamer so it'd not a priority. * **Any specific requirements such as good keyboard, reliable build quality, touch-screen, finger-print reader, optical drive or good input devices (keyboard/touchpad)?** A good keyboard is a must. I'd also like a decent trackpad, as I won't be using a mouse most of the time. * **Leave a",2,"{""subreddit"": ""laptops"", ""num_comments"": 1, ""type"": ""post""}"
2026-05-10,reddit,Consumer Tech India,Lenovo,Tablet Suggestion,https://reddit.com/r/GadgetsIndia/comments/1t8xh8v/tablet_suggestion/,user_b8294063f2,"Tablet Suggestion Hello everyone. I am thinking of buying a tablet with 256GB ROM. **Uses**: Studying PDFs, seeing lectures and taking notes, and watching films and web series. **Budget**: ₹30000-31000 (with stylus pen and after card discount). **Requirements**: Processor should be good enough, battery needs to be at least 10000 mAh, fingerprint scanner and expandable memory should be there. Most importantly, the tablet should run without lags for at least 4.5 to 5 years. Considering all these, my options probably narrow down to **Redmi Pad 2 Pro** and **Lenovo Idea Tab Pro**. Now, there are a few points which are making it difficult for me to make a choice. 1. The Lenovo tablet comes with Android 14 and provides just 2 years of Android updates, which means it will receive updates till Android 16 only, which has already launched in 2026. So will it suffice till 2030-31? On the other hand, the Redmi tablet launched with Android 15 and provides with 5 years of Android updates. 2. The Redmi tablet doesn't have a fingerprint scanner, and has just 8 GB of RAM. In this era of increasing AI features and larger app updates, Android updates, Google Play Services updates etc., I don't feel that this RAM will be enough for the tablet to run smoothly for 5 years. 3. The Lenovo tablet comes with around 2000 mAh less battery, but has a charger of 45 W, as opposed to Redmi's 33 W charger. Taking all these into consideration, please tell me which tablet should I go for between these",2,"{""subreddit"": ""GadgetsIndia"", ""num_comments"": 5, ""type"": ""post""}"
2026-05-07,reddit,Consumer Tech India,Apple,"What to go for, Macbook vs gaming laptop?",https://reddit.com/r/GadgetsIndia/comments/1t68wd8/what_to_go_for_macbook_vs_gaming_laptop/,user_04d6773bee,"What to go for, Macbook vs gaming laptop? Budget: 90k inr Use case: I need my laptop for, book pdfs, youtube &amp; editing (occasionally). Editing, I'm not so sure to what extent I'll be doing it. I'm into filmmaking, I have been editing videos &amp; designing for a while on premiere pro, &amp; photoshop but I'm switching to DaVinci Resolve. So I need something that can run DaVinci. Other than this, I won't be doing anything heavy, no gaming. What I'm split between is durability vs performance For mac, I would be going for the base model (Macbook M5 Air) But I've heard Macbook air isn't good for editing, anything thats heavy. So I'm really doubtful abt this. From what I've seen, gaming laptops or windows laptop exhaust faster (by that i mean &lt;6 years) I need something that has decent performance, will last me at the very least 6 years. I have a chance to get the mac from abroad with a relative, so I will get it for reduced price. I was looking into buying m3 pro or m2 pro but wasn't able to find reliable ones. On the split side, if I buy a gaming laptop, I know it will not let me down on the performance side of things, yet I'm scared abt how long it will last, and thing abt battery life.",2,"{""subreddit"": ""GadgetsIndia"", ""num_comments"": 6, ""type"": ""post""}"
2026-05-02,reddit,Consumer Tech India,HP,Help I'm Stupid!,https://reddit.com/r/laptops/comments/1t1pblv/help_im_stupid/,user_f28f3514a5,"Help I'm Stupid! Need to buy a new laptop which I can use for Excel + Zoom + a few Chrome tabs at the same time. My current laptop takes it personally when I do that. Other than that, my biggest factor is it being lightweight! My current laptop is a brick. Also a plus if I can play a few games... Minecraft, Skyrim (lowest possible graphics settings lol), etc... Love the idea of a Macbook and having easy cross compatibility with my iPhone and iPad, but also do I really wanna relearn how to use Mac shortcuts? Need help deciding! THE FORM: Total budget (in local currency) and country of purchase. Please do not use USD unless purchasing in the US: Haven't laptop shopped in forever, I have no idea what price range I am looking at. I need a laptop regardless of how much they cost so I'm flexible, but I'd cap my budget at $1k. I am in the US. Are you open to refurbs/used? Yes, I'd prefer it! How would you prioritize form factor (ultrabook, 2-in-1, etc.), build quality, performance, and battery life? Not super worried about it I don't think? How important is weight and thinness to you? Very--after processing power this is most important! Do you have a preferred screen size? If indifferent, put N/A. Smaller preferred. Are you doing any CAD/video editing/photo editing/gaming? List which programs/games you desire to run. Not really. If you're gaming, do you have certain games you want to play? At what settings and FPS do you want? Minecraft and Skryim and maybe",2,"{""subreddit"": ""laptops"", ""num_comments"": 12, ""type"": ""post""}"
2026-05-02,reddit,Consumer Tech India,Apple,Title: MacBook under 80k possible? Or should I go for Windows instead,https://reddit.com/r/SuggestALaptop/comments/1t1u4yq/title_macbook_under_80k_possible_or_should_i_go/,user_50d27fd2c3,"Title: MacBook under 80k possible? Or should I go for Windows instead &amp;#x200B; Hey everyone, I’m about to join college for CSE in around 2 months, and honestly I have zero experience with laptops. Never really used one seriously before. From what I’ve seen on Reddit and YouTube, most people recommend going for a MacBook, especially for coding. I’m from a middle-class family, and somehow I convinced my dad for a one-time investment around 70k. I can maybe stretch it to \\\~80k by borrowing a bit from friends. So my main questions: \\- Is it possible to get any MacBook (M2 / M4 / M5 — even M2 works) with 16GB RAM + 512GB storage under 80k in India? Any tricks like student discount, card offers, refurbished, etc? \\- I’ve researched a bit and Mac seems worth it long term, but I’ve also heard that later there are extra costs (repairs, accessories, etc). As a student already taking a loan for college, I realistically won’t be able to spend much later. So is Mac still a good idea? \\- If Mac isn’t practical in my budget, can you suggest some good Windows laptops under 70–80k? My usage: \\- Coding (main priority) \\- College work \\- Editing (important) \\- Very light gaming (maybe once in a few months, not serious) I just want something reliable for the next 4–5 years without headache. Would really appreciate honest suggestions 🙏",2,"{""subreddit"": ""SuggestALaptop"", ""num_comments"": 5, ""type"": ""post""}"
2026-05-06,reddit,Consumer Tech India,Apple,Choosing a laptop as a student,https://reddit.com/r/laptops/comments/1t584sd/choosing_a_laptop_as_a_student/,user_026a08a726,"Choosing a laptop as a student I’m at high school right now and I’m almost going to college. I’ve been wanting to buy a laptop for both my school works , Netflix, YouTube and light gaming because the screen on my ipad is too small and seems that some of the app works better on computers. The laptops that I’ve been looking at rn are the Apple MacBook Air 13 M5 , ASUS zenbook a14 /14/s14 . I would like one that are similar to them in terms of prices and build qualities. And also 1 things that I would like to ask is 16 gb of ram enough for my uses? Thank you so much guys🙏🏻🙏🏻",2,"{""subreddit"": ""laptops"", ""num_comments"": 12, ""type"": ""post""}"
2026-05-06,reddit,Consumer Tech India,Apple,"Looking for a 22-24 inch monitor for office work, youtube, movies — Budget ₹6,500–9,000 (India)",https://reddit.com/r/GadgetsIndia/comments/1t52fym/looking_for_a_2224_inch_monitor_for_office_work/,user_dc45a6f289,"Looking for a 22-24 inch monitor for office work, youtube, movies — Budget ₹6,500–9,000 (India) Hey everyone, I'm based in India and looking to buy a monitor from Amazon. I'm not a gamer, so gaming-specific features are not a priority at all. Here are my requirements: Budget: ₹6,500–9,000 Size: 22–24 inch Primary use: Office work (documents, browsing), watching movies, and YouTube videos Connected to: MacBook Air via USB-C to HDMI adapter, so macOS compatibility is important Refresh rate: No strong preference, whatever makes sense for the use case and budget Panel type: No preference, happy to go with whatever gives the best overall experience in this budget Height adjustability: Not a compulsion, but a big bonus if available Any recommendations would be really appreciated. Thanks!",2,"{""subreddit"": ""GadgetsIndia"", ""num_comments"": 2, ""type"": ""post""}"
2026-05-02,reddit,Consumer Tech India,Apple,OP needs to buy a gaming laptop.,https://reddit.com/r/SuggestALaptop/comments/1t1u7wx/op_needs_to_buy_a_gaming_laptop/,user_c9ee8cf0ff,"OP needs to buy a gaming laptop. No budget constraints but laptop should be worth every penny. It not like I am going all in but under 2 lakhs or lower the better So I am a first year at an NIT(Indian engineering college), I currently have a macbook air m4. I admit it was a hasty decision but I wasn't sure about my branch. But now in the second year which is about to commence after this summer break. I am confused between legion, omen or strix. Preferably going for 5060 but can't decide. Probably gonna buy after a month so an ample amount of time is there. Help is much appreciated",2,"{""subreddit"": ""SuggestALaptop"", ""num_comments"": 3, ""type"": ""post""}"
2026-05-04,reddit,Consumer Tech India,HP,Macbook or used Thinkpad?,https://reddit.com/r/SuggestALaptop/comments/1t3mmm1/macbook_or_used_thinkpad/,user_d134a782c5,"Macbook or used Thinkpad? Looking for a laptop with good amount of RAM for a cybersecurity student to run VMs. Currently looking at: \- Macbook Air M5 24GB RAM 512GB - $1200 \- Macbook Air M4 24GB RAM 512GB - $1020 refurb \- used Macbook Pro \- used Thinkpad T14 with 32GB RAM from 2023-2025 - $400 to $800 LAPTOP QUESTIONNAIRE Total budget (in local currency) and country of purchase. Please do not use USD unless purchasing in the US: \- $1500 Are you open to refurbs/used? \- Yes How would you prioritize form factor (ultrabook, 2-in-1, etc.), build quality, performance, and battery life? \- Thinkpad-style build quality. Battery life is important but not a top priority. How important is weight and thinness to you? \- Not important Do you have a preferred screen size? If indifferent, put N/A. \- 13-14 inch Are you doing any CAD/video editing/photo editing/gaming? List which programs/games you desire to run. \- Mainly need enough RAM to run 2 VM simultaneously If you're gaming, do you have certain games you want to play? At what settings and FPS do you want? \- N/A Any specific requirements such as good keyboard, reliable build quality, touch-screen, finger-print reader, optical drive or good input devices (keyboard/touchpad)? \- No Leave any finishing thoughts here that you may feel are necessary and beneficial to the discussion. \- Of the laptops I listed above, I'm hoping to use it for a few years. About a year for every $200. Would a used Thinkpad be th",2,"{""subreddit"": ""SuggestALaptop"", ""num_comments"": 6, ""type"": ""post""}"
2026-05-03,reddit,Consumer Tech India,ASUS,"Light gaming laptop for student, around 9000-1200€, France",https://reddit.com/r/SuggestALaptop/comments/1t30mu2/light_gaming_laptop_for_student_around_90001200/,user_0da4d4256f,"Light gaming laptop for student, around 9000-1200€, France Bonjour, je suis étudiant en France et je possède actuellement un MacBook Air M2. Cependant, son taux de rafraîchissement de 60 Hz limite mes performances en jeu compétitif et je cherche à y remédier. De plus, les problèmes de compatibilité avec macOS sont assez gênants. * **Budget total (en monnaie locale) et pays d'achat. Veuillez ne pas utiliser de dollars américains sauf si vous achetez aux États-Unis :** Mon budget est d'environ 1 000 €, mais je peux aller au-delà si cela en vaut la peine, car j'ai constaté qu'il est difficile de trouver un appareil répondant à tous les critères avec un budget inférieur à 1 000 €. * **Êtes-vous ouvert aux produits reconditionnés ou d'occasion ?** Pourquoi pas, si vous connaissez une source fiable. La durabilité à long terme est un point important pour moi. * **Comment prioriseriez-vous le format (ultrabook, 2-en-1, etc.), la qualité de fabrication, les performances et l'autonomie ?** Je recherche un ordinateur portable élégant pour mes études, pas un modèle tape-à-l'œil avec des LED RGB ultra-lumineuses. Je privilégie donc une bonne autonomie, un fonctionnement silencieux pour les tâches légères et une bonne durabilité. * **Quelle importance accordez-vous au poids et à la finesse ?** Pas si importants. J'ai déjà repéré des modèles intéressants, donc je sais que ce critère ne sera pas trop difficile à respecter. Un poids inférieur à 2 kg est toutefois important. * **Avez-vous une",2,"{""subreddit"": ""SuggestALaptop"", ""num_comments"": 0, ""type"": ""post""}"
2026-05-11,reddit,Consumer Tech India,HP,LAPTOP RECCOMENDATION,https://reddit.com/r/laptops/comments/1t9p4n2/laptop_reccomendation/,user_8048e9846d,"LAPTOP RECCOMENDATION Total budget (in local currency) and country of purchase. Please do not use USD unless purchasing in the US: ₹60,000, India Are you open to refurbs/used? Prefer new, but open to certified refurbished if the deal is really worth it. How would you prioritize form factor (ultrabook, 2-in-1, etc.), build quality, performance, and battery life? Performance and display quality are top priority, followed by build quality and battery life. Prefer a premium-looking ultrabook style laptop. How important is weight and thinness to you? Fairly important. I’ll be carrying it around for college, so I’d prefer something portable and not too bulky. Do you have a preferred screen size? If indifferent, put N/A. 14-inch preferred. Are you doing any CAD/video editing/photo editing/gaming? List which programs/games you desire to run. Yes — video editing, photo editing, multitasking, and light gaming. Will likely use apps like Premiere Pro, Photoshop, CapCut, Lightroom, etc. If you're gaming, do you have certain games you want to play? At what settings and FPS do you want? Mostly light to moderate gaming. Games like Valorant, Minecraft, GTA V, maybe some story games occasionally. Medium to high settings at stable FPS would be enough. Any specific requirements such as good keyboard, reliable build quality, touch-screen, finger-print reader, optical drive or good input devices (keyboard/touchpad)? \- OLED display preferred \- 16GB RAM \- 512GB SSD \- Intel Core",2,"{""subreddit"": ""laptops"", ""num_comments"": 1, ""type"": ""post""}"
2026-05-04,reddit,Consumer Tech India,Lenovo,bluetooth devices lagging/having signal issues on my lenovo yoga 7i gen 10,https://reddit.com/r/Lenovo/comments/1t373k9/bluetooth_devices_lagginghaving_signal_issues_on/,user_fd1551807a,"bluetooth devices lagging/having signal issues on my lenovo yoga 7i gen 10 So since a couple of days whenever i watch youtube videos or use my bluetooth mouse, both my wireless earbuds and the mouse have lag/stutter alot. if i cover my earbuds with my hand they start stuttering like if the signal is blocked. this never happened before. i'm currently using my bluetooth mouse on its 2.4ghz dongle and it works fine but on bluetooth it works normally for some time and then starts stutttering. my earbuds also sound normal for some time while watching youtube videos but then they start stuttering lagging. Could it be that my bluetooth modem is faulty or not working properly? this is a new laptop and it does have warranty so should i check it out? i've checked for updates for my bluetooth driver, restarted the laptop but this issue still occurs. i never got this issue before.",2,"{""subreddit"": ""Lenovo"", ""num_comments"": 3, ""type"": ""post""}"
2026-05-13,reddit,Consumer Tech India,Lenovo,Lenovo IdeaPad Pro 5 14AGP11,https://reddit.com/r/laptops/comments/1tbwxvy/lenovo_ideapad_pro_5_14agp11/,user_2b5ec2c4ee,"Lenovo IdeaPad Pro 5 14AGP11 Hello, could anyone help me decide if this laptop will meet my needs? I want to buy a new laptop. I have a desktop computer for gaming and home use, but sometimes I need a laptop as well—for traveling and work (it’s less distracting than a desktop). Things I need it for are light work with databases, Python, SQL, and things connected to them. I really don't like iOS. Can't get used to it. I want something with decent battery life ( so when doing some basic stuff or just procrastinating on youtube i dont have to plug in my laptop every 4 hours. If it were able to run Diablo 4 on low settings would be nice plus but I don't need that. I found this laptop, Lenovo IdeaPad Pro 5 14AGP11 with the following specs AMD Ryzen AI 9 465 32 GB LPDDR5 RAM 1TB SSD I can't find any reviews for it. Price is 1.3k euros. Same laptop but with Ryzen AI 7 450 costs 1.27k euros. I am not sure if AMD fits my needs more, or if I should look for an Intel processor. Never had an AMD. So if anybody could help me decide I will be very grateful.",2,"{""subreddit"": ""laptops"", ""num_comments"": 1, ""type"": ""post""}"
2026-04-26,reddit,Consumer Tech India,ASUS,laptop dilemma,https://reddit.com/r/GadgetsIndia/comments/1swgo4v/laptop_dilemma/,user_cf9d74e4d0,laptop dilemma im cs major fresher want to do ai/ml i wanna know macbook air m5 with 16gb ram 8core gpu or asus vivobook s14 oled with amd 9 370hx 16gb ram will be better as * both have equivalent specs on paper at the same price * ease of use of linux and wide compatibility of windows \--&gt;macbook air is better(heard that a lot) and resale value (by the time it had served its purpose i wont be worth much) **Please** tell me why macbook or the other will be beneficial or should i go with a cheaper laptop as i would need to use **cloud gpu** anyway,2,"{""subreddit"": ""GadgetsIndia"", ""num_comments"": 3, ""type"": ""post""}"
2026-05-10,reddit,Consumer Tech India,Lenovo,Need A Heating Problem Fix,https://reddit.com/r/IndianGaming/comments/1t8vzml/need_a_heating_problem_fix/,user_5c34136213,Need A Heating Problem Fix Context - I live in Delhi which is way too hot for even humans to exist let alone a machine my laptop lenovo LOQ 15IRH8 i5 12450H RTX 4060 16GB DDR5 Ram. heats a lot the fans are pretty much useless they can't control the heat the couldn't control the heat even when the laptop was new but i can't blame it i live on the top floor of my building So my main main question is what should i do to combat the heating problem (my laptop is 2 years old now i do nothing more than just cleaning the vents in like 2-3 months) a. Change Thermal Paste ? b. Get A cooling pad ( i saw Zebronics NC9200 works pretty well) c. Buy new fan modules from lenovo or any other place with same specs and replace the fan all together. i know most you would say to do all three but i am a student i ain't got loads of money i only have like 2k to spend on these things. Help And Advice Is Appreciated Thank You.,2,"{""subreddit"": ""IndianGaming"", ""num_comments"": 41, ""type"": ""post""}"
2026-04-20,reddit,Consumer Tech India,Lenovo,Laptop loud and hot (update?),https://reddit.com/r/laptops/comments/1sqmcxs/laptop_loud_and_hot_update/,user_de20f46076,"Laptop loud and hot (update?) Hey all. For work I recently got a new laptop. (About 3 months ago) I run CFD simulations and some of them I run on my laptop if the workstation is occupied. For that reason it's a fairly powerful Lenovo Legion 7 with a 9955HX CPU. So far it's working perfectly both for simulations as well as just normal office type stuff. Today I noticed the fans started going of the entire time while I was only using office applications. Task manager gives CPU loads between 2 and 7 %. HWinfo64 reports temperatures around 90°C. The igpu reports as much cooler than the CPU at only around 60°C. The dedicated GPU (rtx 5070ti) is not being used and at is at around 50°C. Sometimes the fans stop for a short while and the cpu temperature shoots up to 100°C. I'm quite confident this behaviour is new. I think there was a windows update recently, but do not know if that has any relation to it. Anything other that can cause this behavior change? Or an idea on how to fix it. (I would like it to be more quiet if I'm not using significant compute power)",2,"{""subreddit"": ""laptops"", ""num_comments"": 3, ""type"": ""post""}"
2026-05-10,reddit,Consumer Tech India,Lenovo,"[India] ₹1,20,000 budget laptop for heavy ML/DL + local LLM work as a Computer Engineering student",https://reddit.com/r/SuggestALaptop/comments/1t91xpk/india_120000_budget_laptop_for_heavy_mldl_local/,user_c673bfdc55,"[India] ₹1,20,000 budget laptop for heavy ML/DL + local LLM work as a Computer Engineering student **\[India\] ₹1,20,000 budget laptop for heavy ML/DL + local LLM work as a Computer Engineering student** LAPTOP QUESTIONNAIRE **Total budget (in local currency) and country of purchase. Please do not use USD unless purchasing in the US:** ₹1,20,000 INR (around $1400 USD) — India **Are you open to refurbs/used?** Prefer new, but open to refurbished if reliability and warranty are good. **How would you prioritize form factor (ultrabook, 2-in-1, etc.), build quality, performance, and battery life?** Performance and cooling are the highest priority. Good build quality and upgradeability are important. Battery life matters for college use but not at the expense of performance. Not interested in 2-in-1 or touchscreen laptops. **How important is weight and thinness to you?** Moderately important. I can handle a heavier laptop if thermals and sustained performance are much better. **Do you have a preferred screen size? If indifferent, put N/A.** 15–16 inches preferred. **Are you doing any CAD/video editing/photo editing/gaming? List which programs/games you desire to run.** Main use case is: * Machine Learning / Deep Learning * PyTorch * TensorFlow * CUDA programming * Computer Vision * Local LLM inference * Some fine-tuning * VS Code * Docker * Linux dual boot possibly Also occasional gaming and general productivity. **If you're gaming, do you have certain games y",2,"{""subreddit"": ""SuggestALaptop"", ""num_comments"": 1, ""type"": ""post""}"
2026-04-28,reddit,Consumer Tech India,Lenovo,gaming laptop suggestions,https://reddit.com/r/GadgetsIndia/comments/1sy5gra/gaming_laptop_suggestions/,user_9b7fc6dc9e,"gaming laptop suggestions Budget: 1.3L INR Use case: heavy editing/animation, adobe suite apps (primary) Gaming (secondary) Preferred specs: i7 14 gen, 16gb, 1TB, RTX 4050 and upwards Notes: been looking at all options from ASUS TUFs, Lenovo LOQ &amp; Legion, HP omens. Need genuine advice based on user experience, product durability, and rigorous use, thermal efficiency. Dont know much but have heard about hp builds failing due to heating while heavy use. Been a loyal asus user. Have used asus tuf and rog strix g16. Need to upgrade coz rog strix motherboard got fried. ASUS laptops are pretty heavy duty. Need something with similar with rough use reliability. Thanks in advance good folks 🙌🏼",2,"{""subreddit"": ""GadgetsIndia"", ""num_comments"": 7, ""type"": ""post""}"
2026-05-08,reddit,Consumer Tech India,Lenovo,Is this the best deal for ₹8961?,https://reddit.com/r/IndianGaming/comments/1t711gh/is_this_the_best_deal_for_8961/,user_84e74b1f01,"Is this the best deal for ₹8961? Edit: purchased the acer xv272u x1 1440p at 14k This is Lenovo 24-10 I was thinking of an Acer WQHD one, but since I only have an RTX 3060 12GB, I don't think that'll be a good match for a 1440p display. Then I looked a lot and I think this is the one for me. Do you guys think this is the right decision, or should I consider some other options?",2,"{""subreddit"": ""IndianGaming"", ""num_comments"": 6, ""type"": ""post""}"
2026-05-06,reddit,Consumer Tech India,Lenovo,Need a Suggestion on ASUS VIVOBOOK S16 OLED Snapdragon X purchase,https://reddit.com/r/GadgetsIndia/comments/1t5etum/need_a_suggestion_on_asus_vivobook_s16_oled/,user_941982cf55,"Need a Suggestion on ASUS VIVOBOOK S16 OLED Snapdragon X purchase Hello guys I am planning to buy this laptop and its currently available with offer at 64k. Is it best deal? My usage 1. Some coding in VS code 2. Browsing for research 3. Some AI task for just curiosity 4. Some content watching. Mainly I want to buy this snapdragon x variant due to Battery life as i am not gamer nor use for heavy app which requires strong gpu or cpu. And Now i was also considering for Lenovo ideapad slim 3 OLED (Snapdragon X variant), Is it also good option or stick with Asus Reason for Reconsideration is the Brightness. Asus - 300nits and glosy panel Lenovo - 500 nits and antiglare panel",2,"{""subreddit"": ""GadgetsIndia"", ""num_comments"": 10, ""type"": ""post""}"
2026-04-18,reddit,Consumer Tech India,Lenovo,Lenovo ideapad slim 5 ryzen 7 7735hs,https://reddit.com/r/SuggestALaptop/comments/1sp0eni/lenovo_ideapad_slim_5_ryzen_7_7735hs/,user_e0e94bedf0,"Lenovo ideapad slim 5 ryzen 7 7735hs Okay so I’m planning to buy myself a laptop and thinking of buying this lenovo ideapad slim 5 but i heard lenovo laptops have some motherboard issues (previously on loq) but today i was checking about this laptop alot and saw review of getting it dead after some time. I want laptop to be hassle free and want to use it for long term 6-7 years. I saw another laptop with same specs but of hp with the same price but accordingly to my savior (chatgpt) lenovo is better than hp as lenovo have better cooling system, my main work for laptop would be office work and entertainment but also little bit of gaming like gta 5 and hitman only on medium setting are okay( which are easy to play thanks to radeon 680m on it) so yeah this laptop fullfill this but only want to ask about motherboard issues, should i gamble on it? I need review of those who have this laptop",2,"{""subreddit"": ""SuggestALaptop"", ""num_comments"": 0, ""type"": ""post""}"
2026-05-12,reddit,Consumer Tech India,Lenovo,Order not placed despite the payment succeeding,https://reddit.com/r/Lenovo/comments/1taqy94/order_not_placed_despite_the_payment_succeeding/,user_09f295d7c2,"Order not placed despite the payment succeeding Yesterday, I tried ordering a Lenovo Legion laptop through the official Lenovo website. Finally, after my payment of 1.18L rupees had gone through, I was instantly logged out from my account. When I logged back in, there was no order placed and the item was still lying in my cart. However, the amount has been deducted from my bank balance. I tried contacting the customer support, and they responded by telling me to wait for 24-48 hours for the order to be placed, else the money will be refunded. Normally, I would just wait it out, but this is a huge amount for me, and I am only getting more anxious as more time passes, and the only emails I get from Lenovo are regarding the sale going on. If anybody from Lenovo is reading this, could you kindly help me? I do have the payment id and reference number. Had to create a reddit account for this. Or if anybody has faced this issue, could you please guide me on what I should do?",2,"{""subreddit"": ""Lenovo"", ""num_comments"": 8, ""type"": ""post""}"
2026-05-02,reddit,Consumer Tech India,HP,Looking for suggestions to buy a study laptop.,https://reddit.com/r/SuggestALaptop/comments/1t1hdos/looking_for_suggestions_to_buy_a_study_laptop/,user_2b3fa67d25,"Looking for suggestions to buy a study laptop. \*\*LAPTOP QUESTIONNAIRE\*\* \* \*\*Total budget (in local currency) and country of purchase. Please do not use USD unless purchasing in the US:\*\* ₹40-50k \* \*\*Are you open to refurbs/used?\*\* Yes, if I don't get cheated. \* \*\*How would you prioritize form factor (ultrabook, 2-in-1, etc.), build quality, performance, and battery life?\*\* Performance and battery life is most important to me. \* \*\*How important is weight and thinness to you?\*\* Not important at all \* \*\*Do you have a preferred screen size? If indifferent, put N/A.\*\* N/A \* \*\*Are you doing any CAD/video editing/photo editing/gaming? List which programs/games you desire to run.\*\* I would like to do light gaming occasionally. \* \*\*If you're gaming, do you have certain games you want to play? At what settings and FPS do you want?\*\* I play Freefire occasionally. \* \*\*Any specific requirements such as good keyboard, reliable build quality, touch-screen, finger-print reader, optical drive or good input devices (keyboard/touchpad)?\*\* N/A \* \*\*Leave any finishing thoughts here that you may feel are necessary and beneficial to the discussion.\*\* Hello everyone 👋🏻, I'm looking for suggestions to buy a laptop under ₹30-35K. My usage and needs: Heavy AI use (Chatgpt Gemini NotebookLM Grok etc) for study purposes Reading PDFs for long duration Watching YouTube and Career247 lectures Web browsing Light gaming occasi",2,"{""subreddit"": ""SuggestALaptop"", ""num_comments"": 0, ""type"": ""post""}"
2026-04-30,reddit,Consumer Tech India,HP,Uk budget laptop,https://reddit.com/r/SuggestALaptop/comments/1t080cx/uk_budget_laptop/,user_14ff7838af,"Uk budget laptop * **Total budget:** max £3/400? but i'd rather cheaper if it meant slightly lower specs, around £200 being sweet spot * **Are you open to refurbs/used?** Yes * **How would you prioritize form factor (ultrabook, 2-in-1, etc.), build quality, performance, and battery life?** Peformance is the most important thing, with build quality and battery life not mattering too much to me. Though I would also like it not too heat up too much * **How important is weight and thinness to you?** Not very, but I would prefer one that is easier to carry, and could sit on my knees comfortably * **Do you have a preferred screen size?** N/A but not small * **Are you doing any CAD/video editing/photo editing/gaming?** List which programs/games you desire to run. Blender, csp, firefox with a lot of tabs (my firefox EATS a surprising amoung of memory on my computer, currently at 5 gigabytes, for context if this sounds stupid haha) * **If you're gaming, do you have certain games you want to play? At what settings and FPS do you want?** I'd like it to be able to handle games at an okay frame rate, but this really is not that important * **Any specific requirements such as good keyboard, reliable build quality, touch-screen, finger-print reader, optical drive or good input devices (keyboard/touchpad)?** No touch screen, it being possible to change some parts and upgrade eventually * **Leave any finishing thoughts here that you may feel are necessary and beneficial to the discussion:** D",2,"{""subreddit"": ""SuggestALaptop"", ""num_comments"": 4, ""type"": ""post""}"
2026-04-30,reddit,Consumer Tech India,Lenovo,Yoga 7x vs. 7 2-in-1,https://reddit.com/r/Lenovo/comments/1szwyyg/yoga_7x_vs_7_2in1/,user_7ed8f86924,"Yoga 7x vs. 7 2-in-1 Hi! I recently had the hinges break on my 2022 Yoga 7i (not sure what the other model details are other than that it was 15 inches and blue/grey, my mom bought it for me!) and unfortunately the parts for it were discontinued so it's kind of a permanent bust. I really liked that model but I'm not very familiar with laptop specs, so I'm looking for another Yoga laptop that might be a good a fit! Neither of these are 7i, but I'm looking at the [Yoga Slim 7x]( and the [Yoga 7 2-in-1]( and wondering if anyone has any thoughts as to which one of these would be a good pick. I'm also open to other suggestions, or general advice on what I should be looking for!! My budget is around $1,100 USD max, I'd prefer about 14 inches and am looking mainly at BestBuy/similar vendors. Any help would be appreciated! Thank you!!! 😄",2,"{""subreddit"": ""Lenovo"", ""num_comments"": 4, ""type"": ""post""}"
2026-04-15,reddit,Consumer Tech India,Lenovo,MBA and Finance Laptop,https://reddit.com/r/SuggestALaptop/comments/1sm3210/mba_and_finance_laptop/,user_37d759acdd,"MBA and Finance Laptop Total budget (in local currency) and country of purchase: INDIA, INR 1,25,000 Are you open to refurbs/used? NO How would you prioritize form factor (ultrabook, 2-in-1, etc.), build quality, performance, and battery life? Performance and Battery How important is weight and thinness to you? Thin and Light Do you have a preferred screen size? If indifferent, put N/A. 15 or higher Are you doing any CAD/video editing/photo editing/gaming? List which programs/games you desire to run. No, MBA, EXCEL PPT, AI, DATA TOOLS Any specific requirements such as good keyboard, reliable build quality, touch-screen, finger-print reader, optical drive or good input devices (keyboard/touchpad)? NumPad is a must and decent build quality Leave any finishing thoughts here that you may feel are necessary and beneficial to the discussion. I'll be going for an MBA and a job in finance or consulting (Excel and Ppt Heavy with Al and data tools). I want a laptop around the 1.25 lakh mark anything under that (non-Mac). My top option rn seemS: 1. Samsung Galaxy Book5 2.Asus Vivobook s16 3. Maybe Lenovo Yoga 7i Please suggest and review these based on my use case. I will be going for Ultra 7 processor, but want to know if RAM 16GB is enough for me? Thank you",2,"{""subreddit"": ""SuggestALaptop"", ""num_comments"": 2, ""type"": ""post""}"
2026-04-18,reddit,Consumer Tech India,Lenovo,Hey somebody please tell whether to buy ultra book or gaming laptop if i have budget of Rupees 1 Lakh.,https://reddit.com/r/laptops/comments/1som0ri/hey_somebody_please_tell_whether_to_buy_ultra/,user_1b5c404818,Hey somebody please tell whether to buy ultra book or gaming laptop if i have budget of Rupees 1 Lakh. I recently gave my jee mains exam and on the basis of my response sheet and last year cutoff I can get tier 1or 2 colleges for CSE . So tell me whether to buy ultrabook or gaming one. I want laptop to do coding as well as basic level editing with intel ultra 5or 7 processor and 512 gb ssd or 1 tb and 16/24/32 gb ram I have some options 1 Lenovo yoga slim 7 2 Macbook air m4 3 lenovo loq 4 hp victus 5 lenovo ideapad pro 5 or any other option please tell,2,"{""subreddit"": ""laptops"", ""num_comments"": 5, ""type"": ""post""}"
2026-04-27,reddit,Consumer Tech India,ASUS,upgrading an Asus tuf a15,https://reddit.com/r/laptops/comments/1sxbr09/upgrading_an_asus_tuf_a15/,user_904db62df0,"upgrading an Asus tuf a15 okay so I bought it like 1.5 years ago and it came with 8gb ram and 512 ssd. I'm thinking about buying an another 16gb ram (ddr5) and a terabyte of storage because I have a second slot for each one. I found a pretty cheap ram on a site with good customer protection, and I'd buy the Kingston kc3000 brand new. is it a good idea? pls help me because I've literally never upgraded anything in this laptop lol (also I'm mainly doing it to play heavily modded Minecraft and to host an AI locally)",2,"{""subreddit"": ""laptops"", ""num_comments"": 0, ""type"": ""post""}"
2026-04-26,reddit,Consumer Tech India,Apple,Struggle for a laptop,https://reddit.com/r/laptops/comments/1swklos/struggle_for_a_laptop/,user_c770328bce,"Struggle for a laptop Hello everyone, I’m 16, based in Mumbai, and I’m caught in a loop where I need a laptop to do high-level technical work, but I have no way to earn the money for one without a laptop. I’m an AI/ML student with a solid handle on C programming and prompt engineering, but every ""easy"" earning site like Remotasks or Outlier is either a buggy mess on mobile or locked behind an 18+ ID wall. I’m looking for a way to actually use my technical brain on a mobile device—whether it’s high-tier prompt engineering for small businesses, technical tutoring for juniors, or something in the ""gig agent"" space—to realistically save ₹60k+ for a MacBook. I’m not looking for survey apps or clicking buttons for pennies; I need a high-value side hustle that works on a phone so I can finally get the hardware I need to start my career.",2,"{""subreddit"": ""laptops"", ""num_comments"": 4, ""type"": ""post""}"
2026-04-19,reddit,Consumer Tech India,Lenovo,Is the AMD processor that bad?,https://reddit.com/r/GadgetsIndia/comments/1spjs1y/is_the_amd_processor_that_bad/,user_7fb87ccb04,Is the AMD processor that bad? Planning to buy a lenovo loq The intel varient with 4050 costs more than the AMD 5050 varient I thought 5050 would be better decision but I'm now confused because last year there were many issues with the and varient motherboard dead and all I don't mind having just 1.5-2hr of battery life cause mostly I'll be using it with the charger so I need some opinion on this,2,"{""subreddit"": ""GadgetsIndia"", ""num_comments"": 32, ""type"": ""post""}"
2026-05-08,reddit,Consumer Tech India,Apple,750–900 USD) | Colombia | Designer torn between MacBook and gaming laptop,https://reddit.com/r/SuggestALaptop/comments/1t6xuo1/750900_usd_colombia_designer_torn_between_macbook/,user_6923b3f1f8,"750–900 USD) | Colombia | Designer torn between MacBook and gaming laptop LAPTOP QUESTIONNAIRE Total budget (in local currency) and country of purchase. Please do not use USD unless purchasing in the US: 3,000,000–3,500,000 COP Colombia Are you open to refurbs/used? Preferably new, but I’m open to used/refurbished if it’s a really good deal. How would you prioritize form factor, build quality, performance, and battery life? Performance and longevity are my top priorities. Build quality also matters. Battery life is nice, but not my main concern since I mostly work near a charger. How important is weight and thinness to you? Not very important. I actually tend to prefer bigger laptops. Do you have a preferred screen size? If indifferent, put N/A. 15” or bigger if possible. Are you doing any CAD/video editing/photo editing/gaming? List which programs/games you desire to run. I’m a designer. Right now I mainly use Adobe Illustrator and some basic Adobe Photoshop, but I want to keep learning more demanding software from Adobe like After Effects, Premiere Pro, etc. I also do social media design, branding, digital content, and sometimes light gaming. If you’re gaming, do you have certain games you want to play? At what settings and FPS do you want? Mostly casual games like Among Us, The Sims, Roblox, indie games, and sometimes older games for nostalgia. I don’t need ultra settings, just smooth gameplay. Any specific requirements such as good keyboard, reliable build quality",2,"{""subreddit"": ""SuggestALaptop"", ""num_comments"": 0, ""type"": ""post""}"
2026-05-07,reddit,Consumer Tech India,HP,Laptop Recommendations for College?,https://reddit.com/r/SuggestALaptop/comments/1t6kj8h/laptop_recommendations_for_college/,user_c3bbf8a0d0,"Laptop Recommendations for College? **Context: Moving to NYC in August at the Fashion Institute of Technology. I am a short-form faceless content creator who edits videos every day.** **Total budget (in local currency) and country of purchase. Please do not use USD unless purchasing in the US:** Down for any price, no more than around $1800 USD. United States **Are you open to refurbs/used?** Sure **How would you prioritize form factor (ultrabook, 2-in-1, etc.), build quality, performance, and battery life?** Don't mind any form factor, I'm aiming to have one powerful enough to handle college work, short-form video editing (capcut/after effects), and mid-tier occasional gaming. **How important is weight and thinness to you?** Since I will be in College I obviously do not want a very heavy thick laptop so I will occasionally bring it with me in my backpack. However, I imagine I will usually keep it in my dorm, so it is not a deal-breaker. **Do you have a preferred screen size? If indifferent, put N/A.** As I edit videos on my computer, I am used to having a bigger screen. Preferably a screen size on the wider range but smaller screen sizes are still considered as I could buy a second monitor. **Are you doing any CAD/video editing/photo editing/gaming? List which programs/games you desire to run.** I desire to run CapCut/After Effects; the only game I play is Undisputed, and games through console emulators. I will also do college work online. **If you're gaming, do you",2,"{""subreddit"": ""SuggestALaptop"", ""num_comments"": 3, ""type"": ""post""}"
2026-04-16,reddit,Consumer Tech India,Lenovo,Windows doesn't boot after secure boot is enabled.,https://reddit.com/r/Lenovo/comments/1sn5fly/windows_doesnt_boot_after_secure_boot_is_enabled/,user_d2467f48d9,"Windows doesn't boot after secure boot is enabled. I am facing a persistent Secure Boot issue on my Lenovo LOQ 16APH8 after updating the BIOS to version LYCN48WW (dated January 7, 2026). After the update, Secure Boot was automatically disabled. When I manually re-enabled Secure Boot in BIOS, my system stopped booting into Windows and instead showed a black screen with no error message. However, when Secure Boot is disabled, the system boots normally without any issues. This indicates that the Windows installation and bootloader are intact, but something is failing specifically during Secure Boot validation. I have already attempted multiple troubleshooting steps to resolve the issue. I reinstalled the same BIOS version (LYCN48WW), then downgraded to a previous BIOS version (LYCN47WW) using BIOS Back Flash, but the issue still persists. I also reset BIOS settings to defaults, disabled and re-enabled Secure Boot, and verified that the system is running in UEFI mode with Windows Boot Manager properly detected. Additionally, I attempted to repair the bootloader using commands like bcdboot and checked system integrity using SFC and DISM, all of which completed successfully without errors. At this point, it appears that the BIOS update may have corrupted or failed to properly initialize the Secure Boot key database in UEFI firmware. Since both BIOS reinstallation and downgrade did not resolve the issue, and Windows itself is functioning correctly when Secure Boot is disabled, I b",2,"{""subreddit"": ""Lenovo"", ""num_comments"": 6, ""type"": ""post""}"
2026-05-05,reddit,Consumer Tech India,HP,Engineering student laptop recommendations ($2k–$3k),https://reddit.com/r/SuggestALaptop/comments/1t40c5m/engineering_student_laptop_recommendations_2k3k/,user_5e84b442d2,"Engineering student laptop recommendations ($2k–$3k) **Total budget (in local currency) and country of purchase:** $2,000–$3,000 USD (United States), with some flexibility if there’s a strong recommendation. **Are you open to refurbs/used?** Not opposed, but would strongly prefer new. **How would you prioritize form factor (ultrabook, 2-in-1, etc.), build quality, performance, and battery life?** * Not interested in 2-in-1s * Looking for a workstation/gaming-style laptop * Performance is the top priority, followed by build quality * Battery life of \~5–6 hours or more would be ideal (more is always better) **How important is weight and thinness to you?** Prefer under \~6 lbs, but not a dealbreaker if performance is significantly better. **Do you have a preferred screen size? If indifferent, put N/A.** 15–16 inch preferred **Are you doing any CAD/video editing/photo editing/gaming? List which programs/games you desire to run.** * CAD (SolidWorks) * Coding (including some Linux use) * Engineering software (MATLAB, etc.) * Moderate gaming **If you're gaming, do you have certain games you want to play? At what settings and FPS do you want?** * Minecraft, Terraria, and some heavier titles like Elden Ring * Looking for high settings with smooth performance (\~60 FPS or higher; higher is a bonus but not necessary) **Any specific requirements such as good keyboard, reliable build quality, touch-screen, finger-print reader, optical drive or good input devices (keyboa",2,"{""subreddit"": ""SuggestALaptop"", ""num_comments"": 4, ""type"": ""post""}"
2026-05-09,reddit,Consumer Tech India,HP,[INDIA] SHOULD I GET A MAC OR GAMING LAPTOP?,https://reddit.com/r/SuggestALaptop/comments/1t8decg/india_should_i_get_a_mac_or_gaming_laptop/,user_db0833d14e,"[INDIA] SHOULD I GET A MAC OR GAMING LAPTOP? Total budget (in rupees)- \-60k to 1 lakh Are you open to refurbs/used? \-Yes How would you prioritize form factor (ultrabook, 2-in-1, etc.), build quality, performance, and battery life? \-I need it performance oriented as well as i need good battery life How important is weight and thinness to you? Not a big deal Do you have a preferred screen size? If indifferent, put N/A. \-N/A Are you doing any CAD/video editing/photo editing/gaming? List which programs/games you desire to run. \-I will do CAD If you're gaming, do you have certain games you want to play? At what settings and FPS do you want? \-at medium to high (60 to 120 fps) Any specific requirements such as good keyboard, reliable build quality, touch-screen, finger-print reader, optical drive or good input devices (keyboard/touchpad)? \-no Leave any finishing thoughts here that you may feel are necessary and beneficial to the discussion. \- I like gaming, not hardcore but i love it! I also need a good battery backup and a good software experience, also i need to run cad softwares. Help me experts",2,"{""subreddit"": ""SuggestALaptop"", ""num_comments"": 3, ""type"": ""post""}"
2026-05-13,reddit,Consumer Tech India,Acer,My dad won’t give me $80 to fix my laptop and I’m trying to apply for jobs 😭 any way to fix it myself?,https://reddit.com/r/laptops/comments/1tcgef2/my_dad_wont_give_me_80_to_fix_my_laptop_and_im/,user_8808c21c97,"My dad won’t give me $80 to fix my laptop and I’m trying to apply for jobs 😭 any way to fix it myself? &amp;#x200B; I genuinely feel like I’m losing my mind over this laptop lol. I have an Acer laptop I’ve had for almost 4 years now. It used to be super fast, no issues at all. Now it lags doing literally EVERYTHING. Like if I open Chrome and Settings at the same time, it freezes. Typing is horrible too. I’ll type a sentence in Word and it lags behind for like a whole minute before the words even appear 😭 I already tried a bunch of stuff by myself: formatted the laptop deleted basically everything cleaned memory/storage troubleshooting stuff I found online Nothing changed. The annoying part is I’m literally trying to apply for jobs from this laptop and my dad refuses to give me the $80 to get it checked/fixed professionally. So now I’m stuck trying to figure it out myself even though I honestly know nothing about computers. I don’t even download games or weird stuff on it, so I genuinely don’t know what happened. Is there anything I can try myself before giving up? Or does this sound like the laptop is just dying? 😭",2,"{""subreddit"": ""laptops"", ""num_comments"": 21, ""type"": ""post""}"
2026-05-09,reddit,Consumer Tech India,HP,"Need a 14 inch laptop for work, under 5k Reais or 1100 USD, Brazil or USA",https://reddit.com/r/SuggestALaptop/comments/1t7pkz9/need_a_14_inch_laptop_for_work_under_5k_reais_or/,user_5f3b0f3fce,"Need a 14 inch laptop for work, under 5k Reais or 1100 USD, Brazil or USA * **Total budget (in local currency) and country of purchase. Please do not use USD unless purchasing in the US:** Under 5k reais or 1100 usd. I am able to purchase in Brazil or USA. * **Are you open to refurbs/used?:** No. * **How would you prioritize form factor (ultrabook, 2-in-1, etc.), build quality, performance, and battery life?:** Should be a regular notebook (no touchscreen, 2-in-1 etc.), build quality is fairly important, performance on the apps I have listed is crucial and battery life is the most important factor, should have a long battery life. * **How important is weight and thinness to you?** Very important, I dont want something clunky. * **Do you have a preferred screen size?** 14 inch * **Are you doing any CAD/video editing/photo editing/gaming? List which programs/games you desire to run.:** Word, Excel, can handle a lot of tabs on the browser. * **If you're gaming, do you have certain games you want to play? At what settings and FPS do you want?:** Not gaming. * **Any specific requirements such as good keyboard, reliable build quality, touch-screen, finger-print reader, optical drive or good input devices (keyboard/touchpad)?**: A good trackpad and keyboard should be fine. Battery needs to keep its capacity for some years. * **Leave any finishing thoughts here that you may feel are necessary and beneficial to the discussion.** I have had a mackbook air and microsoft surface go 2 bef",2,"{""subreddit"": ""SuggestALaptop"", ""num_comments"": 0, ""type"": ""post""}"
2026-05-10,reddit,Consumer Tech India,Acer,Best Controller under ₹3000,https://reddit.com/r/IndianGaming/comments/1t908br/best_controller_under_3000/,user_d5e004e103,"Best Controller under ₹3000 I want to get a controller for my Laptop/PC and Android. It should have low latency and have 1000hz polling rate or above. I want something that can last for years. I don't think I'll play with Gyro cause it's something that I haven't tried and personally Gyro In mobile feels awful. I'll probably play some emulator games in my mobile while I'm traveling so it should also connect to mobile. I'm willing to spend 3k if its absolutely worth it. At the end of the day I want a good controller in a budget the cheaper the better. I've seen a lot of reviews and I'm confused on which one should I buy. The new Evofox One S V2 looks good , it has a PS layout which I like but it's triggered doesn't have hall effect(I guess because they don't advertise it) Cosmic Byte Ares has Hall effect trigger but I don't know if it has trigger lock which would be a huge bonus Acer Nitro Katana looks like a PS controller but I haven't seen its review anywhere so I'm hesitant to buy it Cosmic Byte Stellaris is the best budget controller that everyone suggests with trigger lock but I don't like the Xbox layout controller so I'm confused about it. Cosmic Byte Blits it features TMR joystick but doesn't have trigger lock and shares the same xbox layout. 8bitdo Ultimate2C is the best build controller out there but it's a bit expensive for me. Kreo Mirage looks good and has a PS layout, I don't know if it's triggers have hall effect.",2,"{""subreddit"": ""IndianGaming"", ""num_comments"": 9, ""type"": ""post""}"
2026-05-11,reddit,Consumer Tech India,Apple,Finally bought this !,https://reddit.com/r/GadgetsIndia/comments/1tablbb/finally_bought_this/,user_510b056c05,Finally bought this ! Bought my first iPhone !!! (iPhone 17e) After years from android. Any tips from iPhone users for me as a first time user ?,2,"{""subreddit"": ""GadgetsIndia"", ""num_comments"": 10, ""type"": ""post""}"
2026-04-14,reddit,Consumer Tech India,Lenovo,Any better option available or should I go for this,https://reddit.com/r/GadgetsIndia/comments/1slj4mz/any_better_option_available_or_should_i_go_for/,user_1b83038958,"Any better option available or should I go for this Lenovo LOQ Essential Intel Core i5 12th Gen 12450HX - (16 GB/512 GB SSD/Windows 11 Home/4 GB Graphics/ NVIDIA GeForce RTX 3050A) 15IAX9E Gaming Laptop (15.6 Inch, Luna Grey, 1.77 kg, With MS Office) Price 72,999 final price after CASHBACK - 69800",2,"{""subreddit"": ""GadgetsIndia"", ""num_comments"": 5, ""type"": ""post""}"
2026-05-13,reddit,Consumer Tech India,Dell,Water and Laptop,https://reddit.com/r/laptops/comments/1tborri/water_and_laptop/,user_94c3c0a11d,"Water and Laptop I’m using Latitude 3420 1. Small water exposure I’m not sure if my laptop can withstand small water drops (around 0.5–1 mm), which can happen from sneezing, talking, or a slightly wet finger while using a cold drink. I once had to turn it off after some minor water exposure on the keyboard. 2. Larger spill incident I once accidentally spilled a larger drop (about 0.5–1 cm) on the keyboard around 1-2 months ago. I turned it off, wiped it with a tissue, and left it upside down for 4–5 hours. It still works now, but I’m still worried that water may have entered the motherboard and caused hidden damage. Can any1 tell me is it possible for my Latitude 3420 to get damage?",2,"{""subreddit"": ""laptops"", ""num_comments"": 1, ""type"": ""post""}"
2026-05-10,reddit,Consumer Tech India,ASUS,Asus expert book p1 i5 or asus vivobook15 both 2026 variant which good for coding and programming?,https://reddit.com/r/GadgetsIndia/comments/1t8yhgz/asus_expert_book_p1_i5_or_asus_vivobook15_both/,user_83f8d2d0ce,"Asus expert book p1 i5 or asus vivobook15 both 2026 variant which good for coding and programming? Hi all, Which one is better and which other i should go for coding program under 50k?",2,"{""subreddit"": ""GadgetsIndia"", ""num_comments"": 2, ""type"": ""post""}"
2026-05-09,reddit,Consumer Tech India,Acer,"35k PC for my village friend, yet to deliver,need honest review",https://reddit.com/r/IndianGaming/comments/1t8fyed/35k_pc_for_my_village_friend_yet_to_deliverneed/,user_6b3595fc7c,"35k PC for my village friend, yet to deliver,need honest review Building a PC for a guy in my village to edit and play GTA V/older games . Budget was 35k max with monitor. Market is garbage right now so I had to go APU and will add a GPU later during sales. Specs: Ryzen 5 5500GT (10.5k) flipkay MSI A520M-A PRO (4.7k) mdcompu Deepcool PL550D 550W (3.6k) mdcmp Acer 24"" IPS monitor (5.6k) flipkart From Amazon: Ant Esports ICE-300 Mesh (2.6k) 8GB G.Skill Aegis RAM (5.6k) 256GB Consistent SSD (3.8k) (Total 11k with card discount) Total spent: \~35.6k.",2,"{""subreddit"": ""IndianGaming"", ""num_comments"": 21, ""type"": ""post""}"
2026-05-10,reddit,Consumer Tech India,Apple,Help me to choose phone,https://reddit.com/r/GadgetsIndia/comments/1t91psj/help_me_to_choose_phone/,user_ef23ec0f68,"Help me to choose phone Guys I'm thinking to buy phone but I am so confused what should I buy iphone 17 , oneplus 15, vivo x300. I need a daily driver photos and videos, mid gaming and long term use 4-5 years. Any of device I can get no preference need a good device according to my priority plz suggest me.",2,"{""subreddit"": ""GadgetsIndia"", ""num_comments"": 131, ""type"": ""post""}"
2026-05-12,reddit,Consumer Tech India,Apple,Magic Keyboard for IPad,https://reddit.com/r/GadgetsIndia/comments/1tat6ji/magic_keyboard_for_ipad/,user_05c2fd0d4e,Magic Keyboard for IPad I’m looking for a Magic Keyboard for my iPad A16. A substitute for the original one since the price point is too high. Please drop recommendations for a Magic Keyboard and a stylus as well!,2,"{""subreddit"": ""GadgetsIndia"", ""num_comments"": 4, ""type"": ""post""}"
2026-05-09,reddit,Consumer Tech India,Apple,55 inch TV relocation advice.,https://reddit.com/r/GadgetsIndia/comments/1t8cek7/55_inch_tv_relocation_advice/,user_9f80875d6c,55 inch TV relocation advice. I want to transit a my 55inch TV from Delhi to Himachal. I have TV's original box as well. Is it safe to transit via courier services? If yes which company is best for transiting such fragile goods. Kindly share your experience.,2,"{""subreddit"": ""GadgetsIndia"", ""num_comments"": 3, ""type"": ""post""}"
2026-05-06,reddit,Consumer Tech India,HP,Recommendations for first ever Laptop,https://reddit.com/r/SuggestALaptop/comments/1t57wxq/recommendations_for_first_ever_laptop/,user_19f022f74c,"Recommendations for first ever Laptop **Total budget:** 2-3 Lakh Indian Rupee **Are you open to refurbs/used?** Yes **How would you prioritize form factor (ultrabook, 2-in-1, etc.), build quality, performance, and battery life?** Performance&gt;Battery Life&gt;Build Quality&gt;Form Factor **How important is weight and thinness to you?** Not much **Do you have a preferred screen size? If indifferent, put N/A.** N/A (Will use an external monitor) **Are you doing any CAD/video editing/photo editing/gaming? List which programs/games you desire to run.** Blender, Premiere **If you're gaming, do you have certain games you want to play? At what settings and FPS do you want?** Don't care about quality as long it runs **Any specific requirements such as good keyboard, reliable build quality, touch-screen, finger-print reader, optical drive or good input devices (keyboard/touchpad)?** Fingerprint would be nice for security although not a deal breaker **Leave any finishing thoughts here that you may feel are necessary and beneficial to the discussion.** I will be joining an Engineering college to study Computer Science. I am interested in game dev and would like to try and make a few indie projects or participate in Game Jams. With these RAM and SSD prices I am lost on what to buy now. Any help would be deeply appreciated.",2,"{""subreddit"": ""SuggestALaptop"", ""num_comments"": 6, ""type"": ""post""}"
2026-05-12,reddit,Consumer Tech India,Apple,Is an iPad Pro M2 12.9” 1TB 5G worth buying in May 2026?,https://reddit.com/r/GadgetsIndia/comments/1tb3osl/is_an_ipad_pro_m2_129_1tb_5g_worth_buying_in_may/,user_7287e32fb5,"Is an iPad Pro M2 12.9” 1TB 5G worth buying in May 2026? I’m considering buying an iPad Pro M2 in May 2026. The main attraction is that the older M2 Pro models are available with high storage and cellular at relatively cheaper prices compared to newer iPad Pros. Current option: iPad Pro M2 12.9” Wi-Fi + 5G, 1TB listed around ₹1.19L Or iPad Pro M2 11” Wi-Fi + 5G, 2TB Both were available around ₹98k. So the appeal is mainly getting 1TB/2TB storage with 5G at a much lower price than current-gen iPad Pro models. Does buying the M2 iPad Pro 12.9” 1TB + 5G at around ₹1.2L in May 2026 still make sense, or does it not make sense because the tech is from 2022 even though the storage + cellular deal looks attractive?",2,"{""subreddit"": ""GadgetsIndia"", ""num_comments"": 8, ""type"": ""post""}"
2026-05-10,reddit,Consumer Tech India,Apple,iPhone 17 vs Vivo X300 vs Oppo Find X9  help me pick,https://reddit.com/r/GadgetsIndia/comments/1t99fsz/iphone_17_vs_vivo_x300_vs_oppo_find_x9_help_me/,user_3b82539488,"iPhone 17 vs Vivo X300 vs Oppo Find X9 help me pick Getting these prices offline * **Oppo Find X9** ₹61,000 * **Vivo X300** ₹63,000 * **iPhone 17** ₹71,000 My main priorities are strictly **UI** and **Camera** Battery doesn't matter to me but I need the phone to last at least 3 years Is the iPhone worth the extra 10k just for the UI and camera consistency? Or is the hardware on the Oppo Vivo just better for the money? Which one would you guys pick?",2,"{""subreddit"": ""GadgetsIndia"", ""num_comments"": 20, ""type"": ""post""}"
2026-05-10,reddit,Consumer Tech India,HP,Need Laptop recommendations,https://reddit.com/r/laptops/comments/1t975fe/need_laptop_recommendations/,user_4e814fd4d8,"Need Laptop recommendations \*\*LAPTOP QUESTIONNAIRE\*\* \* \*\*Total budget (in local currency) and country of purchase. Please do not use USD unless purchasing in the US:\*\* total budget is at the most 2,20,000 INR or 1700 Pounds \* \*\*Are you open to refurbs/used?\*\* no \* \*\*How would you prioritize form factor (ultrabook, 2-in-1, etc.), build quality, performance, and battery life?\*\* good battery life and definitely durable. \* \*\*How important is weight and thinness to you?\*\* \-would prefer something lightweight that is easy to carry \* \*\*Do you have a preferred screen size? If indifferent, put N/A.\*\* around 15 inches but im flexible with that \* \*\*Are you doing any CAD/video editing/photo editing/gaming? List which programs/games you desire to run.\*\* no \* \*\*Any specific requirements such as good keyboard, reliable build quality, touch-screen, finger-print reader, optical drive or good input devices (keyboard/touchpad)?\*\* no \* \*\*Leave any finishing thoughts here that you may feel are necessary and beneficial to the discussion.\*\* im in india currently and i will be going abroad to study in the uk and im open to buying at either location. im a cs student so i need recommendations according to that.",2,"{""subreddit"": ""laptops"", ""num_comments"": 2, ""type"": ""post""}"
2026-05-13,reddit,Consumer Tech India,Apple,Need Suggestions on iPhone 16,https://reddit.com/r/GadgetsIndia/comments/1tc959t/need_suggestions_on_iphone_16/,user_a34654cc60,Need Suggestions on iPhone 16 So I have any iphone 16 almost 9-10 months old and now i want to sell it so what would be the ideal price I should ask if it have two times screen replacement,2,"{""subreddit"": ""GadgetsIndia"", ""num_comments"": 2, ""type"": ""post""}"
2026-05-11,reddit,Consumer Tech India,HP,Best monitor for surfing internet with occasionally movie,https://reddit.com/r/GadgetsIndia/comments/1t9s9ex/best_monitor_for_surfing_internet_with/,user_c19b76c437,Best monitor for surfing internet with occasionally movie Size I want should be be around 27 inch. 120 fps supported as I will want it because my hp pavilion 14 does support only 60. Colors and screen resolution matter to me as I will be sending good chunk of my day on it budget max is 25 k,2,"{""subreddit"": ""GadgetsIndia"", ""num_comments"": 3, ""type"": ""post""}"
2026-05-06,reddit,Consumer Tech India,HP,"Which laptop should i buy? For daily use (college work), medium gaming, video and music editing work (under 75k-85k inr)",https://reddit.com/r/SuggestALaptop/comments/1t5mfwt/which_laptop_should_i_buy_for_daily_use_college/,user_42c0e4c56d,"Which laptop should i buy? For daily use (college work), medium gaming, video and music editing work (under 75k-85k inr) How important is weight and thinness to you? Doesn’t matter Do you have a preferred screen size? It should be good Are you doing any CAD/video editing/photo editing/gaming? Lite Video editing, gaming and music production If you're gaming, do you have certain games you want to play? At what settings and FPS do you want? \-idk yet but I'm not really into games Any specific requirements such as good keyboard, reliable build quality, touch-screen, finger-print reader, optical drive or good input devices (keyboard/touchpad)? \- i just need great performance, good battery and long lasting laptop",2,"{""subreddit"": ""SuggestALaptop"", ""num_comments"": 4, ""type"": ""post""}"
2026-05-11,reddit,Consumer Tech India,Lenovo,"Thinkbook 16 gen7 at 54,400rs, Good choice?",https://reddit.com/r/GadgetsIndia/comments/1t9wmes/thinkbook_16_gen7_at_54400rs_good_choice/,user_86015102db,"Thinkbook 16 gen7 at 54,400rs, Good choice? I have been thinking of buying the Lenovo thinkbook 16 gen 7 for a few months, but the prices are going crazy and after some student discount and all, I am receiving it price at 54,500 and maybe I can get some extra credit card discount of like 2000 or something so is it a good product at this pricing? The secs are ryzen 5 7535hs, 16gb ddr5, 512gb ssd",2,"{""subreddit"": ""GadgetsIndia"", ""num_comments"": 2, ""type"": ""post""}"
2026-05-11,reddit,Consumer Tech India,Lenovo,Tablet mainly for studying,https://reddit.com/r/GadgetsIndia/comments/1ta0lm5/tablet_mainly_for_studying/,user_25d14f6fd3,"Tablet mainly for studying I am looking to buy a tablet mainly for studying, note taking, watching lectures. My budget is around 30-45k. I had searched, but couldnt come to a conclusion. With sales going on in amazon and flipkart can anyone suggest me a good tablet. The ones i felt intrigued: 1)ipad 11th gen A16-but refresh rate 60 Hz is said to be downside, and ipads are not affordable in my budget range. 2)Xiaomi pad 8-Concerned about longevity compared to ipad 3)Lenovo idea tab pro-more affordable, not sure about the stylus and writing experience. 4)Samsung galaxy tab S9FE-costlier side Im a medicine graduate btw. It would be very helpful to have ur insights.",2,"{""subreddit"": ""GadgetsIndia"", ""num_comments"": 9, ""type"": ""post""}"
2026-04-18,reddit,Consumer Tech India,Lenovo,Need Help Choosing a Laptop for MBA + Gaming - Buy Now or Wait for Diwali Deals?,https://reddit.com/r/GadgetsIndia/comments/1soxkue/need_help_choosing_a_laptop_for_mba_gaming_buy/,user_19f30ef406,"Need Help Choosing a Laptop for MBA + Gaming - Buy Now or Wait for Diwali Deals? Namaskar Redditwasiyo 🙏 I’ll be starting my MBA soon and need a laptop that can handle both college work and some gaming on the side. Main things I care about: * Good performance for multitasking (Excel, PPTs, maybe some analytics tools) * Can handle modern games at decent settings * Solid battery life (important for classes) * Good storage (1TB preferred or upgradeable) These are the laptops I’ve shortlisted so far: * MSI Cyborg 15 (around 70K variant, not the 1L one) * ASUS TUF A15 * Lenovo LOQ series * HP Smartchoice Victus * HP Victus From what I’ve seen online, Cyborg looks good but people say performance and battery aren’t great on lower variants, so a bit confused **😕** Now the main question: Should I buy now or wait for Diwali sales? Are the discounts actually worth waiting for or not a huge difference? Also open to better suggestions in this range if I’m missing something obvious. Thanks in advance!",2,"{""subreddit"": ""GadgetsIndia"", ""num_comments"": 15, ""type"": ""post""}"
2026-04-04,reddit,Consumer Tech India,Lenovo,"Do not replace your parts under 3Y ADP / warranty program in india , do not purchase adp",https://reddit.com/r/Lenovo/comments/1sc4yo3/do_not_replace_your_parts_under_3y_adp_warranty/,user_5bcf2ad9a3,"Do not replace your parts under 3Y ADP / warranty program in india , do not purchase adp My Story I had purchased a lenovo legion 5 i5 -10300h and gtx 1650 in 2021 and purchased 3Y ADP around the same time , when 3 months were remaining i booked a service for fan cleaning / and regular maintaince this was just my second ever service as i am not a heavy user and only use it for coding , The service person visited my home he brought replacment fans , biggest mistake of my life , I let him replace the fans thinking they were new , the shitty lenovo india guys are replacing your fan with refursbished fans i didnt know that when the person replaced it , cut to 8 months later , one of the fans stops working , laptop was shutting down as the fan was spinning at very low speed , my warranty was over , lenovo website does not have replaceement fans , now this is the shit i am talking about when they are not selling the fans on the website , how come they are are able to give service to laptops that are under 3Y warranty /adp , that means they are using refurbished fans , Fans should not be refurbished or second hand , motherboard can be but fans should not , I hope this message reaches some officials in lenovo at higher post and they fix my fan situation asap , I have already logged a complaint in consumer forum and will log a complain in official court with help of my lawyer friend if situation remains unresolved . Thank You I belive lenovo will resolve my issue asap. Long time len",1,"{""subreddit"": ""Lenovo"", ""num_comments"": 1, ""type"": ""post""}"
2026-05-11,reddit,Consumer Tech India,Apple,Iphone 15 pro buy or not,https://reddit.com/r/GadgetsIndia/comments/1ta3h7r/iphone_15_pro_buy_or_not/,user_0635dfa405,"Iphone 15 pro buy or not Getting brand new 15 pro 256 gb for 62k from offline store, main priority is videography and cameras. Should I buy or is it too old now and look for some newer options?",1,"{""subreddit"": ""GadgetsIndia"", ""num_comments"": 6, ""type"": ""post""}"
2026-04-04,reddit,Consumer Tech India,Lenovo,Is E14 G7 Core U7 255H good?,https://reddit.com/r/SuggestALaptop/comments/1sc6k3g/is_e14_g7_core_u7_255h_good/,user_0904359ed2,"Is E14 G7 Core U7 255H good? Is the E14 G7 Core U7 255H good? Specifically the one with 2.8k display, 32GB RAM (dual) and 512GB SSD (add another later, no demand for storage as of now), 64Wh battery, Backlit keyboard, FP Reader, Al bottom Cost is around 128k INR (1350USD) from Lenovo.in prior CC offers etc. If there are other ThinkPads available with similar display and SOC, for a lower price, open to them.",1,"{""subreddit"": ""SuggestALaptop"", ""num_comments"": 1, ""type"": ""post""}"
2026-04-07,reddit,Consumer Tech India,Lenovo,Is the AMD T14s G4 a good choice for this price?,https://reddit.com/r/Lenovo/comments/1sf6fng/is_the_amd_t14s_g4_a_good_choice_for_this_price/,user_d053c9d4c5,"Is the AMD T14s G4 a good choice for this price? Hello, I’ve been looking for a new computer for the past two or three weeks after using an Acer Swift 3 for a few years. After doing a lot of research, I realized it would be better to get a ThinkPad if I wanted it to last through my new studies. I’m in my first year of computer science, and I have four more years to go. I also have a fully remote job that I do on my computer. I’m looking for a 14-inch laptop with good battery life (at least 6 hours for office work), an anti-glare/matte screen, preferably 1TB of storage and 32GB of RAM to give me plenty of room for my studies. And since I do transcription work, I need a flat keyboard, so no more than 1.5 mm in height. Budget: 1,400–1,500 euros. Except that ThinkPads are pretty expensive in France, so at that price, I’m only getting 512GB and 16GB of RAM, and it’s a real hassle to find one with good battery life based on the reviews I’ve come across. I thought I saw a consensus on the T14s G4 AMD. I found a refurbished one in “Perfect Condition” (1-year warranty) for 1,566 euros; it’s slightly over budget, but at first glance, it seems to have everything I want. Its specs (as listed on the site): Lenovo ThinkPad T14s G4 14"" Ryzen 7 PRO 7840U 3.3 GHz - 1TB SSD - 32GB RAM - AMD Radeon 780M - IPS display Will this model actually give me the battery life I'm hoping for? Is the price reasonable for a refurbished unit? Does the IPS screen come with a matte/anti-glare finish",1,"{""subreddit"": ""Lenovo"", ""num_comments"": 1, ""type"": ""post""}"
2026-04-04,reddit,Consumer Tech India,Lenovo,battery for Thinkpad 20L50067US,https://reddit.com/r/Lenovo/comments/1scmk3j/battery_for_thinkpad_20l50067us/,user_6936080f00,"battery for Thinkpad 20L50067US Hi, really hoping someone can help with this. I've had my Thinkpad for about two years. Never messed with the battery but it started giving me a message saying the computer doesn't recognize the battery / that it isn't a 'real' Lenovo battery etc. It is the original battery that came with the computer. I did everything I found online: tightening the screws, removing and replacing the battery, deleting the drivers and restarting, but nothing is working. I'm fine with buying a new one, but for some reason this is incredibly complicated? I'm pretty sure the model is ""20L50067US"" but I can't find the right battery anywhere. I just need to make this battery work or buy a new one. Lenovo customer service was no help. Can someone PLEASE just let me know the exact battery I need to buy?",1,"{""subreddit"": ""Lenovo"", ""num_comments"": 4, ""type"": ""post""}"
2026-04-05,reddit,Consumer Tech India,Lenovo,Please suggest laptop under 80K INR,https://reddit.com/r/SuggestALaptop/comments/1sd6d5n/please_suggest_laptop_under_80k_inr/,user_829792fe1a,"Please suggest laptop under 80K INR LAPTOP QUESTIONNAIRE * **Total budget (in local currency) and country of purchase. Please do not use USD unless purchasing in the US:** * 80K INR * **Are you open to refurbs/used?** * no * **How would you prioritize form factor (ultrabook, 2-in-1, etc.), build quality, performance, and battery life?** * form factor: normal (clamshell) or slim, build quality should be good, performance should be good enough to handle 4-5 daily-use applications such as browser, file manager, etc, battery life is the most important, i want a good battery * **How important is weight and thinness to you?** weight under 2kg, thinness under 1in. * **Do you have a preferred screen size? If indifferent, put N/A.** * screen size bigger than 16"" or 17"" would be preferable * **Are you doing any CAD/video editing/photo editing/gaming? List which programs/games you desire to run.** * i usually do minecraft modding development, code websites and run Agentic IDEs like Antigravity sometimes, and play a few steam games like Combat Master * **If you're gaming, do you have certain games you want to play? At what settings and FPS do you want?** * Combat Master (i think it runs well on all laptops above 50K, so no need for settings preference here), Modded minecraft (i usually run one instance which uses 6GB RAM, would like to run 2 to improve development times, GPU doesnt matter that much as an iGPU from a good CPU with a H or HX or HS should give me good enough performa",1,"{""subreddit"": ""SuggestALaptop"", ""num_comments"": 0, ""type"": ""post""}"
2026-04-10,reddit,Consumer Tech India,Lenovo,Laptop recommendation 800 - 1100 euros Ireland.,https://reddit.com/r/SuggestALaptop/comments/1shp2p3/laptop_recommendation_800_1100_euros_ireland/,user_f9c7018e43,"Laptop recommendation 800 - 1100 euros Ireland. &amp;#x200B; Total budget (in local currency) and country of purchase. Ireland €1100. Are you open to refurbs/used? Open to refurbs. How would you prioritize form factor (ultrabook, 2-in-1, etc.), build quality, performance, and battery life? performance, build quality, battery. How important is weight and thinness to you? 6 / 10. Do you have a preferred screen size? If indifferent, put N/A. preferably 13 - 15 Are you doing any CAD/video editing/photo editing/gaming? List which programs/games you desire to run. web devlopment , application development , lightweight vms/docker containers. Can run heavier IDE's like visual studio , jetbrains etc. Ideally being able to run multiple containers, interact with the ide, with an active AI agent and multiple chrome tabs smoothly. Any specific requirements such as good keyboard, reliable build quality, touch-screen, finger-print reader, optical drive or good input devices (keyboard/touchpad)? Must be Windows. Leave any finishing thoughts here that you may feel are necessary and beneficial to the discussion. Im a bit lost and am terrified to pull the trigger and get stuck with something that doesn't do what I need. models ive looked at so far are ACER Aspire Go 15 15.6"" Laptop - AMD Ryzen 7, 1 TB SSD, Silver. 650 euro. NEW Dell latitude 7320 intel core I7 - 11th gen 16GB DDR4 RAM 256GB NVMe SSD 13"" FHD touchscreen 450 euro refurbed 2 years old. Lenovo thinkpad",1,"{""subreddit"": ""SuggestALaptop"", ""num_comments"": 2, ""type"": ""post""}"
2026-05-11,reddit,Consumer Tech India,Apple,Help me to choose phone,https://reddit.com/r/GadgetsIndia/comments/1ta1wq5/help_me_to_choose_phone/,user_ef23ec0f68,Help me to choose phone I'm getting an iphone 15 pro at 66k 256gb storage in 66k. 90% battery health and 1025 cycle count should I got with it or skip?,1,"{""subreddit"": ""GadgetsIndia"", ""num_comments"": 8, ""type"": ""post""}"
2026-04-11,reddit,Consumer Tech India,Lenovo,Thinkpad P14s Gen 5 (intel Arc) vs Razor Blade 15 2022 (3070ti),https://reddit.com/r/SuggestALaptop/comments/1sio6vi/thinkpad_p14s_gen_5_intel_arc_vs_razor_blade_15/,user_106ca4d254,"Thinkpad P14s Gen 5 (intel Arc) vs Razor Blade 15 2022 (3070ti) Greetings everyone, I am swinging between 2 laptops, please help me to choose one. I already owned the razer blade. But the primary use of my laptop is work, coding, and software use. I do not game. The problem is Razer got really hot in normal day, I have to run the room AC. Some of my simulation takes days long (last one was 27 days). Also, the battery life is horrible. Another issue I found that, if I unplug the charger, the performance profile changes and if affects the simulation performance even if I connect to the power later. In short, my work requires a workstation grade laptop. However, the specs in razer is difficult to compete by other workstations. I am also biased to get a thinkpad rather than HP, Dell or others. Followings are the specs: Lenovo Thinkpad P14s: intel Core Ultra 9 185H, Intel arc graphics 8GB, 64GB DDR5, 1TB Gen 4 ssd, 14 inch FHD Ips Display Razer blade 15 2022 (advanced model): core i7 12800H, nvidia 3070ti, 64GB ram, 2 X 1TB ssd, 15 inch display 360Hz.",1,"{""subreddit"": ""SuggestALaptop"", ""num_comments"": 0, ""type"": ""post""}"
2026-05-11,reddit,Consumer Tech India,Apple,Should I get the x300,https://reddit.com/r/GadgetsIndia/comments/1ta3hsu/should_i_get_the_x300/,user_67a10c00ad,Should I get the x300 I am confused between iphone 17 and the x300 however I am leaning more towards the x300 because I want an android but I am concerned about the x300s thermal as I live in a place with very high temperature. Also I have seen a lot of posts claiming that vivo degrades their phone with updates. Recently I came across a lot of posts claiming a 10-20% in battery performance in x300 after recent updates. Should I play safe and get the iphone,1,"{""subreddit"": ""GadgetsIndia"", ""num_comments"": 1, ""type"": ""post""}"
2026-04-09,reddit,Consumer Tech India,Lenovo,I'm thinking of buying a refurbished laptop with these specs (i7 11th gen 16gb Ram 512 gb SSD). I have 3 models in my li,https://reddit.com/r/SuggestALaptop/comments/1sgntm9/im_thinking_of_buying_a_refurbished_laptop_with/,user_879beb579a,"I'm thinking of buying a refurbished laptop with these specs (i7 11th gen 16gb Ram 512 gb SSD). I have 3 models in my list(lenovo ThinkPad, Dell Latitude,hp elitebook). My use will be development+ movies+ gaming. Can you suggest which one is best in terms of performance, reliability, battery etc. suggest me some local shops in Bangalore if you bought any",1,"{""subreddit"": ""SuggestALaptop"", ""num_comments"": 1, ""type"": ""post""}"
2026-05-11,reddit,Consumer Tech India,HP,I'm looking forward to buy the HP victus thats comes with i5 14450HX with RTX 3050 6GB. Please guide me!,https://reddit.com/r/GadgetsIndia/comments/1taayee/im_looking_forward_to_buy_the_hp_victus_thats/,user_c4a9150133,I'm looking forward to buy the HP victus thats comes with i5 14450HX with RTX 3050 6GB. Please guide me! Is it a good choice in the 85-90k range for college work and decent 1080p gaming? I will be going to college this year.,1,"{""subreddit"": ""GadgetsIndia"", ""num_comments"": 2, ""type"": ""post""}"
2026-05-11,reddit,Consumer Tech India,Lenovo,Lenovo yoga 7i slim aura edition battery life?,https://reddit.com/r/Lenovo/comments/1tajt5h/lenovo_yoga_7i_slim_aura_edition_battery_life/,user_59ecb507be,"Lenovo yoga 7i slim aura edition battery life? When looking into this laptop one of the big deciders for me was the exceptional battery life, however after purchasing I haven’t been super impressed with it. I left it fully charged sitting on my table off for around 3 days and when I went to turn it on it was fully dead. Also I decided to test to see how long the battery lasts while playing a video and it only made around 10 hours. ( I was expecting closer to 17 from the reviews I seen) I’ve only had cheap laptops in the past so I assumed that one that cost 4 times what I normally pay would be much better I purchased the computer at Best Buy in Canada and I have 9 days to return it so I’m torn if I should take it back or just live with it. Is this normal for this laptop? Edit: it’s Model: 83HM0054CF",1,"{""subreddit"": ""Lenovo"", ""num_comments"": 5, ""type"": ""post""}"
2026-05-11,reddit,Consumer Tech India,Lenovo,Bought a Lenovo Yoga 7 from Flipkart... 5 Months Later Still “Out of Warranty” &amp; Now Keyboard Issues,https://reddit.com/r/Lenovo/comments/1ta6zap/bought_a_lenovo_yoga_7_from_flipkart_5_months/,user_12b4716808,"Bought a Lenovo Yoga 7 from Flipkart... 5 Months Later Still “Out of Warranty” &amp; Now Keyboard Issues Recently, I bought a Lenovo Yoga 7 2-in-1 from with open-box delivery. After receiving the laptop, I noticed the device was showing “Out of Warranty.” I immediately raised a warranty registration request on Lenovo and submitted all invoices and required documents. Since then, I’ve been continuously following up with both Lenovo and Flipkart customer care, but even after 5 months, the issue is still not resolved and my laptop still shows out of warranty. Now today, suddenly some of the keyboard keys stopped working. When I contacted Lenovo customer care and the service center, they simply said the device is out of warranty and I have to pay for the repair. This is honestly a very disappointing experience. I submitted everything on time, kept following up for months, and still got no resolution. Really frustrated with the service and support from Lenovo.",1,"{""subreddit"": ""Lenovo"", ""num_comments"": 2, ""type"": ""post""}"
2026-05-12,reddit,Consumer Tech India,HP,Motorola rejected my warranty claim for motherboard failure because of “minor scratches” - is this fair?,https://reddit.com/r/GadgetsIndia/comments/1tb1fmw/motorola_rejected_my_warranty_claim_for/,user_2ded660aa0,"Motorola rejected my warranty claim for motherboard failure because of “minor scratches” - is this fair? I purchased a Moto Edge 60 Fusion on 25 July 2025, and recently the phone abruptly stopped working completely. It became fully unresponsive and wouldn’t switch on even after charging attempts. I submitted it to an authorized Motorola service centre. After inspection, they informed me that the issue is related to the motherboard. Now here’s the frustrating part: Motorola rejected the warranty claim. The phone has NO liquid damage, NO major physical damage, and NO unauthorized repair history. The device only has very minor cosmetic scratches from normal daily usage. The service centre itself told me they can’t help because the rejection decision has come directly from the company side, and if they proceed without approval, they will have to bear the repair cost themselves. My question is: How can minor external scratches invalidate a motherboard-related warranty issue? A motherboard failure is clearly an internal hardware issue. If the phone suddenly dies within warranty period under normal usage, shouldn’t the company support the customer instead of finding reasons to deny warranty? I have already filed a consumer grievance and am escalating this further. Has anyone else faced similar issues with Motorola warranty support recently?",1,"{""subreddit"": ""GadgetsIndia"", ""num_comments"": 1, ""type"": ""post""}"
2026-04-15,reddit,Consumer Tech India,Lenovo,MBA and Finance Laptop,https://reddit.com/r/laptops/comments/1sm2wmv/mba_and_finance_laptop/,user_37d759acdd,"MBA and Finance Laptop I'll be going for an MBA and a job in finance or consulting (Excel and Ppt Heavy with AI and data tools). I want a laptop around the 1.25 lakh mark anything under that (non-Mac). My top option rn seems: 1) Samsung Galaxy Book5 2) Asus Vivobook s16 3) Maybe Lenovo Yoga 7i Please suggest and review these based on my use case. I will be going for Ultra 7 processor, but want to know if RAM 16GB is enough for me? Thank you 😊",1,"{""subreddit"": ""laptops"", ""num_comments"": 0, ""type"": ""post""}"
2026-05-12,reddit,Consumer Tech India,Apple,Oppo find x9s - interesting upcoming launch,https://reddit.com/r/GadgetsIndia/comments/1tb0ugv/oppo_find_x9s_interesting_upcoming_launch/,user_bd3092f210,"Oppo find x9s - interesting upcoming launch # Expected specs so far - * 6.3"" 1.5k 120hz oled * mediatek dimensity 9500s * hasselblad cameras * wireless charging * periscope zoom * big silicon-carbon battery * slim + compact body Ngl, the compact part is what caught my attention most. almost every flagship now feels like carrying a TV remote in your pocket. this one actually looks usable with one hand while still keeping flagship hardware. also really curious to see the dimensity 9500s in action because mediatek’s recent flagship chips have been strong with thermals and sustained performance. feels like the flagship chip race is getting way more competitive now... If Oppo prices this smartly in India, this could be a serious alternative to Samsung/Apple compact flagships",1,"{""subreddit"": ""GadgetsIndia"", ""num_comments"": 1, ""type"": ""post""}"
2026-05-12,reddit,Consumer Tech India,HP,Amazon Exchange Help,https://reddit.com/r/GadgetsIndia/comments/1tay9en/amazon_exchange_help/,user_2a7a9717e6,"Amazon Exchange Help Will I be able to exchange this laptop the screen has a line going through its entirety , Also both the shift keys and some of the numpad keys don't work willing to pay extra at the time of pickup. Just need that sweet sweet omen bonus exchange discount",1,"{""subreddit"": ""GadgetsIndia"", ""num_comments"": 1, ""type"": ""post""}"
2026-05-12,reddit,Consumer Tech India,Apple,Should i buy HDD or SSD for video and photo storage as a content creator?,https://reddit.com/r/GadgetsIndia/comments/1tavb5t/should_i_buy_hdd_or_ssd_for_video_and_photo/,user_62d1e57db5,Should i buy HDD or SSD for video and photo storage as a content creator? Whats the difference between then and which is more wise to buy. Iphone storage is almost full within first month of buying.,1,"{""subreddit"": ""GadgetsIndia"", ""num_comments"": 10, ""type"": ""post""}"
2026-05-12,reddit,Consumer Tech India,Apple,Is this suppose to happen,https://reddit.com/r/GadgetsIndia/comments/1tav37i/is_this_suppose_to_happen/,user_04084f254d,Is this suppose to happen new iPad 11 file size 319mb zooming out is not done by me not using any stylus and it happens usually,1,"{""subreddit"": ""GadgetsIndia"", ""num_comments"": 1, ""type"": ""post""}"
2026-04-18,reddit,Consumer Tech India,Lenovo,Lenovo,https://reddit.com/r/Lenovo/comments/1sos2gd/lenovo/,user_23eea1775a,"Lenovo Okay, maybe one of you can help me with this. I might be stupid, but I have no idea what else to do. See the picture at the bottom? There's usually an option to turn on Wi-Fi, but now it's gone and I can't find it anywhere. I've already looked in the settings to turn it on outside the main screen. I've also done a few basic things: updated the system, restarted the card, and searched Microsoft support, but the problem is so stupid that I don't think anyone else has had it before. Does anyone know how to fix this? model lenovo Yoga 7",1,"{""subreddit"": ""Lenovo"", ""num_comments"": 0, ""type"": ""post""}"
2026-04-19,reddit,Consumer Tech India,Lenovo,Clear cover Lenovo yoga 9i aura edition 10,https://reddit.com/r/Lenovo/comments/1spyfiy/clear_cover_lenovo_yoga_9i_aura_edition_10/,user_ed1917dd20,"Clear cover Lenovo yoga 9i aura edition 10 Hi all, Recenlty got the lenovo yoga 9i aura edition 10 and really happy with it, but because I use it for work it goes in my purse a lot and I would like to have a cover on it. Like a clear case like you would have a phone, but I cant seem to find one. They are all like book covers. Anyone any idea where I could find one? Preferably Europe :) Thanks in advance!",1,"{""subreddit"": ""Lenovo"", ""num_comments"": 2, ""type"": ""post""}"
2026-04-21,reddit,Consumer Tech India,Lenovo,Laptop not turning on,https://reddit.com/r/Lenovo/comments/1sr8quv/laptop_not_turning_on/,user_b5c00e21bd,"Laptop not turning on Laptop model: Lenovo Yoga Slim 7 15ILL9 After pressing the power button, the keyboard backlight and power button light will flash on and off, and fans will occasionally ramp up. But the display remains black. This started happening after I left the laptop idle for 1-2 hours. I'm guessing the automatic BIOS update happened while I wasn't looking and it failed partway through. I have tried connecting to another monitor, but there was no response. I also disconnected the battery and pressed the power button for 30+ seconds, but no change. The Novo button also didn't fix it. A BIOS flash via USB might fix it, but I can't find any information on how to get the required files in order to do that.",1,"{""subreddit"": ""Lenovo"", ""num_comments"": 7, ""type"": ""post""}"
2026-04-26,reddit,Consumer Tech India,Lenovo,Screen Issues with Lenovo Yoga (recently purchased as Open Box),https://reddit.com/r/laptops/comments/1swb688/screen_issues_with_lenovo_yoga_recently_purchased/,user_1c51ef0190,"Screen Issues with Lenovo Yoga (recently purchased as Open Box) I recently bought a Yoga laptop - can't remember exactly what model, but I got it as Open Box on Best Buy for about $850 (full price would have been around 1.4k or so, so it seemed like a good deal). It was an Excellent Condition Open Box. I think it was probably returned for the same issue I am seeing - namely, every once in a while, there are ""ripples"" on the screen. Not sure exactly how to describe this - sometimes it looks like just black, other times it's colors. It doesn't happen very often, and it hasn't impacted my use so far, but I'm about to get to the end of the 30 day return window and wanted to gauge your opinions on whether this would be a reason for you to return it or not? Otherwise, I like it - I'm no expert, but I wanted a laptop with good nits (I think this one has 500?), a good sound system and good battery life. And those are quite expensive at full price. I figured Best Buy wouldn't resell a machine that has serious issues - but I also don't want to keep and then in a few months find out that this issue is getting worse or causing major problems! TIA for your input",1,"{""subreddit"": ""laptops"", ""num_comments"": 2, ""type"": ""post""}"
2026-05-12,reddit,Consumer Tech India,Apple,Using iphone 13 battery at 65%,https://reddit.com/r/GadgetsIndia/comments/1tarbx3/using_iphone_13_battery_at_65/,user_d9b84fbd70,"Using iphone 13 battery at 65% i bought this iphone 13 second hand for 30k 1.5 year back when the battery health was 80% and now the battery health is 65%, i don't want to buy new iphone or shift to android i just want to install new battery in my iphone in recent day i am facing some challenges tried almost all workaround nothing working my iphone 13 is not charging at all, i was thinking to get the original battery but price is too high for me like 8k to 9k which i cannot afford so now i am thinking that is should get OEM battery which i asked a shop owner in nehru place saying will take me 1100 rs with 1 year warranty which i think is a great deal i am making this post to ask if someone in this subreddit used these OEM batteries and what is the performance i can expect and if this OEM batteries are reliable or not?",1,"{""subreddit"": ""GadgetsIndia"", ""num_comments"": 8, ""type"": ""post""}"
2026-05-11,reddit,Consumer Tech India,Apple,Should i buy a SSD for data storage or something else?,https://reddit.com/r/GadgetsIndia/comments/1taf3nu/should_i_buy_a_ssd_for_data_storage_or_something/,user_62d1e57db5,Should i buy a SSD for data storage or something else? Im a content creator and 256gb of my iphone is full within a month. What are the best options i have to get bigger storage?,1,"{""subreddit"": ""GadgetsIndia"", ""num_comments"": 9, ""type"": ""post""}"
2026-05-05,reddit,Consumer Tech India,Lenovo,Lenovo X1 Yoga Does Not Charge on Particular Chargers,https://reddit.com/r/Lenovo/comments/1t4ulrc/lenovo_x1_yoga_does_not_charge_on_particular/,user_10627d205c,"Lenovo X1 Yoga Does Not Charge on Particular Chargers Hi, I recently purchased a second-hand/used Lenovo X1 Yoga Gen 6, and have had some issues charging. The seller I purchased from did not include a charger, so I tried charging with some phone chargers. Although I've found that a charger that I use for my iPad works (slow, wattage unknown, but not at the 65W the original charger would've provided, but does deduce that my charging port does work. Charge port light turns orange in this case), I've tried with other chargers, notably a OnePlus SUPERVOOC charger that's rated up to 80W, which my X1 Yoga is not accepting any charge from (No charge indication, charge port light is off). I wanted to see if other folks had similar experiences or have any clues on how to troubleshoot if this is fixable without having to purchase a seperate 65W charger. I've additionally tried with another slow (wattage likely under that of the aforementioned iPad charger) charger, with no charge indication as well, so I'm wondering if there is some wattage at which below it, the X1 Yoga will not accept charge from. Thanks in advance!",1,"{""subreddit"": ""Lenovo"", ""num_comments"": 3, ""type"": ""post""}"
2026-05-06,reddit,Consumer Tech India,Lenovo,"nice display but no OLED, $1500-$1800 USD",https://reddit.com/r/SuggestALaptop/comments/1t4yvms/nice_display_but_no_oled_15001800_usd/,user_5da34f9213,"nice display but no OLED, $1500-$1800 USD Hello! i have been searching high and low for a laptop that meets my needs. i’m coming from a surface pro 5 which lasted me many years and has an incredible display (aside from the reflectiveness), with vibrant colors, high resolution, 100% sRGB. a new laptop display doesn’t have to match my surface pro, but i would like a laptop with a decent, color accurate, high res display for hobbyist photo editing and TV/movie streaming. OLEDs are so in right now but it just is not my preference. i also prefer to stay away from mac, dell, and hp. i have considered gaming laptops tho i worry they may be overkill and a bit too large, but if it meets my needs then im all ears. i know im picky, bear with me LAPTOP QUESTIONNAIRE Total budget (in local currency) and country of purchase. Please do not use USD unless purchasing in the US: - max price around $1800 USD Are you open to refurbs/used? - yes! would love some suggestions as i haven’t looked into this enough on my own yet How would you prioritize form factor (ultrabook, 2-in-1, etc.), build quality, performance, and battery life? - performance &gt; build quality &gt; battery life. How important is weight and thinness to you? - not very. i’m not likely to be on the go with this laptop too much, so portability and battery life aren’t huge concerns. Do you have a preferred screen size? If indifferent, put N/A. - 14” ideal, 15” max Are you doing any CAD/video editing/photo editing/gaming",1,"{""subreddit"": ""SuggestALaptop"", ""num_comments"": 2, ""type"": ""post""}"
2026-05-06,reddit,Consumer Tech India,Lenovo,mba m5 or lenovo yoga?,https://reddit.com/r/GadgetsIndia/comments/1t52fu9/mba_m5_or_lenovo_yoga/,user_a3bc728c8d,mba m5 or lenovo yoga? In couple of months ill be joining mh engineering college and my parents are being impatient to buy me new laptop. Which one should i get max budget is 140k including insurance. Also drop your suggestions about any other good laptop,1,"{""subreddit"": ""GadgetsIndia"", ""num_comments"": 1, ""type"": ""post""}"
2026-05-07,reddit,Consumer Tech India,Lenovo,Scammed or Not??,https://reddit.com/r/laptops/comments/1t6b81x/scammed_or_not/,user_04ac53422f,Scammed or Not?? So i got this Lenovo Yoga Slim 7x for Rs. 1.20L with snapdragon x elite chip... Was it worth buying or i got scammed?,1,"{""subreddit"": ""laptops"", ""num_comments"": 0, ""type"": ""post""}"
2026-04-13,reddit,Consumer Tech India,Lenovo,"Lightweight and portable laptop, Singapore",https://reddit.com/r/SuggestALaptop/comments/1sk29kp/lightweight_and_portable_laptop_singapore/,user_8df31f32dc,"Lightweight and portable laptop, Singapore Total budget (in local currency) and country of purchase. Less than 1k SGD Are you open to refurbs/used? Yes How would you prioritize form factor (ultrabook, 2-in-1, etc.), build quality, performance, and battery life? Battery life and build quality matters, performance not so much How important is weight and thinness to you? Very, lighter the better Do you have a preferred screen size? If indifferent, put N/A. N/A Are you doing any CAD/video editing/photo editing/gaming? List which programs/games you desire to run. PowerPoint, AnyDesk If you're gaming, do you have certain games you want to play? At what settings and FPS do you want? N/A Any specific requirements such as good keyboard, reliable build quality, touch-screen, finger-print reader, optical drive or good input devices (keyboard/touchpad)? Nope Leave any finishing thoughts here that you may feel are necessary and beneficial to the discussion. Hey guys, I’m currently using a Lenovo legion, which weighs around 5kg (charger + laptop) which is too bulky to bring around to site meetings for my work. I’m looking for a lightweight laptop that’s portable, doesn’t need to have high functionality as long as it can run PowerPoint and AnyDesk remote software. Was eyeing the new macbook Neo, but I’m concerned about possible interfacing issues when remoting back to my primary devices that runs on windows, as well as the lack of ports. Was also looking around for a r",1,"{""subreddit"": ""SuggestALaptop"", ""num_comments"": 0, ""type"": ""post""}"
2026-05-11,reddit,Consumer Tech India,Apple,"Flipkart Sale में बार-बार iPhone 17 Order Cancel, इसके पीछे क्या खेल चल रहा है?",https://reddit.com/r/GadgetsIndia/comments/1ta8o62/flipkart_sale_म_बरबर_iphone_17_order_cancel_इसक/,user_ab20aef60a,"Flipkart Sale में बार-बार iPhone 17 Order Cancel, इसके पीछे क्या खेल चल रहा है? Why is Flipkart doing this? Any technical reason behind this frequent order cancellations?",1,"{""subreddit"": ""GadgetsIndia"", ""num_comments"": 2, ""type"": ""post""}"
2026-05-10,reddit,Consumer Tech India,Lenovo,Which one should I buy? In india,https://reddit.com/r/laptops/comments/1t8xaiy/which_one_should_i_buy_in_india/,user_a3bc728c8d,Which one should I buy? In india I am confused between Asus Zenbook 14 and lenovo yoga pro 7i both comes with ultra 7 255H 32gb/1tb SSD. Which one should I buy with a budget of 1.3L inr.,1,"{""subreddit"": ""laptops"", ""num_comments"": 0, ""type"": ""post""}"
2026-05-11,reddit,Consumer Tech India,Lenovo,Is 3 hour battery life normal for a Lenovo Yoga 2 in 1?,https://reddit.com/r/laptops/comments/1t9p8ex/is_3_hour_battery_life_normal_for_a_lenovo_yoga_2/,user_86c573e1c2,"Is 3 hour battery life normal for a Lenovo Yoga 2 in 1? So around 1.5 months ago I bought this used Lenovo Yoga 2 in 1 for $327 and it has been working well, but the battery life is a bit concerning so I was wondering if this is the norm or if my battery needs replacing. Firstly, the battery that initially came with the laptop when I bought it was extremely faulty so I had it replaced immediately. It was static once plugged in and would shut down once the battery reached 20-30%. The store I bought from replaced it (via warranty) with a different battery that was I believe the same brand as the previous once. The issue is that the capacity went down from 83% to 65% within 3 charges and ever since it's been stuck between 40-65% capacity (it keeps jumping up and down) and at some point the battery life was around 4-6 hours depending on what I was using. I had no issue with 4-6 hours + I mostly used the laptop plugged in with the conservation mode turned on. Unfortunately, 2-3 days ago the capacity suddenly dropped down to 28% and said battery needs to be replaced as soon as possible. At first I wasn't worried because there was a time when the capacity dropped down to 25% and said battery needs replacing but the minute I plugged it in it went back to 60% so I assumed it's the same case here, but it's been stuck at that capacity and has been going down with each charge. The battery life has gone down to 3 hours max. Just 30 minutes ago I opened my laptop and it was at 57%. I",1,"{""subreddit"": ""laptops"", ""num_comments"": 6, ""type"": ""post""}"
2026-05-11,reddit,Consumer Tech India,Apple,find x9 vs iPhone 17 confusion,https://reddit.com/r/GadgetsIndia/comments/1ta8il4/find_x9_vs_iphone_17_confusion/,user_e7ccf10524,"find x9 vs iPhone 17 confusion my priority is ultrawide camera(both front and back), ois, great video quality as i shoot content, files transfer to window pc, and editing on the go. I've always used android so inclined towards oppo.. but iphone 17 seems tempting. find x9 offline rate im getting 63k and iphone is a bit over budget. can anyone please help me make a decision",1,"{""subreddit"": ""GadgetsIndia"", ""num_comments"": 4, ""type"": ""post""}"
2026-04-12,reddit,Consumer Tech India,Lenovo,"Suggest me! Getting refurbished laptop but not sure of the deal, budget 30 to 60K INR",https://reddit.com/r/laptops/comments/1sj8vmd/suggest_me_getting_refurbished_laptop_but_not/,user_c01490a714,"Suggest me! Getting refurbished laptop but not sure of the deal, budget 30 to 60K INR HP EliteBook Laptop | 840 G8 | Intel i7-11th Gen | 14"" HD | Win 11 Pro | Refurbished 32 GB / 512 GB SSD for INR 53,000/580 $ Dell Latitude 5000 Series 5330 Touch Screen (Intel Core i7 12th Gen 13.3 Inch)- Refurbished, 16 GB / 512 GB SSD for INR 40,000/430$ Lenovo Thinkpad X1 Carbon Series Gen 8 (Intel Core i7 10th Gen 14 Inch)- 16gb ram, 256 gb SSD for INR 35,000/ 370 USD OR BRAND NEW HP 15 Laptop, AMD Ryzen 7-5825U \[16GB DDR4 Ram/512GB SSD FOR INR 55,000/595 USD Please help me out in deciding. I'm a backend developer and need it for interviews, studying etc.",1,"{""subreddit"": ""laptops"", ""num_comments"": 0, ""type"": ""post""}"
2026-04-18,reddit,Consumer Tech India,Lenovo,Lenovo ideapad slim 5 ryzen 7 7735hs,https://reddit.com/r/Lenovo/comments/1sp09ej/lenovo_ideapad_slim_5_ryzen_7_7735hs/,user_e0e94bedf0,"Lenovo ideapad slim 5 ryzen 7 7735hs Okay so I’m planning to buy myself a laptop and thinking of buying this lenovo ideapad slim 5 but i heard lenovo laptops have some motherboard issues (previously on loq) but today i was checking about this laptop alot and saw review of getting it dead after some time. I want laptop to be hassle free and want to use it for long term 6-7 years. I saw another laptop with same specs but of hp with the same price but accordingly to my savior (chatgpt) lenovo is better than hp as lenovo have better cooling system, my main work for laptop would be office work and entertainment but also little bit of gaming like gta 5 and hitman only on medium setting are okay so yeah this laptop fullfill this but only want to ask about motherboard issues, should i gamble on it? I dont want my laptop to have any problem as I’m kinda buying it with arguments with my parents lol,",1,"{""subreddit"": ""Lenovo"", ""num_comments"": 2, ""type"": ""post""}"
2026-04-13,reddit,Consumer Tech India,Lenovo,What software to keep?,https://reddit.com/r/Lenovo/comments/1sklkme/what_software_to_keep/,user_cf41ce99ef,"What software to keep? Hi just bought a used thinkpad x9-14. I want to do a clean windows install and then get the latest drivers. what lenovo ""in-built"" software would you advise to download/keep. at the moment it just has vantage",1,"{""subreddit"": ""Lenovo"", ""num_comments"": 2, ""type"": ""post""}"
2026-05-12,reddit,Consumer Tech India,Dell,"Getting a secondhand dell precision 3470, anyone who's still using it? Need some help",https://reddit.com/r/laptops/comments/1tb7849/getting_a_secondhand_dell_precision_3470_anyone/,user_ae9b75bf8a,"Getting a secondhand dell precision 3470, anyone who's still using it? Need some help My use case is I'm a lawyer and have to use my laptop outdoors sometimes. I also wanna edit videos. It's got a 4gig nvidia quadro with 16 gigs Ram and 512 SSD. I'm getting this for 400 dollars.",1,"{""subreddit"": ""laptops"", ""num_comments"": 1, ""type"": ""post""}"
2026-05-13,reddit,Consumer Tech India,HP,Recomend me laptops to buy under 125000 INR (India),https://reddit.com/r/laptops/comments/1tby0tn/recomend_me_laptops_to_buy_under_125000_inr_india/,user_e3c9647323,Recomend me laptops to buy under 125000 INR (India) My requirements : 1. Either a RTX 5050 or RTX 4060 2. AMD RYZEN 7 260 or better or good replacements of R7 260. Not intel because I want good battery life 3. Good battery life upto 4+ hours in normal light usage mode and 2 hours in heavy usage mode 4. Good display and other good specs and build quality and good lasting 5. Expandable RAM and Storage. 24GB and 1TB are preferred but 16GB is okay if Expandable,1,"{""subreddit"": ""laptops"", ""num_comments"": 3, ""type"": ""post""}"
2026-05-08,reddit,Consumer Tech India,Lenovo,Field use laptop for amateur radio hobby,https://reddit.com/r/SuggestALaptop/comments/1t7lgrf/field_use_laptop_for_amateur_radio_hobby/,user_e164cc4607,"Field use laptop for amateur radio hobby Hi, I'm looking for some general suggestions for a budget friendly field use laptop to use for my hobby of amatuer/ham radio. This laptop would be used to run a variety of software that is relatively low in resource demand (WSJTX, Winlink, Gridtracker, and some logging software that is basically no more resource intensive than running microsoft office). I will bring the laptop outdoors, take it camping, etc. Often times I'm in a sheltered area, under a pavilion or tent. I know screen nits is a concern, but it seems that there aren't many budget options that have good outdoor readable screens from what I'm finding? Correct me if I'm wrong. Right now, I'm using a cheap $300 12"" ASUS N4500 4gb ram 2 in 1 laptop that I purchased about 3 years ago. It ran everything at an ""OK"" performance level but now over the past year it has gotten pretty painful to use. The touch functionality sucked and was buggy, so I rarely used it. My other hobby is photography, I have a very high powered desktop at home, so I get stuck going down the rabbit hole researching laptops and before I know it I am looking at $1,500 devices. The last nearly $2k laptop I purchased ran everything at light speed only for its battery to swell up and damage the laptop about 5 years in. So, I'm reluctant to spend big on a laptop especially when I don't need the huge power for field use and small lightweight programs. For this use-case, I don't care about big graphics perfor",1,"{""subreddit"": ""SuggestALaptop"", ""num_comments"": 0, ""type"": ""post""}"
2026-05-13,reddit,Consumer Tech India,HP,"Please help suggest a laptop (Budget- 1 to 2 Lakhs, India)",https://reddit.com/r/laptops/comments/1tbsr99/please_help_suggest_a_laptop_budget_1_to_2_lakhs/,user_1537a74b5f,"Please help suggest a laptop (Budget- 1 to 2 Lakhs, India) Hello! I am an electrical engineering undergraduate trying to shift to the software domain. Which laptop would suit better for me, IOS or HP Omen? **LAPTOP QUESTIONNAIRE** * **Total budget (in local currency) and country of purchase. Please do not use USD unless purchasing in the US:** 1 to 2 Lakhs, India * **Are you open to refurbs/used?** No * **How would you prioritize form factor (ultrabook, 2-in-1, etc.), build quality, performance, and battery life?** Since I might have to use it during classes, a good battery life is essential. * **How important is weight and thinness to you?** Something that I can carry around in my college bag * **Do you have a preferred screen size? If indifferent, put N/A.** N/A * **Are you doing any CAD/video editing/photo editing/gaming? List which programs/games you desire to run.** I wish to use it mainly for coding and stuff I might need to install for studying. * **If you're gaming, do you have certain games you want to play? At what settings and FPS do you want?** I'm not into gaming currently but that is something I want to get into. * **Any specific requirements such as good keyboard, reliable build quality, touch-screen, finger-print reader, optical drive or good input devices (keyboard/touchpad)?** Yes, good keyboard would be helpful along with a system that cools down quickly. * **Leave any finishing thoughts here that you may feel are necessary and beneficial to the discussi",1,"{""subreddit"": ""laptops"", ""num_comments"": 1, ""type"": ""post""}"
2026-05-10,reddit,Consumer Tech India,Lenovo,Tablet Purchase Suggestion,https://reddit.com/r/Lenovo/comments/1t8xibz/tablet_purchase_suggestion/,user_b8294063f2,"Tablet Purchase Suggestion Hello everyone. I am thinking of buying a tablet with 256GB ROM. **Uses**: Studying PDFs, seeing lectures and taking notes, and watching films and web series. **Budget**: ₹30000-31000 (with stylus pen and after card discount). **Requirements**: Processor should be good enough, battery needs to be at least 10000 mAh, fingerprint scanner and expandable memory should be there. Most importantly, the tablet should run without lags for at least 4.5 to 5 years. Considering all these, my options probably narrow down to **Redmi Pad 2 Pro** and **Lenovo Idea Tab Pro**. Now, there are a few points which are making it difficult for me to make a choice. 1. The Lenovo tablet comes with Android 14 and provides just 2 years of Android updates, which means it will receive updates till Android 16 only, which has already launched in 2026. So will it suffice till 2030-31? On the other hand, the Redmi tablet launched with Android 15 and provides with 5 years of Android updates. 2. The Redmi tablet doesn't have a fingerprint scanner, and has just 8 GB of RAM. In this era of increasing AI features and larger app updates, Android updates, Google Play Services updates etc., I don't feel that this RAM will be enough for the tablet to run smoothly for 5 years. 3. The Lenovo tablet comes with around 2000 mAh less battery, but has a charger of 45 W, as opposed to Redmi's 33 W charger. Taking all these into consideration, please tell me which tablet should I go for bet",1,"{""subreddit"": ""Lenovo"", ""num_comments"": 1, ""type"": ""post""}"
2026-05-10,reddit,Consumer Tech India,Lenovo,Architect looking for a new laptop,https://reddit.com/r/SuggestALaptop/comments/1t8y1rp/architect_looking_for_a_new_laptop/,user_c210240e77,"Architect looking for a new laptop Hi everyone, I'm an architect looking for a new laptop. This computer will be used only for personal work (I have a separate computer for my day job). I am currently using an HP Spectre x360 from around 2019. Looking for some of your expert advice to help me brainstorm. I would like to purchase something in the next 6 months. **LAPTOP QUESTIONNAIRE** * **Total budget (in local currency) and country of purchase. Please do not use USD unless purchasing in the US:** Ideally looking to pay between $1600 &amp; $2000 USD could be convinced to up the budget if its worth it * **Are you open to refurbs/used?** Yes, although I would like to touch the computer in person somewhere if I can * **How would you prioritize form factor (ultrabook, 2-in-1, etc.), build quality, performance, and battery life?** I'm used to a 2 in 1, although I don't really use the touch screen as much as I thought I would. Build quality is fairly important, I want it to feel nice since this is a lot of money, battery life is kind of important but not as important as the others. * **How important is weight and thinness to you?** medium important, I don't really like the chunky gaming laptops, the spectre x360 is really thin so that's what I'm used to * **Do you have a preferred screen size? If indifferent, put N/A.** I have used 17 inch laptops for the past 15 years, I think 17 inch is too big. I would be open to getting something smaller as I have two external monitors that I",1,"{""subreddit"": ""SuggestALaptop"", ""num_comments"": 9, ""type"": ""post""}"
2026-05-12,reddit,Consumer Tech India,Lenovo,Looking for laptop recommendations,https://reddit.com/r/laptops/comments/1tamq3d/looking_for_laptop_recommendations/,user_9cb8ecb82f,"Looking for laptop recommendations I’m looking for some laptop recommendation. Total budget (in local currency) and country of purchase. Please do not use USD unless purchasing in the US: Canada, 2500 CAD Are you open to refurbs/used? No How would you prioritize form factor (ultrabook, 2-in-1, etc.), build quality, performance, and battery life? Good screen that won’t be prone to burn-in (I often leave my laptop open and on for days at a time) Reliable for everyday use and longevity Preferably quieter than a typical gaming laptop How important is weight and thinness to you? Not at all. Do you have a preferred screen size? If indifferent, put N/A. 15"" or Larger Are you doing any CAD/video editing/photo editing/gaming? List which programs/games you desire to run. Cyberlink Power Director 19 Railway Empire 2 (Steam) If you're gaming, do you have certain games you want to play? At what settings and FPS do you want? As above, not THAT into gaming Any specific requirements such as good keyboard, reliable build quality, touch-screen, finger-print reader, optical drive or good input devices (keyboard/touchpad)? 32GB RAM, 1TB SSD Decent battery life is nice, but not my main concern as I rarely unplug my laptop or use it away from home Leave any finishing thoughts here that you may feel are necessary and beneficial to the discussion. I’m in Canada, so Canadian availability/pricing matters, and I’d like to stay under about $2500 CAD. My current laptop is an Acer N",1,"{""subreddit"": ""laptops"", ""num_comments"": 1, ""type"": ""post""}"
2026-05-13,reddit,Consumer Tech India,Lenovo,ThinkPad E series vs IdeaPad vs thinkbook (these are the most I can afford).,https://reddit.com/r/laptops/comments/1tbzra5/thinkpad_e_series_vs_ideapad_vs_thinkbook_these/,user_d89faa79df,"ThinkPad E series vs IdeaPad vs thinkbook (these are the most I can afford). Or should I consider a Dell Inspiron, ASUS TUF, or HP OmniBook instead? (All 6 options having similar specs) I’m a software engineering student and want a laptop that will last at least 5 years. Which option would be the best? 1. ThinkPad E14 - AMD Ryzen 7 250, 16GB RAM, 512 SSD, Win 11 Home - 87k rupees ($950 appx) 2. [ThinkBook 14 - AMD Ryzen 7 250, 16GB RAM, 512 SSD, Win 11 Home]( \- 78k 3. IdeaPad Slim 3 Gen 10, AMD Ryzen 8840hs, 16GB RAM, 512 SSD, Win 11 Home- 78.5k 4. Dell Inspiron Intel Ultra 5 225h,16GB RAM, 512 SSD, Win 11 Home- 75k I am leaning towards thinkpad E.",1,"{""subreddit"": ""laptops"", ""num_comments"": 4, ""type"": ""post""}"
2026-05-12,reddit,Consumer Tech India,Lenovo,Best option for SSD 2026[INDIA],https://reddit.com/r/laptops/comments/1tb814h/best_option_for_ssd_2026india/,user_68dfecc8f9,Best option for SSD 2026[INDIA] I have a legion 5 I wanted to upgrade it's storage. So can anybody tell me the most reliable ssd options. Does not need to be fastest and should not be way tooo expensive (like some samsung one's). Also some guy on reddit said that WD green are not reliable is it true cause those are the cheapest ones that I can find,1,"{""subreddit"": ""laptops"", ""num_comments"": 0, ""type"": ""post""}"
2026-05-12,reddit,Consumer Tech India,HP,Laptop exchange through amazon,https://reddit.com/r/laptops/comments/1tb7wlp/laptop_exchange_through_amazon/,user_e325123089,"Laptop exchange through amazon i was thinking of buying a HP Victus during this summer sale using the exchange offer, but i have some doubts regarding the entire exchange thing. all they asked for on the website was the brand, processor and os. they offered ₹23k for it and the price of the victus dropped from ₹87k to ₹64k. i have a budget of ₹65k so here are my doubts: 1. on some sources i found that the delivery agent might change the offer for the exchange at time of assessment during delivery, but ill be paying earlier right, so will i have to pay ₹64k or ₹87k? 2. my old laptop (asus vivobook i3 8th gen) is in a pretty good condition to be honest, there are minimal scratches on the top which isnt that noticable, there are no dents, the screen is in good condition, the keyboard and touchpad is working normally, the only issue is that the speakers are kinda messed up. the sound that comes out is just cacophony lol. will the delivery agent assess the speakers? if so, by how much would the original offer (₹23k) drop? im honestly kinda anxious because some people say they dont assess the speakers, but the website says they do a functional check, so im confused, and also if i have to pay 87k upfront instead of 64k, ill have to put the entire transaction aside because i cant pay more than 65k any help is appreciated, thanks!",1,"{""subreddit"": ""laptops"", ""num_comments"": 0, ""type"": ""post""}"
2026-05-12,reddit,Consumer Tech India,ASUS,Laptop suggestions for BTech CSE student under ₹80k (Coding + Editing +Minecraft/Fortnite),https://reddit.com/r/laptops/comments/1tb50p6/laptop_suggestions_for_btech_cse_student_under/,user_db1462c9fa,"Laptop suggestions for BTech CSE student under ₹80k (Coding + Editing +Minecraft/Fortnite) **Title:** Need laptop recommendation for BTech CSE student under ₹80k **Budget:** ₹80,000 max **Country:** India **Main Use:** * BTech CSE coursework * Coding/programming * Freelancing/video editing * Casual gaming (Minecraft &amp; Fortnite) **Games:** * Minecraft * Fortnite **Preferred Specs:** * Ryzen 7 / Intel i5 or i7 H-series * 16GB RAM preferred * Dedicated GPU preferred (RTX 3050/4050 if possible) * SSD storage **Battery Life:** Don’t really care much about battery life **Weight/Build:** Don’t care much about weight/thinness **Other Requirements:** * Good thermals * Reliable for 4 years of college * Good display for editing/content work I’m confused whether I should go for: * A gaming laptop for better performance * Or a lighter productivity laptop Please suggest the best options around this budget and also tell me if RTX 3050 is enough for my needs. Thanks!",1,"{""subreddit"": ""laptops"", ""num_comments"": 0, ""type"": ""post""}"
2026-05-11,reddit,Consumer Tech India,Apple,Iphone 17 at 73k,https://reddit.com/r/GadgetsIndia/comments/1t9z8lb/iphone_17_at_73k/,user_90af149854,Iphone 17 at 73k I am getting iphone 17 at 73k from local store is it good to go with it? Or for 4k more discount should i go with flipkart?,1,"{""subreddit"": ""GadgetsIndia"", ""num_comments"": 5, ""type"": ""post""}"
2026-05-12,reddit,Consumer Tech India,HP,Need a laptop recommendation,https://reddit.com/r/laptops/comments/1tb3hg0/need_a_laptop_recommendation/,user_0d023ef782,"Need a laptop recommendation Total budget (in local currency) and country of purchase. Till 100k inr Are you open to refurbs/used? Maybe How would you prioritize form factor (ultrabook, 2-in-1, etc.), build quality, performance, and battery life? Battery life should be good (does not die on me 1-2 hrs after full charge) How important is weight and thinness to you? Does not care that much bout it Do you have a preferred screen size? If indifferent, put N/A. N/A Are you doing any CAD/video editing/photo editing/gaming? List which programs/games you desire to run. Am gonna use it for Machine/Deep learning and Cybersecurity work Would want to run a linux on it as well If you're gaming, do you have certain games you want to play? At what settings and FPS do you want? No games keyboard, reliable build quality, touch-screen, finger-print reader, optical drive or good input devices (keyboard/touchpad)? Keyboard ofc",1,"{""subreddit"": ""laptops"", ""num_comments"": 1, ""type"": ""post""}"
2026-05-12,reddit,Consumer Tech India,HP,Confused with my HP Elitebook Ultra.,https://reddit.com/r/laptops/comments/1tb0ai3/confused_with_my_hp_elitebook_ultra/,user_7901c2c1e8,"Confused with my HP Elitebook Ultra. Hi all, I just purchased a used HP Elitebook Ultra, and I’m a bit confused with it. From what I can tell through the documentation I have looked at, you could only purchase it with the OLED screen, yet mine seems to have the sure view screen which I don’t think was ever available, at least not to consumers. I’m not sure if different specs changed it so the specs of my model are as follows: Intel Ultra 258v 32gb ram 1tb storage 5g optioned. Can anybody let me know how my laptop has ended up with this sureview screen? 1 more question as well, did I choose the right laptop? My requirements were; cpu past meteor lake, 32gb of ram, 14” screen or below, WWAN, and max price of 1500 AUD (1085 USD). Do you think this was the right choice?",1,"{""subreddit"": ""laptops"", ""num_comments"": 1, ""type"": ""post""}"
2026-05-12,reddit,Consumer Tech India,HP,“Would not recommend this HP laptop”,https://reddit.com/r/laptops/comments/1tau6qm/would_not_recommend_this_hp_laptop/,user_724b6ae0d4,"“Would not recommend this HP laptop” Very disappointed with this HP laptop. I bought the HP Laptop 14 (5SZ54EA#ABV) with Intel i5-8265U processor expecting decent quality and reliability, but it turned out to be one of my worst tech purchases. The laptop started giving serious problems including motherboard issues, display glitching, and even the cooling fan stopped working properly. Because of the fan problem, the laptop heats up very quickly during normal use. The display randomly glitches and flickers which makes it frustrating to use for studying or work. I already had to spend around ₹6000 on motherboard repairs, which is unacceptable for a laptop from a major brand like HP. Even after repair, the performance is still poor because of the 4GB RAM and overall slow system response. I used this laptop carefully mainly for study and normal work, not heavy gaming or editing, yet it still failed badly. I expected reliability and durability from HP, but instead I got constant technical problems, repair costs, overheating, and stress. Completely not satisfied with this laptop or the overall experience. I would not recommend this model to anyone looking for a dependable laptop.",1,"{""subreddit"": ""laptops"", ""num_comments"": 13, ""type"": ""post""}"
2026-05-02,reddit,Consumer Tech India,HP,"laptop for btech cse under 50k (no macbook please, only windows)",https://reddit.com/r/SuggestALaptop/comments/1t1uovx/laptop_for_btech_cse_under_50k_no_macbook_please/,user_4d3727b1a1,"laptop for btech cse under 50k (no macbook please, only windows) LAPTOP QUESTIONNAIRE **Total budget (in local currency) and country of purchase. Please do not use USD unless purchasing in the US:** 45k to 50 k (in rupees) (inr) ***Are you open to refurbs/used?*** no, no refurbs or used **How would you prioritize form factor (ultrabook, 2-in-1, etc.), build quality, performance, and battery life?** performance - for coding in college, negligible gaming battery life- atleast 8 to 10 hrs **How important is weight and thinness to you?** light weight and thin would be great **Do you have a preferred screen size? If indifferent, put N/A.** above 13 inch **Are you doing any CAD/video editing/photo editing/gaming? List which programs/games you desire to run.** coding (i will be starting college) **If you're gaming, do you have certain games you want to play?** maybe minecraft (if i had time, ik i won't) **Any specific requirements such as good keyboard, reliable build quality, touch-screen, finger-print reader, optical drive or good input devices (keyboard/touchpad**)? no touch screen, but 180 degree bending (idk), and yess build quality should be good",1,"{""subreddit"": ""SuggestALaptop"", ""num_comments"": 1, ""type"": ""post""}"
2026-05-11,reddit,Consumer Tech India,HP,Laptop Recomendations for Basic Usage under 40k INR,https://reddit.com/r/laptops/comments/1ta54qt/laptop_recomendations_for_basic_usage_under_40k/,user_e5a98b8274,"Laptop Recomendations for Basic Usage under 40k INR Please suggest good laptop options in under 40k for SAP, YouTube and basic tasks",1,"{""subreddit"": ""laptops"", ""num_comments"": 1, ""type"": ""post""}"
2026-05-11,reddit,Consumer Tech India,ASUS,ASUS ROG G STRIX 16 Thermal Throttling,https://reddit.com/r/laptops/comments/1ta1nmx/asus_rog_g_strix_16_thermal_throttling/,user_764a0e4f92,"ASUS ROG G STRIX 16 Thermal Throttling it's been around 7 - 8 months since i got this new laptop , 2025 ver of this laptop, the exact name is asus rog g strix 16 the specs are as follows: intel ultra 9 275hx 24 cores 32 gigs ddr5 ram rtx 5070ti 12gb variant now i was experiencing the throttling issue at the start but didnt reallly realize it , i was playing beamng drive which was the core reason how i found out my cpu was thermal throttling , as the game is driven by physics and is more intensive on the cpu , i found out that when i spawn in more cars , the cpu hits 40W (max) and stops right there, i was confused cause this can easily 120+ if need be and then i ran a bunch of tests on cinebench r23 and timespy on 3d mark demo the score on r23 was 21000 which was low apparently and the timespy score was 16000 which is also low, the best score w the same specs was 21000 assuming that the 21k score was actually tuned or overvolted but even then the 5k gap isnt explainable and i also used aida64 to find that it thermal throttles instantly just under load []( []( as you can see it barely crosses above 36W due to the thermal thro",1,"{""subreddit"": ""laptops"", ""num_comments"": 0, ""type"": ""post""}"
2026-05-11,reddit,Consumer Tech India,ASUS,Brand New ASUS Zenbook Keeps Crashing,https://reddit.com/r/laptops/comments/1t9nvha/brand_new_asus_zenbook_keeps_crashing/,user_d9ee88b72b,"Brand New ASUS Zenbook Keeps Crashing So I just bought a brand new Zenbook 14 OLED from best buy and it will periodically just crash and give me a ""Your device needs a restart"" message. It will happen right after I open the laptop and just use normal things like chrome or steam. It has a different error message each time too, the most recent one being ""IRQL Not Less Or Equal"" I'm coming from MacOS so most of this is foreign to me but I'm pretty good with computers. I updated the BIOS, made sure windows was up to date, and installed new Graphics and chipset driver updates. Also, after it freezes and ultimately gives me a restart message, the fans will kick on high until I turn the laptop off. The issue seems to be pretty random apart from the occasional reset right after I open the laptop. Does anyone have any recommendations? I've seen a bunch of stuff about drivers and BIOS so maybe I missed something there?",1,"{""subreddit"": ""laptops"", ""num_comments"": 4, ""type"": ""post""}"
2026-05-03,reddit,Consumer Tech India,HP,"Suggest me a Laptop for running Mechanical softwares like ANSYS, CAD etc.",https://reddit.com/r/SuggestALaptop/comments/1t2rkg9/suggest_me_a_laptop_for_running_mechanical/,user_75eff8591b,"Suggest me a Laptop for running Mechanical softwares like ANSYS, CAD etc. **LAPTOP QUESTIONNAIRE** * **Total budget (in local currency) and country of purchase. Please do not use USD unless purchasing in the US:** 1.5 Lakhs and under, Country of Purchase- INDIA * **Are you open to refurbs/used?** Not at all * **How would you prioritize form factor (ultrabook, 2-in-1, etc.), build quality, performance, and battery life?** Good build, Gaming Laptop, High performance, decent battery life * **How important is weight and thinness to you?** Not a priority * **Do you have a preferred screen size? If indifferent, put N/A.** 15 -16 inches * **Are you doing any CAD/video editing/photo editing/gaming? List which programs/games you desire to run.** CAD, ANSYS, Other Mechanical Softwares for University and Internships. Gaming and video/photo editing is secondary. * **If you're gaming, do you have certain games you want to play? At what settings and FPS do you want?** Not a hardcore gamer. Gaming is secondary. * **Any specific requirements such as good keyboard, reliable build quality, touch-screen, finger-print reader, optical drive or good input devices (keyboard/touchpad)?** Good Hinge, metal top or body if possible, good thermals, No touch screen, reliable build, touch pad can be a little large as I am used to macbooks. * **Leave any finishing thoughts here that you may feel are necessary and beneficial to the discussion.** I am a Mechanical Engineering 3rd year in India. I want to bu",1,"{""subreddit"": ""SuggestALaptop"", ""num_comments"": 0, ""type"": ""post""}"
2026-05-10,reddit,Consumer Tech India,Acer,Affordability vs Investment,https://reddit.com/r/laptops/comments/1t9ge5s/affordability_vs_investment/,user_b765ca7d07,"Affordability vs Investment Ive had a fairly cheap acer for while now but some of the parts are going out on me and its $70+ to get them replaced. I dont want to put that much into a something thats already on the way out anyways. The question is currently, do I get something lighter like a Chromebook to get me through high-school? My mom has had a faithful Chromebook for about 5 years now. But I also wouldnt mind something beefier, I enjoy a good indie game now and again. I could see myself getting a larger laptop eventually so do I just cave now or wait till a Chromebook lasts a me a few years. I suppose maybe I just should go with something cheap and reliable and just get a PC later on... ​​What do you all think? Save some money for something that may last me but doesnt have all I want or make an investment into something bigger 500-800 dollar range?",1,"{""subreddit"": ""laptops"", ""num_comments"": 4, ""type"": ""post""}"
2026-05-05,reddit,Consumer Tech India,Lenovo,Lenovo ThinkPad Yoga rehabilitation help,https://reddit.com/r/laptops/comments/1t4k6nn/lenovo_thinkpad_yoga_rehabilitation_help/,user_5f15df09e8,"Lenovo ThinkPad Yoga rehabilitation help I wanted to live stream from my kitchen ( no gaming) using an older Lenovo ThinkPad Yoga I got in 2014. The battery won’t charge anymore and has swollen to the point it opened the case a bit. I’m not knowledgeable with computers. I assume I need to replace the battery. Do i just open it up and see which battery it takes and order a new one? It’s running Windows 8 so, I assume I should upgrade to 10/11. How would I do that? Is there anything else I should do or know before looking into the details of actually streaming from it? Specs: Intel(R) Core(TM) i5-4200U CPU @ 1.60GHz 2.30 GHz 8.00 GB 64-bit operating system, x64-based processor Thanks",1,"{""subreddit"": ""laptops"", ""num_comments"": 0, ""type"": ""post""}"
2026-05-13,reddit,Consumer Tech India,Dell,Is This A Good Laptop Deal?,https://reddit.com/r/laptops/comments/1tc2bmr/is_this_a_good_laptop_deal/,user_71e650b48c,"Is This A Good Laptop Deal? This is a refurbished laptop I am looking at, it’s a Dell Latitude 5520 15” with 256 GB of storage and 16 GB of RAM, and a Core i5-1145G7. It’s in good condition, and 300 dollars. I need a laptop for day to day school use as well as some light gaming (like Minecraft and stuff) and programming.",1,"{""subreddit"": ""laptops"", ""num_comments"": 0, ""type"": ""post""}"
2026-05-01,reddit,Consumer Tech India,Lenovo,What should I get?,https://reddit.com/r/Lenovo/comments/1t18xst/what_should_i_get/,user_a075bb9000,"What should I get? I am incoming freshman to college, and I am not sure what to get. I am going for ME engineering so I assume I need something strong. I have a budget of 1,000$ and want something that will last me all through my college career. I don’t think I want a mac, since I have been using windows for years. I am considering some kind of Lenovo,like think pad, Yoga, etc. they seem to be recommended a lot. Thanks for any help.",1,"{""subreddit"": ""Lenovo"", ""num_comments"": 3, ""type"": ""post""}"
2026-04-29,reddit,Consumer Tech India,Lenovo,Help me buy a laptop. Thnx.,https://reddit.com/r/laptops/comments/1sysy91/help_me_buy_a_laptop_thnx/,user_00b7c71ea7,"Help me buy a laptop. Thnx. # Instructions The laptop suggestions form! Please copy-paste this into your post and fill it out; while it may take a bit of time, it will guide you through providing all of the information that is necessary for you to get good suggestions. Avoid removing the line-breaks, as they are necessary for reddit to display the form properly. Also please avoid modifying the form too much, as AutoModerator uses its expected format to determine if your post includes the form. # MAKE SURE YOU PUT BUDGET RANGE &amp; COUNTRY IN YOUR TITLE # The Form **LAPTOP QUESTIONNAIRE** **•Total budget (in local currency) and country of purchase. Please do not use USD unless purchasing in the US:** ₹1,00,000 – ₹1,30,000 INR(India) **•Are you open to refurbs/used?:** No **•How would you prioritize form factor(ultrabook, 2-in-1, etc), build quality, performance, and battery life?** Battery life and durability are highest priority. Performance should be sufficient for engineering workloads. **•How important is weight and thinness to you?** Not very important **•Do you have a preferred screen size? If indifferent, put N/A.** N/A **•Are you doing any CAD/video editing/photo editing/gaming? List which programs/games you desire to run.** Yes: \- Xyce \- NI Multisim \- LTSpice/NG Spice \- yosys, GTKWave, OpenROAD,OpenLane(Chip/IC/MicroController Design Software) \- KiCAD \- VS Code \- JetBrains IDEs **•If you're gaming, do you have certain ga",1,"{""subreddit"": ""laptops"", ""num_comments"": 0, ""type"": ""post""}"
2026-05-11,reddit,Consumer Tech India,Apple,Tablet Option other than Pad8,https://reddit.com/r/GadgetsIndia/comments/1t9veke/tablet_option_other_than_pad8/,user_bf0c0421a0,Tablet Option other than Pad8 Looking to buy a tablet looking for your suggestion. Budget - 35k Not Ipad,1,"{""subreddit"": ""GadgetsIndia"", ""num_comments"": 1, ""type"": ""post""}"
2026-04-15,reddit,Consumer Tech India,Lenovo,Laptop I haven't used for 3 months,https://reddit.com/r/laptops/comments/1smb00y/laptop_i_havent_used_for_3_months/,user_543acbcc9e,"Laptop I haven't used for 3 months I couldn't word the title very well sorry if it wasn't understandable. So I had this Lenovo IdeaPad l340 for around 5 years now but I got a new one 4 or 5 months back. I haven't used the old one for about 3 months. I take it out today and opened it up plugged in. It got stuck in the boot where the Lenovo logo and spinning dots are present. The power led and the LED on the power button was blinking too and the battery led was red (it's white now). I got a bit impatient and unplugged the laptop and closed it. When I hit the power button the battery led flashes red 4 times. So I did some stuff, which are: -Reseating the ram -Unplugging and repluggung the battery -holding the power button for 60 seconds to get rid of static or left over static or something. Now I somehow got to the bios and started windows recovery. Now it's repeating disc errors and it's been nearly 2 hours. I've heard it can take as long as 24 hours which sucks. Btw the bottom of the case is off since I checked the ram and battery. Bottom is straight up and I have a small desk fan pointed at the bottom, cooling the SSD. And the laptop fans stopped and the heatsink is pretty cool because of the deskfan. SSD was too hot before I used the fan so I think it's fine. Did use ai to troubleshoot which isn't great but I didn't want to research for too long. I had to rewrite this post because I accidentally quit from it so I might have forgotten some stuff. If there is more i",1,"{""subreddit"": ""laptops"", ""num_comments"": 0, ""type"": ""post""}"
2026-05-13,reddit,Consumer Tech India,Apple,Big phone suggestions,https://reddit.com/r/GadgetsIndia/comments/1tbp0w5/big_phone_suggestions/,user_e389362346,"Big phone suggestions Been using Iphone Se3 for 4 years now, always been an iphone user from iphone xs to 13 mini to se. Now i want to buy one big screen phone, will be keeping my SE as secondary device. Currently I am looking at Iphone 16 plus due to screen size and battery. The only issue being that almost at small price difference i am getting iphone 17. Now i know that is better deal in every aspects, but still i am now liking the screen size of 16 plus. Also since i am keeping my se, i am not anyways losing on Apple env side, so i am also thinking of considering some android phones. Still a bit skeptical spending a large chunk of money on android, however i am open to change and suggestions. Looking forward to your thoughts, thanks :)",1,"{""subreddit"": ""GadgetsIndia"", ""num_comments"": 3, ""type"": ""post""}"
2026-04-17,reddit,Consumer Tech India,Lenovo,Need help with thermal throttling and replacing thermal paste/pads,https://reddit.com/r/Lenovo/comments/1snx43x/need_help_with_thermal_throttling_and_replacing/,user_57ea62d502,"Need help with thermal throttling and replacing thermal paste/pads my Lenovo IdeaPad gaming 3 has started thermal throttling very hard. temps reaching 92-95°. I have undervolted and the problem is still not solved, although the climate here in India does not help when room temp reaches 30+° during the day. I'm thinking of changing the thermal pads, which I haven't done since I got the laptop in 2023. I've read that I need to use thermal pads on gpu and cpu, and use thermal putty on vram. Can anyone with experience share advice on whether I should do it myself or get it done at a shop. Also any advice on which ones to get will be appreciated as well.",1,"{""subreddit"": ""Lenovo"", ""num_comments"": 12, ""type"": ""post""}"
2026-04-17,reddit,Consumer Tech India,Lenovo,Best Laptop Choice for AI/ML Student with Some Gaming Needs ($1600-1800 Budget),https://reddit.com/r/laptops/comments/1so2gxn/best_laptop_choice_for_aiml_student_with_some/,user_3f36f2c09e,"Best Laptop Choice for AI/ML Student with Some Gaming Needs ($1600-1800 Budget) Hey everyone, need some advice. A friend of mine is in his second year of engineering, specializing in AI and machine learning, and he’s planning to buy a new laptop. His budget is around ₹1.5 to 1.7 lakh, which is roughly $1800 to $2000. He needs something that can handle his coursework like programming and ML tasks, and also run games decently well. Not extreme gaming, but good smooth performance. Right now he’s looking at options like ASUS Vivobook or Lenovo IdeaPad, but for that price range those don’t feel very strong in terms of performance. I suggested maybe looking into gaming laptops since they usually offer better GPUs and overall power for the same price, but his concern is battery life, weight, and fan noise. So I’m a bit confused about what actually makes the most sense here. Should he go for a powerful thin and light laptop, a creator focused machine, or a gaming laptop that balances everything? What do you think is the best option in the market right now that fits these requirements?",1,"{""subreddit"": ""laptops"", ""num_comments"": 0, ""type"": ""post""}"
2026-04-18,reddit,Consumer Tech India,Lenovo,Battery issues?,https://reddit.com/r/Lenovo/comments/1sol4em/battery_issues/,user_9d1acb1be3,"Battery issues? My lenovo thinkpad x1 extreme gen 3 battery is suddenly not holding a charge? I guess I don't actually know what's wrong but I've had absolutely no issues with this laptop since getting it in 2020. But last night I went to power it on and nothing. I hit the emergency reset, got the battery light to register, got it to power on and work, but it wouldn't hold a charge over 0%. I updated power efficiency settings, drivers, and updates and got it to work and charge fully for the rest of my use for the night. I ran diagnostics through vantage and whatnot and nothing came back with any errors. I power it off every night and cleaned the fans a couple months ago but also have it on a cooling stand. Today, I can't get it to work period. I tried the reset button again, I get the charger light to register, let it sit for a bit, but once I go to hit the power button it all just goes kaput. I am a novice when it comes to troubleshooting this kind of stuff past maybe slightly above standard knowledge. Please advise, this laptop is my baby 😭",1,"{""subreddit"": ""Lenovo"", ""num_comments"": 2, ""type"": ""post""}"
2026-05-10,reddit,Consumer Tech India,Dell,Please Suggest some good monitor before i lose my mind,https://reddit.com/r/GadgetsIndia/comments/1t8ydy0/please_suggest_some_good_monitor_before_i_lose_my/,user_2aa85293f5,"Please Suggest some good monitor before i lose my mind I’m officially burned out from monitor research. Usually i love researching about this stuff But monitors? I just don’t have the energy for this rabbit hole. The main problem is there is not single shop which displays monitor in my area, so i cant get a good look at it My budget is about 40k honestly I just want to buy a really good monitor and move on with my life. Main use will be coding, reading and YouTube.So i should be able to code for lomg hours without eye strain as well as it should have good display also Looking for option for both 27 and 32 inches(ultra wide also ) At this point this subreddit is making me lose my mind because every time I think I found a good monitor, I discover some new issue people are arguing about 😭😭 My top picks are: Lg 34G600A Samsung odyssey g5 oled Alienware AW2726DM If not the above 3 three, please suggest some additional ones",1,"{""subreddit"": ""GadgetsIndia"", ""num_comments"": 1, ""type"": ""post""}"
2026-05-09,reddit,Consumer Tech India,Apple,iPhone 17 or Nothing 4a pro?,https://reddit.com/r/GadgetsIndia/comments/1t8p12q/iphone_17_or_nothing_4a_pro/,user_822b3d508b,"iPhone 17 or Nothing 4a pro? I own an iPad Air and my bro will probably hand me down his mac. Should I go for the iPhone 17 cause of the ecosystem? what’s the benefit of having an apple ecosystem? I personally don’t have any interest in iPhone but don’t hate it either. only problem is that I hate compact phones. so if i had to opt for a bigger screen, 17 pro max is the only option, but honestly I’m sceptical about it’s worth. should I even consider pro max? if i buy a 4a pro it’ll probably last for 4 years max, but I definitely can push iPhone to 6 or more years. In that case , I feel like iPhone’s worth the money (I might be wrong) as for the cameras, I love to take photos but i‘m not a pro yet (i’m just an amateur). I’ll miss the telephoto lens in iPhone 17. I can live with the nothing’s camera (I guess). before getting into the idea of buying an iPhone, I had almost zeroed down on nothing 4a pro primarily because of design, ui and triple camera setup. I really love its design and ui. don‘t like gaming, nor interested in social media (so, no doomscrolling).",1,"{""subreddit"": ""GadgetsIndia"", ""num_comments"": 9, ""type"": ""post""}"
2026-04-20,reddit,Consumer Tech India,Lenovo,Help choosing between thinkpads,https://reddit.com/r/SuggestALaptop/comments/1sql4gn/help_choosing_between_thinkpads/,user_2eef2d88ee,"Help choosing between thinkpads Hi all, I'm looking to replace my old xps 15 and have set my sights on an Thinkpad x1 carbon. I like its portability, size, and heard its build quality is superb. I'm fine with refurbished laptops and saw a gen 9 with 32gb ram on the official Lenovo Certified Refurbished site for £549. Another option is to buy a brand new gen 12, with similar specs, for £1099. It does come with an extended warranty and one of my primary requirements is good battery life, which I believe this option checks. I'd welcome comments on what you think is the best option, primarily focusing on long term durability. I've had good experiences with Lenovo in the past, love their keyboards, and the Thinkpad line looks great. I'm also open to consider other similar models in the lineup. Maybe the T14? Also, is there a physical store that deals with these models in the UK so I can test them in person? Thanks! The form: * **Total budget (in local currency) and country of purchase. Please do not use USD unless purchasing in the US:** 750-1100 * **Are you open to refurbs/used?** Yes * **How would you prioritize form factor (ultrabook, 2-in-1, etc.), build quality, performance, and battery life?** Build quality and battery above performance and portability * **How important is weight and thinness to you?** I'm willing to sacrifice a bit if necesary * **Do you have a preferred screen size? If indifferent, put N/A.** Below 15"" * **Are you doing any CAD/video editing/phot",1,"{""subreddit"": ""SuggestALaptop"", ""num_comments"": 0, ""type"": ""post""}"
2026-04-20,reddit,Consumer Tech India,Lenovo,Lenovo IdeaPad 5 - Is the repair worth it?,https://reddit.com/r/Lenovo/comments/1sqltz3/lenovo_ideapad_5_is_the_repair_worth_it/,user_5b8c501910,"Lenovo IdeaPad 5 - Is the repair worth it? Hello everyone, I have a Lenovo IdeaPad 5 14ARE05 - Ryzen 4800U version - 16GB Ram and 512GB SSD. Two years ago I had the classic break of the hinges that forced me to make a DIY repair with epoxy glue. The other day while I was on the site I noticed the spare parts (keyboard + touchpad+lcd cover + lower cover) and I bought them for 50 euros, then I spent another 12 euros between various stickers. I'll do the repair so there will be no labour costs. You think it was worth it?",1,"{""subreddit"": ""Lenovo"", ""num_comments"": 3, ""type"": ""post""}"
2026-04-20,reddit,Consumer Tech India,Lenovo,Recommended me a tablet either under 50000/- or 30000/-,https://reddit.com/r/GadgetsIndia/comments/1sqttej/recommended_me_a_tablet_either_under_50000_or/,user_4168bbf900,Recommended me a tablet either under 50000/- or 30000/- My 12th result is coming soon my mother has promised me that if I get above 90% she will buy me anything for 50000/- and if I get below 90% I will get anything worth 30000/- to 35000/- I have an Lenovo thinkbook i5 13 th gen with me for my 10th grade award and a moto edge 50 Neo I am thinking of getting a tablet since I am preparing for ipmat Suggest me any pad for both ranges please My main case use Notes(most of the time) YouTube or Netflix a little I already use my laptop for these already,1,"{""subreddit"": ""GadgetsIndia"", ""num_comments"": 17, ""type"": ""post""}"
2026-05-09,reddit,Consumer Tech India,Apple,Buy S25 FE when?,https://reddit.com/r/GadgetsIndia/comments/1t8jj2x/buy_s25_fe_when/,user_751131c53b,"Buy S25 FE when? Guys I'm looking forward to buying a Samsung Galaxy S25 FE before entering college... I cannot wait till BBD otherwise I will miss all the best first day moments (I do not even have a decent phone rn lmao) Right now, the price for the 256 GB variant is 51k on Flipkart... What's the least price I can expect and when? Ideally by August... I followed the price history of S24 FE and saw that it was also at the 51k range before it dipped to 42k thrice... Can the same be expected this year too? Will the S25 FE dip to \~42k before BBD? Since I am also buying an iPad, an extra 10k burden will affect my dad (though he did not refuse it at all)...",1,"{""subreddit"": ""GadgetsIndia"", ""num_comments"": 1, ""type"": ""post""}"
2026-05-09,reddit,Consumer Tech India,Apple,Suggestions on iphone 16pm,https://reddit.com/r/GadgetsIndia/comments/1t8h2xl/suggestions_on_iphone_16pm/,user_07af623ca2,Suggestions on iphone 16pm So I am getting iphone 16 pro max 65-70k from a local seller with exchange of my old device and with 90% battery health is it a good deal?,1,"{""subreddit"": ""GadgetsIndia"", ""num_comments"": 5, ""type"": ""post""}"
2026-05-09,reddit,Consumer Tech India,Apple,iphone 13 severe heating and battery issue; which phone should I buy next?,https://reddit.com/r/GadgetsIndia/comments/1t87cqu/iphone_13_severe_heating_and_battery_issue_which/,user_52e4867733,"iphone 13 severe heating and battery issue; which phone should I buy next? I have been using my iPhone 13 since December 2022. My battery health is at 76% and it gets really hot when I go out in the sun. It starts hanging and I fear it will get me into trouble someday. I also use my phone a lot, like 6-7 hours everyday. Now I need to buy a new phone and I am planning on buying a budget Android phone for calling, WhatsApp and all other stuff. Will still use my iPhone for photos. My budget will be &lt;40k. Please suggest me which phone should I buy.",1,"{""subreddit"": ""GadgetsIndia"", ""num_comments"": 7, ""type"": ""post""}"
2026-04-22,reddit,Consumer Tech India,Lenovo,Lenovo LOQ 15IRX9 or Macbook m4 base variant,https://reddit.com/r/laptops/comments/1ssgixz/lenovo_loq_15irx9_or_macbook_m4_base_variant/,user_50be35962c,"Lenovo LOQ 15IRX9 or Macbook m4 base variant Hello Everyone, Basically I'm an windows user currently having an lenovo thinkpad currently I need to buy an laptop for editing purpose as for as I have gone through I came a cross lenovo loq 16gb 512 ssb and rtx 4050 with 105w tgp which costs around 90k , but in few of the videos macbook air m4 16gb 512ssd 13 inch has been better. Not sure which one to choose as my budget is 90k \_ 1lakh (max) , if anyone has the idea could you please share",1,"{""subreddit"": ""laptops"", ""num_comments"": 0, ""type"": ""post""}"
2026-04-24,reddit,Consumer Tech India,Lenovo,I spilled water under my laptop !,https://reddit.com/r/laptops/comments/1sulnor/i_spilled_water_under_my_laptop/,user_016cb0c5f4,"I spilled water under my laptop ! Hi! This morning I was in a rush, and what had to happen happened: I knocked over a full glass of water (small though) sitting on my desk... where my laptop was, a Lenovo ThinkPad, playing music. The water got in through the vents underneath. I panicked, I had things in my hands so I didn't react instantly... I first lifted it off the water that was spreading underneath, then unplugged it. But the music stopped and black and multicolored bars appeared on the screen. So I turned it off as fast as I could, but still in a panic, I apparently didn't hold the power button long enough, it didn't fully shut down, the CPUs kept running for several minutes (I placed it closed and upside down while figuring out what to do), I didn't notice right away. It probably stayed like that for about 5 minutes. In the meantime I looked things up online, I put it in a V position, then realized it was still on, obviously I turned it off, then finally removed the battery... Now I'm letting it dry for at least 72 hours. Is it still salvageable in your opinion? I know it's not great but I asked ChatGPT, and apparently Lenovo ThinkPads are pretty water-resistant and at worst it would only be the screen ribbons that got damaged (and even that's not certain), and the sound cutting out would just be a safety freeze , but still... What worries me most is the sound cutting out and the bars on the screen... What do you think? Is it done for or not? So i prepare mental",1,"{""subreddit"": ""laptops"", ""num_comments"": 5, ""type"": ""post""}"
2026-05-09,reddit,Consumer Tech India,Apple,S25+ or iphone 17,https://reddit.com/r/GadgetsIndia/comments/1t84lvy/s25_or_iphone_17/,user_3784c565b6,S25+ or iphone 17 I’m currently confused between galaxy S25+ an iPhone 17 and right now using iPhone 12 on iOS 26. I am getting S25+ for 64k and iphone 17 for 71k Both phones seem really good at what they offer and seem to have bad battery life. I have not experienced the one UI yet. Wondering if it’s a good time to switch back to android or iphone 17 will be a better deal.,1,"{""subreddit"": ""GadgetsIndia"", ""num_comments"": 7, ""type"": ""post""}"
2026-05-09,reddit,Consumer Tech India,HP,Should i add 8gb ram to my HP pavilion Ryzen 5 5600H or just out 1-2 years before upgrading to a new laptop?,https://reddit.com/r/GadgetsIndia/comments/1t82osi/should_i_add_8gb_ram_to_my_hp_pavilion_ryzen_5/,user_b5adf94e36,Should i add 8gb ram to my HP pavilion Ryzen 5 5600H or just out 1-2 years before upgrading to a new laptop? the device is around 5 years old.,1,"{""subreddit"": ""GadgetsIndia"", ""num_comments"": 4, ""type"": ""post""}"
2026-05-09,reddit,Consumer Tech India,Apple,What are your throughts on the design of this &amp; iphone air? Not talking about specs but only physical design of the ,https://reddit.com/r/GadgetsIndia/comments/1t81qc2/what_are_your_throughts_on_the_design_of_this/,user_58d4b4d47c,What are your throughts on the design of this &amp; iphone air? Not talking about specs but only physical design of the device,1,"{""subreddit"": ""GadgetsIndia"", ""num_comments"": 4, ""type"": ""post""}"
2026-05-13,reddit,Consumer Tech India,Apple,Help me to choose,https://reddit.com/r/GadgetsIndia/comments/1tbocq7/help_me_to_choose/,user_ef23ec0f68,"Help me to choose I need a good phone I'm going to buy an iphone 17 is it the good or any other option is there. My priority are camera, lite gaming and long term use. Suggest me phone under 70k indian rupees",1,"{""subreddit"": ""GadgetsIndia"", ""num_comments"": 19, ""type"": ""post""}"
2026-05-13,reddit,Consumer Tech India,Apple,Warm display in iPhone 17,https://reddit.com/r/GadgetsIndia/comments/1tc099g/warm_display_in_iphone_17/,user_d352b7aa77,Warm display in iPhone 17 Does anyone feel like display is on much warmer side on iphone 17 as compared to iphone 16 pro or any other iphone model ??,1,"{""subreddit"": ""GadgetsIndia"", ""num_comments"": 1, ""type"": ""post""}"
2026-05-12,reddit,Consumer Tech India,Lenovo,Lenovo legion 5 Issue,https://reddit.com/r/laptops/comments/1tb7wft/lenovo_legion_5_issue/,user_d2dcf995b7,"Lenovo legion 5 Issue Bought a Lenovo Legion 5 sometime in Jan/Feb this year and also have Legion Ultimate Support — but honestly, I'm completely fed up with their service at this point. My current issue: whenever I connect my laptop to my TV via HDMI (while working or watching something), it randomly shuts down on its own — no warning, no button press, nothing. This is happening 2-3 times daily. For context — I had a different issue before where the laptop would auto-shutdown without any HDMI involved. A support person worked on it remotely and basically told me *""it shouldn't happen again, but if it does, let me know and I'll reset laptop but honestly i didn't went to support again.""* Never got a proper fix, just a ""probably won't happen again."" And now here I am with a brand new problem that started specifically after I began using HDMI. And before anyone asks — it's not a cheap cable issue, it's a ₹1,000 HDMI cable. Has anyone faced this? What should I do?",1,"{""subreddit"": ""laptops"", ""num_comments"": 3, ""type"": ""post""}"
2026-05-11,reddit,Consumer Tech India,HP,Budget 60-70k max India,https://reddit.com/r/SuggestALaptop/comments/1tafv3v/budget_6070k_max_india/,user_bea6c1dd42,"Budget 60-70k max India \* \*\*Are you open to refurbs/used?- Yes \* \*\*How would you prioritize form factor (ultrabook, 2-in-1, etc.), build quality, performance, and battery life?\*\* Need good battery and quality for long term \* \*\*How important is weight and thinness to you?\*\* Would be good if its thin \* \*\*Do you have a preferred screen size? If indifferent, put N/A.\*\* 13incg \* \*\*Are you doing any CAD/video editing/photo editing/gaming? List which programs/games you desire to run.\*\* No \* \*\*If you're gaming, do you have certain games you want to play? At what settings and FPS do you want?\*\* No \* \*\*Any specific requirements such as good keyboard, reliable build quality, touch-screen, finger-print reader, optical drive or good input devices (keyboard/touchpad)?\*\* Yes good keyboard \* \*\*Leave any finishing thoughts here that you may feel are necessary and beneficial to the discussion.\*\* Mainly i am buying this for my drafting purposes and a long term use so please suggest accordingly -",1,"{""subreddit"": ""SuggestALaptop"", ""num_comments"": 3, ""type"": ""post""}"
2026-05-13,reddit,Consumer Tech India,HP,Suggest a laptop for my professional use,https://reddit.com/r/SuggestALaptop/comments/1tbtt5l/suggest_a_laptop_for_my_professional_use/,user_f76dff7e43,"Suggest a laptop for my professional use * **Total budget (in local currency) and country of purchase. Please do not use USD unless purchasing in the US:** Rs 1 lakh (INR) * **Are you open to refurbs/used?** No new only * **How would you prioritize form factor (ultrabook, 2-in-1, etc.), build quality, performance, and battery life?** * **Performance (My mom works on building application which are both web based and run locally as apps because of this she is looking for good RAM and processor, doesnot need GPu integrated graphics work) no gaming only programming and running heavy software and builds.** * **How important is weight and thinness to you?** Not important * **Do you have a preferred screen size? If indifferent, put N/A.** * Slightly big screen its is for my mother * **Are you doing any CAD/video editing/photo editing/gaming? List which programs/games you desire to run.** * No gaming and editing only heavy builds of apps and programming software * **If you're gaming, do you have certain games you want to play? At what settings and FPS do you want?** * NA no gaming * **Any specific requirements such as good keyboard, reliable build quality, touch-screen, finger-print reader, optical drive or good input devices (keyboard/touchpad)?** * Should be reliable good build, rest doesnt matter much * **Leave any finishing thoughts here that you may feel are necessary and beneficial to the discussion.** * She works from home so the weight is not really an issue, (was lookin",1,"{""subreddit"": ""SuggestALaptop"", ""num_comments"": 1, ""type"": ""post""}"
2026-05-13,reddit,Consumer Tech India,HP,"Laptop request, 🇮🇳 India",https://reddit.com/r/SuggestALaptop/comments/1tbrzwx/laptop_request_india/,user_db660ad18c,"Laptop request, 🇮🇳 India Total budget (in local currency) and country of purchase. Please do not use USD unless purchasing in the US: *₹50,000 INR, India* Are you open to refurbs/used? *Prefer new, but open to good refurbished options if they offer significantly better value/performance.* How would you prioritize form factor (ultrabook, 2-in-1, etc.), build quality, performance, and battery life? *Performance and multitasking first, then build quality and battery life. I don’t need a 2-in-1 or touchscreen. Looking for a balanced laptop that stays smooth for long term use without any changes in performance.* How important is weight and thinness to you? *Moderately important. I’ll carry it occasionally for study/work, but performance matters more than extreme thinness.* Do you have a preferred screen size? If indifferent, put N/A. *14–15.6 inches preferred.* Are you doing any CAD/video editing/photo editing/gaming? List which programs/games you desire to run. *Mostly research work, lots of browser tabs, PDFs, article writing, movies/content consumption, and occasional light-mid video editing. Interested in robotics as a field, so I may explore coding/tools later, but not doing hardcore development right now, also in recent time I'm doing bit CAD works related to robotic parts like using oneshape software and all for conversions.* If you're gaming, do you have certain games you want to play? At what settings and FPS do you want? *Very casual gaming only. Games like",1,"{""subreddit"": ""SuggestALaptop"", ""num_comments"": 0, ""type"": ""post""}"
2026-05-12,reddit,Consumer Tech India,HP,Recommendations for ~1500 budget ANY HELP WOULD BE LOVED,https://reddit.com/r/SuggestALaptop/comments/1tbhnpw/recommendations_for_1500_budget_any_help_would_be/,user_a8ae11842b,Recommendations for ~1500 budget ANY HELP WOULD BE LOVED Going into college as the title says have about a 1500-1600 dollar budget looking for something that would be good for college but isn’t strictly for gaming. Has to have a dedicated gpu. Other than that I’m open ears. Even YouTube videos that could be reccomended to me I’d be happy to hear,1,"{""subreddit"": ""SuggestALaptop"", ""num_comments"": 0, ""type"": ""post""}"
2026-05-12,reddit,Consumer Tech India,HP,$600-$900 USD - United States - Windows laptop for telehealth and some light photo/video editing,https://reddit.com/r/SuggestALaptop/comments/1tbgjpw/600900_usd_united_states_windows_laptop_for/,user_e8782d0d00,"$600-$900 USD - United States - Windows laptop for telehealth and some light photo/video editing * **Total budget (in local currency) and country of purchase. Please do not use USD unless purchasing in the US:** $800-$1200 USD (crossing fingers that upcoming MDW sales will bring the upper limit down when I actually purchase). * **Are you open to refurbs/used?** No * **How would you prioritize form factor (ultrabook, 2-in-1, etc.), build quality, performance, and battery life?** 2-in-1 is nice but not necessary as I've had before and didn't make as good use as I expected. I just want the build to be solid but not bulky--I bring my laptop while traveling often so I can work remotely, so I need it to be not delicate and not chunky. Performance for telehealth/video calls is most important, especially camera/video quality. Moderate battery life is preferred. * **How important is weight and thinness to you?** On the light/thin side, but I don't require the lightest and thinnest. As mentioned, I'll travel with it so the lighter the better without compromising on processing power or screen size. * **Do you have a preferred screen size? If indifferent, put N/A.** Strong preference for 15-16 inches. * **Are you doing any CAD/video editing/photo editing/gaming? List which programs/games you desire to run.** Light video and photo editing, recently I've been mostly using Canva but I'm planning to dabble in Photoshop for marketing my practice. I also am exploring interior design as a hobb",1,"{""subreddit"": ""SuggestALaptop"", ""num_comments"": 8, ""type"": ""post""}"
2026-05-12,reddit,Consumer Tech India,ASUS,Need laptop recommendation for BTech CSE student under ₹80k,https://reddit.com/r/SuggestALaptop/comments/1tb52qb/need_laptop_recommendation_for_btech_cse_student/,user_db1462c9fa,"Need laptop recommendation for BTech CSE student under ₹80k **Title:** Need laptop recommendation for BTech CSE student under ₹80k **Budget:** ₹80,000 max **Country:** India **Main Use:** * BTech CSE coursework * Coding/programming * Freelancing/video editing * Casual gaming (Minecraft &amp; Fortnite) **Games:** * Minecraft * Fortnite **Preferred Specs:** * Ryzen 7 / Intel i5 or i7 H-series * 16GB RAM preferred * Dedicated GPU preferred (RTX 3050/4050 if possible) * SSD storage **Battery Life:** Don’t really care much about battery life **Weight/Build:** Don’t care much about weight/thinness **Other Requirements:** * Good thermals * Reliable for 4 years of college * Good display for editing/content work I’m confused whether I should go for: * A gaming laptop for better performance * Or a lighter productivity laptop Please suggest the best options around this budget and also tell me if RTX 3050 is enough for my needs. Thanks!",1,"{""subreddit"": ""SuggestALaptop"", ""num_comments"": 4, ""type"": ""post""}"
2026-05-12,reddit,Consumer Tech India,HP,pls suggest a laptop for a CSE major student,https://reddit.com/r/SuggestALaptop/comments/1tb0ubu/pls_suggest_a_laptop_for_a_cse_major_student/,user_16a131db8d,"pls suggest a laptop for a CSE major student i need suggestions for laptop Total budget - i honestly am fine with 70,000 ish rupees Country of purchase- India Are you open to refurbs/used? No How would you prioritize form factor (ultrabook, 2-in-1, etc.), build quality, performance, and battery life? battery life and performance&gt;build ig How important is weight and thinness to you? moderately Do you have a preferred screen size? If indifferent, put N/A. N/A Are you doing any CAD/video editing/photo editing/gaming? List which programs/games you desire to run. no but i do play genshin impact often i guess and would be nice to edit photos and videos too If you're gaming, do you have certain games you want to play? At what settings and FPS do you want? already mentioned Any specific requirements such as good keyboard, reliable build quality, touch-screen, finger-print reader, optical drive or good input devices (keyboard/touchpad)? nothing in particular basically i mainly need a laptop for coding and studying with a good battery life. i have dell rn and its kind if old and has bad battery life, it its the job done but lags a lot so have to buy a new one soon.",1,"{""subreddit"": ""SuggestALaptop"", ""num_comments"": 1, ""type"": ""post""}"
2026-05-12,reddit,Consumer Tech India,HP,Advice for buying gaming laptop,https://reddit.com/r/SuggestALaptop/comments/1tatd59/advice_for_buying_gaming_laptop/,user_5779c62660,"Advice for buying gaming laptop LAPTOP QUESTIONNAIRE Total budget (in local currency) and country of purchase. Please do not use USD unless purchasing in the US: 150k ± 20k(INR), India Are you open to refurbs/used? No How would you prioritize form factor (ultrabook, 2-in-1, etc.), build quality, performance, and battery life? Suze and weight not an issue, good build quality, performance should be good, 80 watt hour battery expected How important is weight and thinness to you? Not very much Do you have a preferred screen size? If indifferent, put N/A. NA Are you doing any CAD/video editing/photo editing/gaming? List which programs/games you desire to run. Streaming, video editing and gaming. OBS If you're gaming, do you have certain games you want to play? At what settings and FPS do you want? RDR2, GTA V, Cyberpunk, Pragmata, Resident Evil 9, Blackmyth Wukong, list is not exhaustive. Medium to high settings if possible. Around 100 FPS Any specific requirements such as good keyboard, reliable build quality, touch-screen, finger-print reader, optical drive or good input devices (keyboard/touchpad)? Reliable build quality, touchscreen not required, good keyboard. Leave any finishing thoughts here that you may feel are necessary and beneficial to the discussion. Laptop should have good thermal management and other components so that it can run games for the next 5 to 6 years without limiting the laptop's performance and without degrading it.",1,"{""subreddit"": ""SuggestALaptop"", ""num_comments"": 0, ""type"": ""post""}"
2026-05-11,reddit,Consumer Tech India,HP,Small business request USA,https://reddit.com/r/SuggestALaptop/comments/1tak3gl/small_business_request_usa/,user_7dcf59227a,"Small business request USA **LAPTOP QUESTIONNAIRE** **Total budget (in local currency) and country of purchase. Please do not use USD unless purchasing in the US:** $500 ish, USA **Are you open to refurbs/used?** Preferably not. **How would you prioritize form factor (ultrabook, 2-in-1, etc.), build quality, performance, and battery life?** Battery life, ease of use, portability **How important is weight and thinness to you?** Weight is a factor as I will be traveling to different locations and occasionally using this outdoors. **Do you have a preferred screen size? If indifferent, put N/A.** 15+ **Are you doing any CAD/video editing/photo editing/gaming? List which programs/games you desire to run.** Quickbooks, Office suite, possibly some photo editing/graphics work via canva, video streaming and possibly light gaming **If you're gaming, do you have certain games you want to play? At what settings and FPS do you want?** Ideally I’d move my Sims 4 gameplay to this laptop, but that’s not what it’s for lmao **Any specific requirements such as good keyboard, reliable build quality, touch-screen, finger-print reader, optical drive or good input devices (keyboard/touchpad)?** Touchscreen is not necessary, will need a dedicated numpad as this will be primarily used to run Quickbooks for my partner’s landscaping business and I can’t input numerical data quickly without one. No embedded numpads, please!",1,"{""subreddit"": ""SuggestALaptop"", ""num_comments"": 1, ""type"": ""post""}"
2026-05-11,reddit,Consumer Tech India,HP,I need a Laptop,https://reddit.com/r/SuggestALaptop/comments/1tag51g/i_need_a_laptop/,user_672a3eef04,"I need a Laptop \*\*LAPTOP QUESTIONNAIRE\*\* \* \*\*Total budget (in local currency) and country of purchase. :\*\* 1 lakh rupees (Indian) \* \*\*Are you open to refurbs/used?\*\* No \* \*\*How would you prioritize form factor (ultrabook, 2-in-1, etc.), build quality, performance, and battery life?\*\* Portability, ease of work and long battery life, not noisy \* \*\*How important is weight and thinness to you?\*\* As long as it fits in my bag's laptop pocket \* \*\*Do you have a preferred screen size? If indifferent, put N/A.\*\* N/A \* \*\*Are you doing any CAD/video editing/photo editing/gaming? List which programs/games you desire to run.\*\* A few basic games like minecraft, terraria, and possibly genshin. \* \*\*If you're gaming, do you have certain games you want to play? At what settings and FPS do you want?\*\* Genshin will be the most demanding, medium graphics, decently playable fps (I don't know how much is that) \* \*\*Any specific requirements such as good keyboard, reliable build quality, touch-screen, finger-print reader, optical drive or good input devices (keyboard/touchpad)?\*\* As long as i can easily use it to do my college work on the run \* \*\*Leave any finishing thoughts here that you may feel are necessary and beneficial to the discussion.\*\* Going to do a lot of reading work and some mild gaming on it.",1,"{""subreddit"": ""SuggestALaptop"", ""num_comments"": 0, ""type"": ""post""}"
2026-05-11,reddit,Consumer Tech India,Lenovo,Acer Aspire 7 (i5-12450H/RTX 3050) vs. Lenovo IdeaPad Slim 3i (i5-12450H) for Electrical Engineering?,https://reddit.com/r/SuggestALaptop/comments/1ta5x0w/acer_aspire_7_i512450hrtx_3050_vs_lenovo_ideapad/,user_2ef3e71887,"Acer Aspire 7 (i5-12450H/RTX 3050) vs. Lenovo IdeaPad Slim 3i (i5-12450H) for Electrical Engineering? Hey everyone, I’m an Electrical Engineering student looking for a new laptop on a budget of around ₹50k ($600). I’ve narrowed it down to two very different options and could use some advice on which fits an EE workload better. The Options: Acer Aspire 7: i5-12450H, 16GB RAM, RTX 3050 (Dedicated GPU), 144Hz screen. Lenovo IdeaPad Slim 3i: i5-12450H, 16GB RAM, Integrated Graphics, MIL-STD-810H durability. My Use Case: Engineering Software: I’ll be running MATLAB, PSpice/LTspice, and eventually some PCB design software like Altium or KiCad. Daily Carry: I’ll be lugging this between labs and lectures every day. My Conflict: The Acer has the dedicated RTX GPU, which I know is better for video rendering and 3D PCB views, but I’ve heard the screen is a bit dim and it’s heavier (2.1kg). The Lenovo is Military Grade tough and much lighter (1.6kg), which is great for campus life, but it lacks the dedicated GPU. Will the integrated graphics struggle with my video editing or EE simulations? To any EE students or grads: Is the dedicated GPU a ""must-have"" for our degree, or is the portability and build quality of the IdeaPad more valuable in the long run? Thanks for the help!",1,"{""subreddit"": ""SuggestALaptop"", ""num_comments"": 1, ""type"": ""post""}"
2026-05-13,reddit,Consumer Tech India,Acer,"Laptop recommendation requested under $1200 (INR 1,10,000 - 1,14,000)",https://reddit.com/r/SuggestALaptop/comments/1tc0kg1/laptop_recommendation_requested_under_1200_inr/,user_379dbab607,"Laptop recommendation requested under $1200 (INR 1,10,000 - 1,14,000) Hi All, I suffered the misfortune of owning an Acer (Predator) laptop from 2019 which began tearing itself apart after 3.5 years of use. I kept it clean, never handled it rough but it suffered one part failure after another. It was a US import so I can't even say that Acer is selling sub-standard stuff in India. It \`suffered 3x Screen failures (flickering), charger adapter change, keyboard replacement, DC power jack replacement and still it can only be charged when the adapter pin is in a certain spot (loose connection). Acer's after-sales service has been pathetic to say the least. I'm looking for recommendations based on your experience and here is my requirement: * Should be reliable, low maintenance and good after sales support * Should have a long life - don't want a repeat of ""Acer Experience"" * Light gaming (HoI4, CoH2, WoT, U-Boat and a few games from early 2000s) Thanks in advance",1,"{""subreddit"": ""SuggestALaptop"", ""num_comments"": 2, ""type"": ""post""}"
2026-05-11,reddit,Consumer Tech India,HP,Which laptop should I buy🧐,https://reddit.com/r/SuggestALaptop/comments/1ta4h57/which_laptop_should_i_buy/,user_95fce99d1c,"Which laptop should I buy🧐 LAPTOP QUESTIONNAIRE Total budget (in local currency) and country of purchase. Please do not use USD unless purchasing in the US: 1.6 lakh to 1.8lakh INR , India Are you open to refurbs/used? No How would you prioritize form factor (ultrabook, 2-in-1, etc.), build quality, performance, and battery life? Treditional laptop with metal build very powerful performance with 6 to 10 hours of battery life How important is weight and thinness to you? It would be great if it stays under 1.8kgs to 2kgs Do you have a preferred screen size? If indifferent, put N/A. N/A Are you doing any CAD/video editing/photo editing/gaming? List which programs/games you desire to run. Coding, video editing, Occassionally gaming If you're gaming, do you have certain games you want to play? At what settings and FPS do you want? RDR at 70 or more would be awesome Any specific requirements such as good keyboard, reliable build quality, touch-screen, finger-print reader, optical drive or good input devices (keyboard/touchpad)? Oled display with a metal build and a dedicated gpu if possible would be great Leave any finishing thoughts here that you may feel are necessary and beneficial to the discussion. I want a bang for buck laptop if possible",1,"{""subreddit"": ""SuggestALaptop"", ""num_comments"": 1, ""type"": ""post""}"
2026-05-11,reddit,Consumer Tech India,HP,Gaming Laptop,https://reddit.com/r/SuggestALaptop/comments/1t9te12/gaming_laptop/,user_b11bea31ce,"Gaming Laptop • ⁠Total budget (in local currency) and country of purchase. Please do not use USD unless purchasing in the US: $1,000 • ⁠Are you open to refurbs/used? Maybe • ⁠How would you prioritize form factor (ultrabook, 2-in-1, etc.), build quality, performance, and battery life? I don’t want a touchscreen. • ⁠How important is weight and thinness to you? It is definitely a plus. • ⁠Do you have a preferred screen size? If indifferent, put N/A. I want a somewhat larger screen. • ⁠Are you doing any CAD/video editing/photo editing/gaming? List which programs/games you desire to run. I’m looking to play The Sims, GTA, some race car games and HEAVY YouTube watching. • ⁠If you're gaming, do you have certain games you want to play? At what settings and FPS do you want? GTA, the sims, racing games, COD. idk about FPS or anything • ⁠Any specific requirements such as good keyboard, reliable build quality, touch-screen, finger-print reader, optical drive or good input devices (keyboard/touchpad)? NO touchscreen, reliable build, and good speakers. Must be able to handle a lot of tabs open at once • ⁠Leave any finishing thoughts here that you may feel are necessary and beneficial to the discussion. I want a gaming laptop that’s also good for watching YT videos and that will last long without getting so many issues.",1,"{""subreddit"": ""SuggestALaptop"", ""num_comments"": 3, ""type"": ""post""}"
2026-05-10,reddit,Consumer Tech India,Dell,Laptop Recommendation Under ₹2 Lakh for Architecture Work (3D Modelling + Rendering),https://reddit.com/r/SuggestALaptop/comments/1t95yyh/laptop_recommendation_under_2_lakh_for/,user_96b3581f60,"Laptop Recommendation Under ₹2 Lakh for Architecture Work (3D Modelling + Rendering) Hi everyone, I’m looking for a laptop under ₹2 lakh mainly for architecture work. My primary use will be heavy 3D modelling and rendering. I’ll be using software like Revit, Rhino, SketchUp, AutoCAD, Lumion, D5 Render, V-Ray, escape, Blender, etc. What I’m mainly looking for: * Strong rendering performance * Good thermals and long-term reliability * Smooth viewport performance for complex models * Good display/colour accuracy * Decent battery life if possible * Future-proof for the next few years I’m okay with a gaming laptop too if it performs well for architecture workflows. Portability is a plus, but performance is the priority. If possible, please suggest: * Best overall option * Best value-for-money option * Any laptops I should avoid Would really appreciate recommendations from people in architecture/design fields with real experience",1,"{""subreddit"": ""SuggestALaptop"", ""num_comments"": 1, ""type"": ""post""}"
2026-05-09,reddit,Consumer Tech India,ASUS,"[India, ₹75,000] CSE student looking for a slim, long-battery laptop for programming, web dev and freelancing",https://reddit.com/r/SuggestALaptop/comments/1t81gdo/india_75000_cse_student_looking_for_a_slim/,user_3530fa1165,"[India, ₹75,000] CSE student looking for a slim, long-battery laptop for programming, web dev and freelancing",1,"{""subreddit"": ""SuggestALaptop"", ""num_comments"": 0, ""type"": ""post""}"
2026-05-09,reddit,Consumer Tech India,HP,"Suggest a Laptop (Im currently looking at Legion 5 Ryzen 7 260, RTX 5050, 16GB RAM, 1TB SSD)",https://reddit.com/r/SuggestALaptop/comments/1t7x59g/suggest_a_laptop_im_currently_looking_at_legion_5/,user_096f8a1e1c,"Suggest a Laptop (Im currently looking at Legion 5 Ryzen 7 260, RTX 5050, 16GB RAM, 1TB SSD) **Total budget (in local currency) and country of purchase. Please do not use USD unless purchasing in the US:** ₹1,30,000-1,00,000 **Are you open to refurbs/used?** No **How would you prioritize form factor (ultrabook, 2-in-1, etc.), build quality, performance, and battery life?** Performance&gt;Battery Life&gt;Build quality &gt; form factor **How important is weight and thinness to you?** Average (I dont want a brick but idm a little weight) **Do you have a preferred screen size? If indifferent, put N/A.** N/A **Are you doing any CAD/video editing/photo editing/gaming? List which programs/games you desire to run.** CODING CAD CS ENGINEERING SOFTWARES **If you're gaming, do you have certain games you want to play? At what settings and FPS do you want?** Casual Gaming nothing serious Valorant wanna try new games doesnt matter about max quality i j wanna game smoothly on like low/medium is also fine **Any specific requirements such as good keyboard, reliable build quality, touch-screen, finger-print reader, optical drive or good input devices (keyboard/touchpad)?** It shud be sturdy and good quality overall touch screen not needed no specific requirements **Leave any finishing thoughts here that you may feel are necessary and beneficial to the discussion.** **My Main Questions:** 1. **IPS vs OLED:** Given my heavy coding usage (static text,",1,"{""subreddit"": ""SuggestALaptop"", ""num_comments"": 0, ""type"": ""post""}"
2026-05-08,reddit,Consumer Tech India,HP,"Need a 14 inch laptop for work, under 5k Reais or 1100 USD, Brazil or USA",https://reddit.com/r/SuggestALaptop/comments/1t7ooxb/need_a_14_inch_laptop_for_work_under_5k_reais_or/,user_5f3b0f3fce,"Need a 14 inch laptop for work, under 5k Reais or 1100 USD, Brazil or USA * **Total budget (in local currency) and country of purchase. Please do not use USD unless purchasing in the US:** Under 5k reais or 1100 usd. I am able to purchase in Brazil or USA. * **Are you open to refurbs/used?:** No. * **How would you prioritize form factor (ultrabook, 2-in-1, etc.), build quality, performance, and battery life?:** Should be a regular notebook (no touchscreen, 2-in-1 etc.), build quality is fairly important, performance on the apps I have listed is crucial and battery life is the most important factor, should have a long battery life. * **How important is weight and thinness to you?** Very important, I dont want something clunky. * **Do you have a preferred screen size?** 14 inch * **Are you doing any CAD/video editing/photo editing/gaming? List which programs/games you desire to run.:** Word, Excel, can handle a lot of tabs on the browser. * **If you're gaming, do you have certain games you want to play? At what settings and FPS do you want?:** Not gaming. * **Any specific requirements such as good keyboard, reliable build quality, touch-screen, finger-print reader, optical drive or good input devices (keyboard/touchpad)?**: A good trackpad and keyboard should be fine. Battery needs to keep its capacity for some years. * **Leave any finishing thoughts here that you may feel are necessary and beneficial to the discussion.** I have had a mackbook air and microsoft surface go 2 b",1,"{""subreddit"": ""SuggestALaptop"", ""num_comments"": 0, ""type"": ""post""}"
2026-05-08,reddit,Consumer Tech India,HP,Looking for a gaming laptop mostly for games like Skyrim and Minecraft,https://reddit.com/r/SuggestALaptop/comments/1t7n0dk/looking_for_a_gaming_laptop_mostly_for_games_like/,user_c4ffb43da9,"Looking for a gaming laptop mostly for games like Skyrim and Minecraft * **Total budget (in local currency) and country of purchase. Please do not use USD unless purchasing in the US:** 1000 USD, can go a little above if reasonable * **Are you open to refurbs/used?** Preferably not * **How would you prioritize form factor (ultrabook, 2-in-1, etc.), build quality, performance, and battery life?** Just want better performance, and a battery that lasts at least 3 hours from a full charge, when not gaming. Preferably better build quality. * **How important is weight and thinness to you?** I don't care about thinness or weight at all, if it works good, then it can feel and weigh like a stone slab and I wouldn't care. * **Do you have a preferred screen size? If indifferent, put N/A.** preferably larger * **Are you doing any CAD/video editing/photo editing/gaming? List which programs/games you desire to run.** just games * **If you're gaming, do you have certain games you want to play? At what settings and FPS do you want?** I want something that can player older games like Skyrim on higher graphics, with no drop in fps, and more modern games like cyberpunk on medium settings, with decent fps. I'm aiming for 60 ish fps. * **Any specific requirements such as good keyboard, reliable build quality, touch-screen, finger-print reader, optical drive or good input devices (keyboard/touchpad)?** I don't particularly care for touch screen, and just want something sturdy and reliable for y",1,"{""subreddit"": ""SuggestALaptop"", ""num_comments"": 7, ""type"": ""post""}"
2026-05-08,reddit,Consumer Tech India,ASUS,Recommend a laptop for game dev at a price of 1.2 lakh after coupons and discounts,https://reddit.com/r/SuggestALaptop/comments/1t7c1ao/recommend_a_laptop_for_game_dev_at_a_price_of_12/,user_bd97224e7d,"Recommend a laptop for game dev at a price of 1.2 lakh after coupons and discounts Budget------&gt; ₹1.2 lakh(after discounts) Are you open to refurbs/used?-----&gt;NO Prioritize form factor, build quality, performance, and battery life: 1)PERFORMANCE 2)BATTERY Importance of weight and thinness:----&gt;None Preferred screen size?-------&gt;none CAD/video editing/photo editing/gaming? Programs/games you desire to run: 1)mainly game dev",1,"{""subreddit"": ""SuggestALaptop"", ""num_comments"": 0, ""type"": ""post""}"
2026-05-08,reddit,Consumer Tech India,HP,Laptop for ece,https://reddit.com/r/SuggestALaptop/comments/1t767k4/laptop_for_ece/,user_4e29a501d5,"Laptop for ece Im going to be starting electronics and communication course. Would like to also get into coding and stuff. Which laptop would u all recommend Total budget (in local currency) and country of purchase. Please do not use USD unless purchasing in the US: 1 lakh inr, can stretch to 1 lakh 20 thousand inr Are you open to refurbs/used? Not really How would you prioritize form factor (ultrabook, 2-in-1, etc.), build quality, performance, and battery life? Semi important,will be carrying to college How important is weight and thinness to you? Again semi important, will be carrying to college Do you have a preferred screen size? If indifferent, put N/A. N/A Are you doing any CAD/video editing/photo editing/gaming? List which programs/games you desire to run. Not sure yet, would like to be future proof If you're gaming, do you have certain games you want to play? At what settings and FPS do you want? Normal games( not yet a gamer so I'm not sure) but like Fortnite, gta, rdr2 etc. Medium settings Any specific requirements such as good keyboard, reliable build quality, touch-screen, finger-print reader, optical drive or good input devices (keyboard/touchpad)? N/A Leave any finishing thoughts here that you may feel are necessary and beneficial to the discussion. N/A Thank you all for your help",1,"{""subreddit"": ""SuggestALaptop"", ""num_comments"": 0, ""type"": ""post""}"
2026-05-13,reddit,Consumer Tech India,HP,"Laptop for Art &amp; Casual Gaming! (Sweden, &lt;1200 Eur)",https://reddit.com/r/SuggestALaptop/comments/1tbx287/laptop_for_art_casual_gaming_sweden_1200_eur/,user_fcc2e31729,"Laptop for Art &amp; Casual Gaming! (Sweden, &lt;1200 Eur) * **Total budget (in local currency) and country of purchase. Please do not use USD unless purchasing in the US:** Sweden, Budget at appx. 1000-1300 Eur / 11 000 - 14 000 SEK, maybe that's unfair? I know there have been a lot of price increases in the recent years. * **Are you open to refurbs/used?** Preferably not! * **How would you prioritize form factor (ultrabook, 2-in-1, etc.), build quality, performance, and battery life?** Decent battery life, enough to last through a 2-4 hour lecture, and/or a couple of hours of casual gaming without needing to be plugged in. I always bring a charger with me, but sometimes I cannot access an outlet. Enough storage for maybe a handful of bigger games and lots of smaller games, 100-150 gb of art files, and still have a good amount of wiggle room. My current set up lasted me for over 10 years, and so I would like for this to be similarly durable! * **How important is weight and thinness to you?** Still reasonably light so that I could bring it with me in a messenger bag or a backpack. * **Do you have a preferred screen size? If indifferent, put N/A.** \~15"" * **Are you doing any CAD/video editing/photo editing/gaming? List which programs/games you desire to run.** I need a laptop for digital art (Photoshop CC, CSP), casual-ish gaming (Subnautica, Minecraft with mods, F1 25, Genshin, Sims 3 and 4 with mods), and studying (Lots of Notion tabs at once)! * **If you're gaming, do you",1,"{""subreddit"": ""SuggestALaptop"", ""num_comments"": 0, ""type"": ""post""}"
2026-04-13,reddit,Consumer Tech India,Apple,I was thinking of buying a MacBook or windows laptop,https://reddit.com/r/laptops/comments/1skdvtr/i_was_thinking_of_buying_a_macbook_or_windows/,user_456aec09ed,I was thinking of buying a MacBook or windows laptop basically I am a 12th pass out student currently in a drop and I am preparing for JEE and along with that I am learning how to code and video edit so basically I was in a thought what to buy a MacBook or windows laptop. I went multiple stores one of the stores is providing Lenovo loq at 82k while I am getting MacBook Air M5 at 1lakh 5k and I was genuinely concerned what to buy because the windows provide freedom but less working years meanwhile Apple does have more maintenance cost and more life. but the thing is that the macbook is more expensive in the maintenance cost like for the paid apps and it has many ristrictions mean while the windows is much more free and easy to use compared to the mac and but the thing is it is t like I feel like a MacBook would be more optimised for you me and more workable but about the cost that is also coming with it. like the apple care which I am supposedly not buying right now. also that phone i am using is android which means basically which the connection between devices would be cooked,1,"{""subreddit"": ""laptops"", ""num_comments"": 11, ""type"": ""post""}"
2026-05-06,reddit,Consumer Tech India,Lenovo,Laptop advice?,https://reddit.com/r/laptops/comments/1t5nb46/laptop_advice/,user_f6399e4478,"Laptop advice? I haven’t bought a laptop in years and am finally ready to pull the trigger. My max budget is around $800, and would really like the best deal possible. I will mainly be using it for web browsing, some spreadsheet and document work, photo editing, and would occasionally be playing sims 4 and civilization. The laptops I’ve been looking at are HP Victus 15 Lenovo LOQ 15 Acer Nitro V15 But wasn’t really sure if I need an actual gaming laptop, so I was also looking at Lenovo Ideapad Slim 3 Open to other suggestions too of course. Just want something that will run the games well when I decide to play and will hold up for a few years.",1,"{""subreddit"": ""laptops"", ""num_comments"": 1, ""type"": ""post""}"
2026-04-27,reddit,Consumer Tech India,Lenovo,Laptop under ₹80k for gaming + Data Science + coding (India),https://reddit.com/r/SuggestALaptop/comments/1sxdqtc/laptop_under_80k_for_gaming_data_science_coding/,user_ebaee11855,"Laptop under ₹80k for gaming + Data Science + coding (India) Hey everyone, I’m a Data Science student looking for a laptop under ₹80,000 (India) that can handle both gaming and heavy development work. 💻 My use case: Gaming (1080p, medium–high settings) Coding (VS Code, Android Studio) Data Science (Python, Pandas, NumPy, ML later) Web &amp; app development Heavy multitasking (browser + IDE + datasets) 🎯 Requirements: GPU: RTX 3050 minimum (prefer RTX 4050) CPU: i5 12th/13th Gen HX / Ryzen 5 or 7 HS RAM: 16GB (upgradeable preferred) Storage: 512GB SSD (expandable) Good thermals for long sessions 🔍 Laptops I’m considering: Lenovo LOQ HP Victus Acer Nitro V ASUS TUF A15 ❓ Questions: Is RTX 3050 enough for Data Science + ML, or should I push for RTX 4050? Which laptop has the best thermals and long-term reliability? Any known issues (heating, motherboard, build quality)? Should I upgrade to 32GB RAM later, or is 16GB enough?",1,"{""subreddit"": ""SuggestALaptop"", ""num_comments"": 7, ""type"": ""post""}"
2026-04-18,reddit,Consumer Tech India,Lenovo,Need Help Choosing a Laptop for College + Gaming - Buy Now or Wait for Discounted Deals?,https://reddit.com/r/laptops/comments/1soyi2m/need_help_choosing_a_laptop_for_college_gaming/,user_19f30ef406,"Need Help Choosing a Laptop for College + Gaming - Buy Now or Wait for Discounted Deals? Hello 👋 **LAPTOP QUESTIONNAIRE** **Total budget (in local currency) and country of purchase. Please do not use USD unless purchasing in the US:** ₹60,000 – ₹75,000 (India) **Are you open to refurbs/used?** No, prefer new **How would you prioritize form factor (ultrabook, 2-in-1, etc.), build quality, performance, and battery life?** Performance &gt; Battery Life &gt; Build Quality &gt; Form Factor **How important is weight and thinness to you?** Moderately important, but okay with slightly bulky if performance is better **Do you have a preferred screen size? If indifferent, put N/A.** 15.6 inches preferred **Are you doing any CAD/video editing/photo editing/gaming? List which programs/games you desire to run.** Mainly college tasks (Excel, PPT, multitasking, photo + video editing, maybe some analytics tools and coding) + gaming **If you're gaming, do you have certain games you want to play? At what settings and FPS do you want?** Games like RDR2, Valorant, FromSoftwate games, Arc Raiders, GTA V maybe newer titles at medium to high settings with smooth FPS **Any specific requirements such as good keyboard, reliable build quality, touch-screen, finger-print reader, optical drive or good input devices (keyboard/touchpad)?** Good keyboard, decent build quality, good thermals, and preferably upgradeable storage (1TB or option to upgrade) **Leave any finishing thoughts",1,"{""subreddit"": ""laptops"", ""num_comments"": 0, ""type"": ""post""}"
2026-04-21,reddit,Consumer Tech India,Lenovo,Lenovo LOQ Amd Ryzen 7 7435hs Windows 11 Home Gaming Laptop,https://reddit.com/r/laptops/comments/1srs8me/lenovo_loq_amd_ryzen_7_7435hs_windows_11_home/,user_4bbd9750ac,"Lenovo LOQ Amd Ryzen 7 7435hs Windows 11 Home Gaming Laptop Hello, Actually I am planning to buy this loq Ryzen 7 7435hs laptop(16gb) for my coding work but I am unable to find it in Flipkart and amazon.. all I can see is the same laptop with 24 gb and it cost around rs 1,20000(my budget is rs 70000). I searched a lot but it seems it's no longer available. can you guys suggest if I have to wait or is there any other laptop in loq which is close to this?",1,"{""subreddit"": ""laptops"", ""num_comments"": 4, ""type"": ""post""}"
2026-04-22,reddit,Consumer Tech India,Lenovo,Guys i am getting lenovo loq i7 13700hx with 5060 graphic card in 1.24lakh in offline store is it good for reference its,https://reddit.com/r/SuggestALaptop/comments/1ssq87f/guys_i_am_getting_lenovo_loq_i7_13700hx_with_5060/,user_373cea5f83,Guys i am getting lenovo loq i7 13700hx with 5060 graphic card in 1.24lakh in offline store is it good for reference its this laptop online its gping to be my first laptop and as a 17yo i want to know if its good enough for long term use and this was my max budget i stretched my budget from 90 Take a look at this Lenovo LOQ 2025 Intel Core i7 13th Gen 13700HX - (16 GB/1 TB SSD/Windows 11 Home/8 GB Graphics/NVIDIA GeForce RTX 5060) LoQ 15IRX10 Gaming Laptop on Flipkart,1,"{""subreddit"": ""SuggestALaptop"", ""num_comments"": 0, ""type"": ""post""}"
2026-04-24,reddit,Consumer Tech India,Lenovo,Help buying laptop !!,https://reddit.com/r/laptops/comments/1sucl5a/help_buying_laptop/,user_e3e205c36b,"Help buying laptop !! guys can u help me if i should take this deal i got from olx: [ we had Model: Lenovo LOQ (Ryzen 7 7435HS) RAM: 24GB SSD: 512GB Graphics: RTX 4050 6GB (High Gaming &amp; Editing &amp; Cooding) Condition: Excellent, no issue Performance: GTA V, Valorant, PUBG high settings smooth Windows 11 Genuine Warranty: Active (Lenovo verified) Note: bill &amp; box not available but laptop 100% genuine (can verify via serial number &amp; Lenovo Vantage) would claiming warranty be an issue?? since he cannot provide the bill and is there anything else i should be wary of i also got like in a face to face deal soon too :v",1,"{""subreddit"": ""laptops"", ""num_comments"": 0, ""type"": ""post""}"
2026-04-18,reddit,Consumer Tech India,Lenovo,Selling Lenovo LOQ i7 14650HX 1TB SSD 16GB RAM RTX 4060,https://reddit.com/r/laptops/comments/1soovmm/selling_lenovo_loq_i7_14650hx_1tb_ssd_16gb_ram/,user_3132931801,Selling Lenovo LOQ i7 14650HX 1TB SSD 16GB RAM RTX 4060 Offering a 1.5 year LENOVO LOQ laptop in mint condition (want to switch to a mac since ive stopped gaming) Dm for pictures and price Laptop Laptop Charger Vijay Sales Bill 25/01/2025,1,"{""subreddit"": ""laptops"", ""num_comments"": 0, ""type"": ""post""}"
2026-04-25,reddit,Consumer Tech India,Lenovo,Guys pls suggest,https://reddit.com/r/laptops/comments/1svdp8s/guys_pls_suggest/,user_4eb33c3a09,"Guys pls suggest Guys, please suggest which one I should buy out of these three options. If you have any other recommendations, feel free to suggest those too. My budget is ₹70,000–₹85,000, and I want something reliable for long-term use without major issues. My daily tasks: coding, video editing, multitasking, and medium gaming on weekends. Options I am considering: The one shown in the image above Lenovo LOQ with AMD Ryzen 5 7235HS, NVIDIA RTX 4050 (6GB), 16GB RAM, 512GB SSD, 144Hz display, Windows 11, Office Home 2024 HP Victus with AMD Ryzen 7 7445HS, NVIDIA RTX 4050 (6GB), 16GB DDR5 (upgradeable), 512GB SSD, 144Hz IPS display",1,"{""subreddit"": ""laptops"", ""num_comments"": 0, ""type"": ""post""}"
2026-04-25,reddit,Consumer Tech India,Lenovo,Guys pls suggest me a good laptop,https://reddit.com/r/SuggestALaptop/comments/1svdq2g/guys_pls_suggest_me_a_good_laptop/,user_4eb33c3a09,"Guys pls suggest me a good laptop Guys, please suggest which one I should buy out of these three options. If you have any other recommendations, feel free to suggest those too. My budget is ₹70,000–₹85,000, and I want something reliable for long-term use without major issues. My daily tasks: coding, video editing, multitasking, and medium gaming on weekends. Options I am considering: The one shown in the image above Lenovo LOQ with AMD Ryzen 5 7235HS, NVIDIA RTX 4050 (6GB), 16GB RAM, 512GB SSD, 144Hz display, Windows 11, Office Home 2024 HP Victus with AMD Ryzen 7 7445HS, NVIDIA RTX 4050 (6GB), 16GB DDR5 (upgradeable), 512GB SSD, 144Hz IPS display",1,"{""subreddit"": ""SuggestALaptop"", ""num_comments"": 0, ""type"": ""post""}"
2026-04-26,reddit,Consumer Tech India,Lenovo,Loq users pls guide me,https://reddit.com/r/Lenovo/comments/1svy3qb/loq_users_pls_guide_me/,user_4eb33c3a09,"Loq users pls guide me If you have any other recommendations, feel free to suggest those too. My budget is ₹70,000–₹85,000, and I want something reliable for long-term use without major issues. My daily tasks: coding, video editing, multitasking, and medium gaming on weekends. Options I am considering: The one shown in the image above Lenovo LOQ with AMD Ryzen 5 7235HS, NVIDIA RTX 4050 (6GB), 16GB RAM, 512GB SSD, 144Hz display, Windows 11, Office Home 2024 People were saying this lenovo one is not good cause it has 4 cores and it's not good for 4k editing and gaming in 2026 they saying to go with Ryzen 7 one but it's 1 lakh laptop my budget is only 70-80k , now i am completely confused what to choose 😢",1,"{""subreddit"": ""Lenovo"", ""num_comments"": 0, ""type"": ""post""}"
2026-04-27,reddit,Consumer Tech India,Lenovo,Is the NU Republic 100W GaN charger actually worth it?,https://reddit.com/r/GadgetsIndia/comments/1sx4331/is_the_nu_republic_100w_gan_charger_actually/,user_d4e70a86cc,"Is the NU Republic 100W GaN charger actually worth it? &amp;#x200B; I’m thinking of getting it mainly because it’s only ₹1799, which feels a bit too cheap compared to other 100W GaN chargers. I’ll be using it with a Lenovo LOQ 15IRX9., but only for light stuff like browsing, YouTube, and maybe the occasional Zoom call(rare btw) — no gaming or heavy workloads. I don’t really care about getting the full 100W all the time, I just want something portable instead of carrying the big charger around,and it being able to keep my laptop fully charged (while not losing battery slowly). Has anyone used this charger long-term? Is it reliable and safe, or should I just spend more on something better?(Ion got that kinda money btw💔🥀)",1,"{""subreddit"": ""GadgetsIndia"", ""num_comments"": 12, ""type"": ""post""}"
2026-04-28,reddit,Consumer Tech India,Lenovo,Could anyone help me get the estimation..,https://reddit.com/r/laptops/comments/1sxonfj/could_anyone_help_me_get_the_estimation/,user_6e1de9d3ef,"Could anyone help me get the estimation.. Lenovo Loq Specs: CPU: Ryzen 5 7235HS GPU: RTX 3050 RAM: 24GB DDR5 Storage: 512GB Gen4 SSD Display: 1080p, 144Hz, 100% sRGB Usage &amp; Condition: Purchased: Nov 2025 Battery Cycle: 15 Warranty: 28 Months Remaining Condition: 10/10. No dents, no scratches. Original box and bill available. Reason for selling: I've realized this doesn't fit my needs. I'm looking to switch to a tablet instead. ₹₹₹₹₹",1,"{""subreddit"": ""laptops"", ""num_comments"": 0, ""type"": ""post""}"
2026-04-13,reddit,Consumer Tech India,Lenovo,Lenovo LOQ owners: would you renew the warranty for ₹13k after these issues?,https://reddit.com/r/Lenovo/comments/1skoau1/lenovo_loq_owners_would_you_renew_the_warranty/,user_69cdb58a36,"Lenovo LOQ owners: would you renew the warranty for ₹13k after these issues? I bought a Lenovo LOQ with a 13th Gen Intel Core i7-13620H in November 2023 and also got the additional 36-month warranty at the time of purchase. Since then, I have had a few issues: * The display had problems and the screen was replaced once under warranty. * The trackpad has also had issues and still does sometimes. It randomly stops working for no reason. I am not sure whether it is a hardware problem or a software issue. * Other than that, the laptop has been working well overall. Now I have the option to renew the warranty for another 12 months for ₹13,000. Given this history, would you renew it? I am looking for honest opinions and experiences, especially from people who have owned a LOQ or dealt with Lenovo extended warranty.",1,"{""subreddit"": ""Lenovo"", ""num_comments"": 3, ""type"": ""post""}"
2026-04-29,reddit,Consumer Tech India,Lenovo,Lenovo loq rtx 4050 i5 13th gen vs acer nitro v15 i7 13th rtx 5060,https://reddit.com/r/laptops/comments/1syn0pg/lenovo_loq_rtx_4050_i5_13th_gen_vs_acer_nitro_v15/,user_ebb2040c30,"Lenovo loq rtx 4050 i5 13th gen vs acer nitro v15 i7 13th rtx 5060 Hey yall i wanted to buy a laptop for everyday use and gaming too but.. I have a genuine question i was at a offline store where they have the acer nitro v15 rtx 5060 i7 13th gen for 1.05lakhs and lenovo loq rtx4050 i5 13th gen for 1.06 lakhs i mean its the same price but why so much diffrence in specs I've seen a lot of negative reviews on the acer about low tgp, build quality and what not so... if i were to buy one of these 2 which one you recommend?",1,"{""subreddit"": ""laptops"", ""num_comments"": 1, ""type"": ""post""}"
2026-04-29,reddit,Consumer Tech India,Lenovo,buying lenovo loq in india need coupon code,https://reddit.com/r/Lenovo/comments/1syv38n/buying_lenovo_loq_in_india_need_coupon_code/,user_baad45605a,buying lenovo loq in india need coupon code currently buying from website lenovo loq 17 13650hx and 5060/5050 with 16gb ram and 1tb ssd but need a coupon code to get more discount. It was applied earlier but ryt now its not there. it costs around 1.25lakh but earlier it was 1.17L and not with discount 5% on credit card and 10k on student id,1,"{""subreddit"": ""Lenovo"", ""num_comments"": 6, ""type"": ""post""}"
2026-04-30,reddit,Consumer Tech India,Lenovo,Best Editing laptop under 1Lakh,https://reddit.com/r/SuggestALaptop/comments/1szv4va/best_editing_laptop_under_1lakh/,user_b2cb366c47,"Best Editing laptop under 1Lakh I'm looking for a best video editing laptop in 1-1.2 lakh, I think lenovo LOQ has the best. But I don't know much about model names so, suggest me a best laptop under 1to 1.2lakh. I need more cores",1,"{""subreddit"": ""SuggestALaptop"", ""num_comments"": 1, ""type"": ""post""}"
2026-04-15,reddit,Consumer Tech India,Lenovo,Help to choose Laptop,https://reddit.com/r/laptops/comments/1smiv10/help_to_choose_laptop/,user_e9977b12c8,"Help to choose Laptop Hi everyone, I need an extra opinion. I need to buy a laptop for daily use due to college (light tasks), but I also like to game occasionally — no more than 1–2 hours a day. I’m not picky about graphics; playing on Low or Medium with a 60 FPS cap would already make me happy. But my main concern is that it should last at least 4–5 years without issues, and that worries me because of the many chronic problems gaming laptops have nowadays, especially overheating. I’m considering these options: Asus TUF A15 FA506NCG-HN807W: AMD Ryzen 7 7445HS 3.2GHz / 8GB RAM / 512GB SSD / 15.6"" / Windows 11 / RTX 3050 4GB (I can add another 8GB of RAM). I’m considering this one because of its reputation for durability and relatively low number of defect complaints. []()[]()[]() Notebook Asus Tuf 15 FA506NCG-HN807W 254 RYZEN7-7445HS/ 16GB/ 512 SSD/ 15.6"" 144HZ/ RTX3050 4GB Lenovo LOQ 15ARP9 (83JC00LYUS): AMD Ryzen 5 7235HS 3.2GHz (up to 4.20GHz), 16GB RAM, 512GB SSD, 15.6"" Full HD (1920x1080) IPS 144Hz, GeForce RTX 4050 6GB, Windows 11 Home, Ethernet (RJ45), English keyboard, Luna Grey. MSI Thin 15 B13UC-1000US: Intel Core i5-13420H 2.1GHz / 16GB RAM / 512GB SSD / 15.6"" / Windows 11 / RTX 3050 4GB Acer Nitro V 15 ANV15-52-586Z: 15.6"" Intel Core i5-13420H + RTX 4050 6GB – Obsidian Black Lenovo LOQ 83JC00LYUS: Ryzen 5 7235HS / 16GB / 512GB SSD / 15.6"" FHD 144Hz / RTX 4050 6GB / Win11 (same as above) HP Victus 15-FA2082WM: Intel Core i5 up to 4.3GHz / 16GB RAM / 512GB",1,"{""subreddit"": ""laptops"", ""num_comments"": 0, ""type"": ""post""}"
2026-04-15,reddit,Consumer Tech India,Lenovo,Help choosing a durable laptop,https://reddit.com/r/SuggestALaptop/comments/1smgn77/help_choosing_a_durable_laptop/,user_068d9ec0da,"Help choosing a durable laptop Hi everyone, I need an extra opinion. I need to buy a laptop for daily use due to college (light activities), but I also like to game occasionally — no more than 1-2 hours a day. I'm not strict about graphics; running on Low or Medium with a 60 FPS cap would already make me happy. But my main point is that it MUST last at least 4-5 years without defects, and this has been worrying me because of the many chronic problems gaming laptops have today, especially overheating. I'm considering these options: Asus TUF A15 FA506NCG-HN807W: AMD Ryzen 7 7445HS 3.2GHz / 8GB RAM / 512GB SSD / 15.6"" / Windows 11 / RTX 3050 4GB (I can add another 8GB RAM). I'm thinking about this one because of its reputation for toughness and low number of defect complaints. Lenovo LOQ 15ARP9 (83JC00LYUS): AMD Ryzen 5 7235HS 3.2GHz (up to 4.20GHz), 16GB RAM, 512GB SSD, 15.6"" Full HD (1920x1080) IPS 144Hz, GeForce RTX 4050 6GB, Windows 11 Home, Ethernet (RJ45), English keyboard, Luna Grey. MSI Thin 15 B13UC-1000US: Intel Core i5-13420H 2.1GHz / 16GB RAM / 512GB SSD / 15.6"" / Windows 11 / RTX 3050 4GB Acer Nitro V 15 ANV15-52-586Z: 15.6"" Intel Core i5-13420H + RTX 4050 6GB – Obsidian Black Lenovo LOQ 83JC00LYUS: Ryzen 5 7235HS / 16GB / 512GB SSD / 15.6"" FHD 144Hz / RTX 4050 6GB / Win11 (same as the one above) HP Victus 15-FA2082WM: Intel Core i5 4.3GHz / 16GB RAM / 512GB SSD / 15.6"" / Windows 11 / RTX 4050 6GB Acer ANV15-52-57XK: i5-13420H 16GB RAM / 512GB SSD / 8GB RTX",1,"{""subreddit"": ""SuggestALaptop"", ""num_comments"": 3, ""type"": ""post""}"
2026-05-03,reddit,Consumer Tech India,HP,Laptop required for running mechanical softwares like Solidworks and ANSYS.,https://reddit.com/r/SuggestALaptop/comments/1t2rs60/laptop_required_for_running_mechanical_softwares/,user_75eff8591b,"Laptop required for running mechanical softwares like Solidworks and ANSYS. **LAPTOP QUESTIONNAIRE** * **Total budget (in local currency) and country of purchase. Please do not use USD unless purchasing in the US:** 1.5 Lakhs and under, Country of Purchase- INDIA * **Are you open to refurbs/used?** Not at all * **How would you prioritize form factor (ultrabook, 2-in-1, etc.), build quality, performance, and battery life?** Good build, Gaming Laptop, High performance, decent battery life * **How important is weight and thinness to you?** Not a priority * **Do you have a preferred screen size? If indifferent, put N/A.** 15 -16 inches * **Are you doing any CAD/video editing/photo editing/gaming? List which programs/games you desire to run.** CAD, ANSYS, Other Mechanical Softwares for University and Internships. Gaming and video/photo editing is secondary. * **If you're gaming, do you have certain games you want to play? At what settings and FPS do you want?** Not a hardcore gamer. Gaming is secondary. * **Any specific requirements such as good keyboard, reliable build quality, touch-screen, finger-print reader, optical drive or good input devices (keyboard/touchpad)?** Good Hinge, metal top or body if possible, good thermals, No touch screen, reliable build, touch pad can be a little large as I am used to macbooks. * **Leave any finishing thoughts here that you may feel are necessary and beneficial to the discussion.** I am a Mechanical Engineering 3rd",1,"{""subreddit"": ""SuggestALaptop"", ""num_comments"": 0, ""type"": ""post""}"
2026-04-15,reddit,Consumer Tech India,Lenovo,LENOVO OR ASUS?,https://reddit.com/r/SuggestALaptop/comments/1slz68b/lenovo_or_asus/,user_6d332317a6,LENOVO OR ASUS? want to buy a new laptop for my college. I am confused between Lenovo IdeaPad slim 5 with AMD Ryzen 7 7735HS with 680M Radeon GPU and ASUS vivobook S16 with Intel core 5 210H CPU with Intel UHD igpu? Or should I opt for a gaming laptop like lenovo LOQ and asus tuf gaming? But I don't do heavy gaming I just play some valorant and fifa. That's it. I AM FROM INDIA. PLEASE HELP,1,"{""subreddit"": ""SuggestALaptop"", ""num_comments"": 0, ""type"": ""post""}"
2026-04-14,reddit,Consumer Tech India,Lenovo,I’m planning to buy my first laptop for my BTech in Electronics (never bought one before lol). My budget is around ₹75k–,https://reddit.com/r/laptops/comments/1sl5h3a/im_planning_to_buy_my_first_laptop_for_my_btech/,user_ddd70a60d1,"I’m planning to buy my first laptop for my BTech in Electronics (never bought one before lol). My budget is around ₹75k–₹90k. Based on my research, I’ve shortlisted options like ASUS A16/F16 and Lenovo LOQ. What specs should I actually prioritize? Total budget (in local currency) and country of purchase. Please do not use USD unless purchasing in the US: ₹75,000 – ₹90,000, India Are you open to refurbs/used? No, prefer a new laptop How would you prioritize form factor (ultrabook, 2-in-1, etc.), build quality, performance, and battery life? Performance first, then build quality and battery life. Form factor is not a priority How important is weight and thinness to you? Moderately important, but not at the cost of performance Do you have a preferred screen size? If indifferent, put N/A. 15.6 inches preferred Are you doing any CAD/video editing/photo editing/gaming? List which programs/games you desire to run. Mainly for BTech Electronics studies, coding, simulations (like MATLAB, Proteus, maybe KiCad), and light gaming If you're gaming, do you have certain games you want to play? At what settings and FPS do you want? Casual gaming, medium to high settings with smooth performance (60 FPS is enough) Any specific requirements such as good keyboard, reliable build quality, touch-screen, finger-print reader, optical drive or good input devices (keyboard/touchpad)? Good keyboard, reliable build quality, decent thermals, and a good display",1,"{""subreddit"": ""laptops"", ""num_comments"": 0, ""type"": ""post""}"
2026-04-14,reddit,Consumer Tech India,Lenovo,suggestion on buying a new laptop,https://reddit.com/r/laptops/comments/1sl3und/suggestion_on_buying_a_new_laptop/,user_5e9b3facda,"suggestion on buying a new laptop Hi everyone :) Wanna have some suggestion regarding a new laptop changing from lenovo ideapad gaming l340 after 7-8 years budget is around ₹70-80K and needed for casual gaming(I know GTA6 is not casual but ya i want to play it in future :)\] Shortlisted some I will attach the image Specs of them:- 1. Dell G15 :- core i5 13gen HX, nvidia 3050 6GB 1 TB SSD 2. Lenovo LOQ:-core i7 12gen HX nvidia 4050 6GB 512 GB SSD 3.HP victus:- core i5 14gen HX nvidia 6GB 3050 by the way suggest the laptops available in india preference would be from flipkart Open for other suggestions but please don't recommend some shitty brand(asus, acer their after sales service is hellish🤢💩) it's on my friends experience it's your choice please dont get triggered also if you like any laptop suggest it Thanks to all who replied🙃🙃",1,"{""subreddit"": ""laptops"", ""num_comments"": 6, ""type"": ""post""}"
2026-05-08,reddit,Consumer Tech India,HP,Guys can you help me out in choosing a good laptop for my dad under 1.3lakh (strict budget),https://reddit.com/r/SuggestALaptop/comments/1t758hv/guys_can_you_help_me_out_in_choosing_a_good/,user_3d47cb9468,"Guys can you help me out in choosing a good laptop for my dad under 1.3lakh (strict budget) Total budget (in local currency) and country of purchase. Please do not use USD unless purchasing in the US: ₹1.3 lakhs inr Are you open to refurbs/used? No How would you prioritize form factor (ultrabook, 2-in-1, etc.), build quality, performance, and battery life? Form factor, build quality and battery life above performance How important is weight and thinness to you? Not that important but light and thin would be appreciated not at the cost of build quality tho Do you have a preferred screen size? If indifferent, put N/A. N/A Are you doing any CAD/video editing/photo editing/gaming? List which programs/games you desire to run. No just office work mostly Any specific requirements such as good keyboard, reliable build quality, touch-screen, finger-print reader, optical drive or good input devices (keyboard/touchpad)? Reliable build quality Leave any finishing thoughts here that you may feel are necessary and beneficial to the discussion. Storage should be at minimum 512 gb SSD and ram at minimum 12gb",1,"{""subreddit"": ""SuggestALaptop"", ""num_comments"": 9, ""type"": ""post""}"
2026-05-08,reddit,Consumer Tech India,Lenovo,Which laptop will be a better buy here? [HP Victus 15 vs Lenovo LOQ 15],https://reddit.com/r/SuggestALaptop/comments/1t7esdy/which_laptop_will_be_a_better_buy_here_hp_victus/,user_2ea158ccba,"Which laptop will be a better buy here? [HP Victus 15 vs Lenovo LOQ 15] I’m confused between these two gaming laptops and would like opinions from people who’ve actually used/have info on either series. **1. HP Victus 15-fa2405TX** * Intel Core 7 240H * RTX 5060 8GB \[TGP not official- sources say \~80W\] * 24GB RAM * 1TB SSD **2. Lenovo LOQ 15AHP10 (2025)** * Ryzen 7 250 * RTX 5060 8GB * 24GB RAM * 1TB SSD * RTX 5060 is listed at 100W TGP almost everything is the same, and so is the price. I would just like to know which laptop would be a better option here, and which would offer a better after sales service. \[India\]",1,"{""subreddit"": ""SuggestALaptop"", ""num_comments"": 0, ""type"": ""post""}"
2026-05-13,reddit,Consumer Tech India,Apple,Iphone 15 worth it???,https://reddit.com/r/GadgetsIndia/comments/1tbr6wr/iphone_15_worth_it/,user_57525ffa1b,"Iphone 15 worth it??? Hey I'm thinking of upgrading my phone from Android (samsung f23) to iPhone and I'm like saving up money to buy it in 2027 june so will it be worth it for me to buy iphone 15 basic 256gb at that time , cause that's what I could afford by then , I'll maybe do some basic makeup transition reels, vlogs for my insta and YouTube yk so will it be okay cause by that time 18 will be there so it's basically I'm behind the race lol lmk plsss",1,"{""subreddit"": ""GadgetsIndia"", ""num_comments"": 2, ""type"": ""post""}"
2026-05-09,reddit,Consumer Tech India,Lenovo,Legion - purchase now or after new release?,https://reddit.com/r/Lenovo/comments/1t86muw/legion_purchase_now_or_after_new_release/,user_32acae0375,"Legion - purchase now or after new release? I’m planning to buy the Lenovo Legion 7i with the RTX 5060. It’s currently priced at around ₹2.24 lakh, and with discounts (at least a month ago, from what I heard), it was available for around ₹2.1 lakh. At this point, should I just buy it now, or would it make more sense to wait for newer laptop releases? Also, are any noticeable price drops expected in the near future? Purchasing in Mumbai, India",1,"{""subreddit"": ""Lenovo"", ""num_comments"": 5, ""type"": ""post""}"
2026-05-07,reddit,Consumer Tech India,Lenovo,Lenovo GPU Working Mode and Windows Brightness,https://reddit.com/r/Lenovo/comments/1t6qzub/lenovo_gpu_working_mode_and_windows_brightness/,user_b02519eed0,"Lenovo GPU Working Mode and Windows Brightness Yo Lenovo, why have you still not fixed your Firmware issues with screen brightness when using any GPU Working Mode in the Lenovo Vantage App except for ""dGPU Mode"" with thermal ""Balance Mode""? If I use ""dGPU Mode"" with thermal ""Performance Mode"" then when attempting to change the brightness of the screen the brightness pop-up appears saying I am either increasing or dimming the brightness but nothing actually happens, the brightness stays fully bright. Don't even get me started on using any of the ""Hybrid"" GPU Working Modes because those don't even trigger the brightness pop-up, and obviously no brightness changes occur. Yo what is going on Lenovo? I have a ""LENOVO\_MT\_83G0\_BU\_idea\_FM\_Legion 9 16IRX9"" with all the latest Windows, Lenovo, and NVidia updates. EDIT: Ok, sorry Lenovo, for taking it out on you, but this has only happened to me with this laptop. Looks like this was an Intel Display Adapter driver missing issue, not sure why it would disappear though. So in the Lenovo vantage App, within the ""Game Settings"", in the ""GPU Working Mode"" options, you have to be in a ""Hybrid"" GPU Working Mode (either ""Hybrid Mode"", ""Hybrid-iGPU Only Mode"", or ""Hybrid-Auto mode"") in order to be able to see check if you have your current Intel display adapter installed. If you are in ""dGPU Mode"" you will only see your dedicated graphics card display adaptor in the display adaptors in Device Manager since ""dGPU Mode"" makes sure to ONLY",1,"{""subreddit"": ""Lenovo"", ""num_comments"": 2, ""type"": ""post""}"
2026-05-08,reddit,Consumer Tech India,Lenovo,CTO LAPTOP DELAY,https://reddit.com/r/Lenovo/comments/1t6wslu/cto_laptop_delay/,user_e71977af35,"CTO LAPTOP DELAY Hey everyone! I ordered a customized Lenovo Legion laptop (₹1,51,175) directly from Lenovo India's official website. It arrived in India on May 2, 2026 and has been stuck at ""Arrived in Country - Pending Customs"" ever since. Today is May 5 — so it's been 4 days with no update. The estimated ship date on the portal kept changing — started at May 11, moved to May 13, then improved to May 12. Portal still shows ""Pending Customs"" with Est. Ship Date: 12/05/2026. Yesterday I received an email from Lenovo saying: ""We are happy to inform you that your order has been shipped from the manufacturing plant and will be delivered to you within 16/May/2026"" But here's the confusing part — my laptop is ALREADY in India pending customs, so why does the email say ""shipped from manufacturing plant""? Called Lenovo support and they just said ""please wait."" No specific reason given for the delay. How many days did customs take for you? Any tips to speed things up? 🙏🎮",1,"{""subreddit"": ""Lenovo"", ""num_comments"": 2, ""type"": ""post""}"
2026-05-11,reddit,Consumer Tech India,ASUS,The ROG ALLY Z1 Extreme,https://reddit.com/r/IndianGaming/comments/1ta3m7d/the_rog_ally_z1_extreme/,user_6ed0ea4828,The ROG ALLY Z1 Extreme I really want to but the Z1 extreme but can't find any at my location. The shops tells that it's manufacturing has closed long ago and I don't want a pre-owned one. I live in Kolkata. Is there any way I can get one?,1,"{""subreddit"": ""IndianGaming"", ""num_comments"": 17, ""type"": ""post""}"
2026-05-10,reddit,Consumer Tech India,Lenovo,Which thermal paste to get?,https://reddit.com/r/IndianGaming/comments/1t9343a/which_thermal_paste_to_get/,user_9addf60984,Which thermal paste to get? What is the best thermal paste for Lenovo Ideapad Gaming 3 15ARH05 bought in 2021. Specifications: Cpu: Amd Ryzen 5 4600H Gpu: Gtx 1650 4gb Ram: 8gb ddr4 3200mhz Also I have not changed the thermal paste since I bought the laptop(faaah) Please suggest me what’s the best thermal paste I can get for my laptop? (Around ₹500 if possible),1,"{""subreddit"": ""IndianGaming"", ""num_comments"": 2, ""type"": ""post""}"
2026-05-08,reddit,Consumer Tech India,Lenovo,Which of these is the best choice for eSports titles ??,https://reddit.com/r/IndianGaming/comments/1t76eyv/which_of_these_is_the_best_choice_for_esports/,user_fbbffe3e4e,"Which of these is the best choice for eSports titles ?? TLDR:- ( title ) Max budget 15k ( absolute max ), mostly plays Valo and Fortnite A friend sent me the link of the Predator monitor from Amazon and asked me if it was good. He plays valo and fortnite mostly and is looking at the Acer since it has a 320hz refresh rate and isn't that expensive ( especially for 320hz ). But I believe he should not go for 320hz gimmick ( in the sense not base his choice only by seeing refresh rate ) and actually consider a different brand with good build quality and colours as well. Happened to stumble upon these ( the AOC through Flipkart) and think these are better options than the Acer. Links :- Acer :- AOC :- Lenovo Legion :-",1,"{""subreddit"": ""IndianGaming"", ""num_comments"": 0, ""type"": ""post""}"
2026-05-08,reddit,Consumer Tech India,Lenovo,"what the hell is this !!! is this real, it is sold by clicktech retail tho, please respond asap if you anything about th",https://reddit.com/r/techIndia/comments/1t79w61/what_the_hell_is_this_is_this_real_it_is_sold_by/,user_6034d9d8bb,"what the hell is this !!! is this real, it is sold by clicktech retail tho, please respond asap if you anything about this type of price drops, and if they are legit just saw this laptop listed for 1.18L INR with a g502 and a g431 headset. Is it a false listing/scam i dont know much about these [",1,"{""subreddit"": ""techIndia"", ""num_comments"": 2, ""type"": ""post""}"
2026-05-09,reddit,Consumer Tech India,Lenovo,"[Buying Advice] Lenovo Legion 5 (Ryzen 7 260, RTX 5050) - IPS vs OLED? Online vs Offline? Need advice for CS Engg.",https://reddit.com/r/IndianGaming/comments/1t7v2nc/buying_advice_lenovo_legion_5_ryzen_7_260_rtx/,user_096f8a1e1c,"[Buying Advice] Lenovo Legion 5 (Ryzen 7 260, RTX 5050) - IPS vs OLED? Online vs Offline? Need advice for CS Engg. Starting my CS Engineering degree soon and planning to buy the Lenovo Legion 5 Gen 10 (AMD Ryzen 7 260, RTX 5050, 16GB DDR5, 1TB SSD). I need this machine to reliably last my 4-year degree. **My Usage:** * Heavy coding / IDEs * AutoCAD, hobbyist Blender, Game Dev * Casual gaming, browsing, streaming **My Main Questions:** 1. **IPS vs OLED:** Given my heavy coding usage (static text, taskbars, IDE layouts), is the OLED burn-in risk too high for a 4-year lifespan? Should I play it safe and stick to the IPS panel? 2. **Online vs Offline:** I am based in Mumbai. Lenovo's official India website offers a 10% UNiDAYS student discount + up to 10% credit card cashback. Can local offline stores reliably match this pricing and these custom-to-order specs? 3. **Battery Life:** I need the battery to survive more than 1-2 hours for standard lectures. How is the battery on this specific 2026 Ryzen/RTX 5050 combo when doing basic browsing/coding on battery? Appreciate any input from current Legion owners or CS students.",1,"{""subreddit"": ""IndianGaming"", ""num_comments"": 0, ""type"": ""post""}"
2026-05-09,reddit,Consumer Tech India,Lenovo,Is this a good deal?,https://reddit.com/r/GadgetsIndia/comments/1t86dlt/is_this_a_good_deal/,user_9a6ef5bbe9,"Is this a good deal? So I've ordered this today. I want your opinion guys. I am only going to use it for watching online lectures and Youtube. I am concerned that Lenovo is giving pre-activated devices with only 2-3 months of warranty left and since this tablet is already 2 years old, I hope that doesn't happen with mine. At the same price, or with 5-6k more, should I have gone for something else?",1,"{""subreddit"": ""GadgetsIndia"", ""num_comments"": 3, ""type"": ""post""}"
2026-05-08,reddit,Consumer Tech India,Dell,Build review for pc under 1Lakh to 1.2lakh,https://reddit.com/r/IndianGaming/comments/1t78wjb/build_review_for_pc_under_1lakh_to_12lakh/,user_ccc8fba4f2,"Build review for pc under 1Lakh to 1.2lakh **What will you be doing with this PC?** - To learn and earn with 3d design and cad learning for 3d printing already know illustrator and Photoshop pivoting into something else also gaming sometimes . **What is your maximum budget?** 1Lakh to 1.2 lakh. When do you plan on building/buying the PC? In a week or 2 weeks ( need to start collecting components) **What, exactly, do you need included in the budget?** Only the tower **Which state/city will you be purchasing the parts in?** Hyderabad and mix of online and offline works **If reusing any parts** No( first build) **Will you be overclocking?** Nope **Are there any specific features or items you want/need in the build?** Need a build that can support 3d rendering and cad and illustrator and occasional gaming **Do you have any specific case preferences?** Full tower works for me and non RGB is also good. **Do you need a copy of Windows included in the budget?** I don't need a copy of windows. Extra info or particulars: below is something I made using pc price tracker I already have a 22inch monitor with monitor arm and ant E sports keyboard and a Logitech wireless mouse a d dell g3 2018 barely surviving) [PCPriceTracker Build]( Category|Selection|Source|Price :----|:----|:----|----: **Processor** | [Amd Ryzen 7 7700 Gaming Desktop Processor (100-100000592BOX)](",1,"{""subreddit"": ""IndianGaming"", ""num_comments"": 11, ""type"": ""post""}"
2026-05-07,reddit,Consumer Tech India,ASUS,Need suggestions for new GPU,https://reddit.com/r/IndianGaming/comments/1t6mtod/need_suggestions_for_new_gpu/,user_4450152204,"Need suggestions for new GPU I have a pretty old PC build with the following components: Asus Prime B-450 motherboard CPU: Ryzen 5 5600X 8\*2 DDR4 RAM 3000 Mhz GPU: AMD RX 570 Please suggest the most value GPU upgrade considering my cabinet has space only for GPUs with 2 fans ( 3-fan GPUs may not fit). Budget around 40-50k INR PC is used for gaming mostly FIFA, Valorant, etc.",1,"{""subreddit"": ""IndianGaming"", ""num_comments"": 8, ""type"": ""post""}"
2026-05-05,reddit,Consumer Tech India,Lenovo,i need a laptop for gaming+coding in collage around or under 150k inr any recommendations?,https://reddit.com/r/SuggestALaptop/comments/1t4oic0/i_need_a_laptop_for_gamingcoding_in_collage/,user_c45884fc7e,i need a laptop for gaming+coding in collage around or under 150k inr any recommendations? is lenovo legion good choice??,1,"{""subreddit"": ""SuggestALaptop"", ""num_comments"": 0, ""type"": ""post""}"
2026-05-09,reddit,Consumer Tech India,Lenovo,Need Gaming laptop suggestion,https://reddit.com/r/SuggestALaptop/comments/1t88hqc/need_gaming_laptop_suggestion/,user_31a2851902,"Need Gaming laptop suggestion Hey guys,I need a Gaming laptop under INR 1.5 lakh ,can you please suggest,i am confused between lenovo legion,Asus and hp omen. any suggestions are welcome.",1,"{""subreddit"": ""SuggestALaptop"", ""num_comments"": 0, ""type"": ""post""}"
2026-05-11,reddit,Consumer Tech India,Lenovo,Can someone tell me whats wrong with lenovo?,https://reddit.com/r/IndianGaming/comments/1t9tno6/can_someone_tell_me_whats_wrong_with_lenovo/,user_669da3fafa,"Can someone tell me whats wrong with lenovo? I wanted to buy this monitor but for some reason, it becomes available for an hour and then becomes unavailable on its website for a few hours. Can someone tell me whats up w it?",1,"{""subreddit"": ""IndianGaming"", ""num_comments"": 1, ""type"": ""post""}"
2026-05-11,reddit,Consumer Tech India,Lenovo,OLED vs IPS,https://reddit.com/r/laptops/comments/1ta2pbd/oled_vs_ips/,user_8915bc1869,"OLED vs IPS I am thinking of buying a Lenovo Legion, but most of them come with an oled display. I want my laptop to run properly for atleast the next 4 - 5 years. I am worried about the oled burn in, should I just buy a laptop with an ips display? I will mostly be using it for programming/coding and sometimes for gaming/movies as well, I have been told that you need to be very cautious with oled displays. What should I do?",1,"{""subreddit"": ""laptops"", ""num_comments"": 33, ""type"": ""post""}"
2026-05-07,reddit,Consumer Tech India,ASUS,[WTS] ASUS Prime H610M-CS-CSM M-ATX Motherboard | Brand New | Bill Dated Today | Negotiable,https://reddit.com/r/IndianGaming/comments/1t63q59/wts_asus_prime_h610mcscsm_matx_motherboard_brand/,user_32b26b54d6,"[WTS] ASUS Prime H610M-CS-CSM M-ATX Motherboard | Brand New | Bill Dated Today | Negotiable Selling my ASUS Prime H610M-CS-CSM motherboard. Purchased today for ₹6299, bill available with today’s date for warranty purposes. **Condition:** New / Open Box **Purchase Date:** 07 May 2026 **Warranty:** Standard ASUS warranty applicable (invoice available) **Invoice:** Available — will share invoice picture with personal details masked. **Sale Location:** Kolkata **Shipping Mode:** Any courier you wish **Pictures:** * Clear motherboard pictures available * Timestamp + Reddit username included in photos as per rules **Expected Price:** ₹5,800 Negotiable (Purchased today for ₹6,299) **Reason for Sale:** I wanted DDR4 version, i did not check description and i accidentally purchased DDR5 version. Includes original box, accessories, and bill. Comment before DM. Serious buyers only. #",1,"{""subreddit"": ""IndianGaming"", ""num_comments"": 1, ""type"": ""post""}"
2026-05-13,reddit,Consumer Tech India,Apple,Ordered Iphone 17 on 11th delivery postponed to 15th,https://reddit.com/r/GadgetsIndia/comments/1tc970s/ordered_iphone_17_on_11th_delivery_postponed_to/,user_5b729d9cf3,Ordered Iphone 17 on 11th delivery postponed to 15th Ordered iphone 17 on 11th may on Flipkart with 2 days delivery i.e 13th may. But it got rescheduled to 14th May :- even though phone left ahemdabad today at 4:33pm and it takes 8 hrs to reach junagadh how can they delay it to 15th 13th -&gt;14th-&gt;15th revised date Won't be bad if it was not my birthday present but it is and I need it on /before my birthday. Anything that can be done regarding this ?,1,"{""subreddit"": ""GadgetsIndia"", ""num_comments"": 1, ""type"": ""post""}"
2026-04-19,reddit,Consumer Tech India,Lenovo,Laptop for College + Gaming: Buy Now or Wait?,https://reddit.com/r/SuggestALaptop/comments/1spuz62/laptop_for_college_gaming_buy_now_or_wait/,user_19f30ef406,"Laptop for College + Gaming: Buy Now or Wait? Laptop for College + Gaming: Buy Now or Wait? Hello 👋 \*\*LAPTOP QUESTIONNAIRE\*\* \*\*Total budget (in local currency) and country of purchase. Please do not use USD unless purchasing in the US:\*\* ₹60,000 – ₹75,000 (India) \*\*Are you open to refurbs/used?\*\* No, prefer new \*\*How would you prioritize form factor (ultrabook, 2-in-1, etc.), build quality, performance, and battery life?\*\* Performance &gt; Battery Life &gt; Build Quality &gt; Form Factor \*\*How important is weight and thinness to you?\*\* Moderately important, but okay with slightly bulky if performance is better \*\*Do you have a preferred screen size? If indifferent, put N/A.\*\* 15.6 inches preferred \*\*Are you doing any CAD/video editing/photo editing/gaming? List which programs/games you desire to run.\*\* Mainly college tasks (Excel, PPT, multitasking, photo + video editing, maybe some analytics tools and coding) + gaming \*\*If you're gaming, do you have certain games you want to play? At what settings and FPS do you want?\*\* Games like RDR2, Valorant, FromSoftwate games, Arc Raiders, GTA V maybe newer titles at medium to high settings with smooth FPS \*\*Any specific requirements such as good keyboard, reliable build quality, touch-screen, finger-print reader, optical drive or good input devices (keyboard/touchpad)?\*\* Good keyboard, decent build quality, good thermals, and preferably upgradeable storage (1TB or op",1,"{""subreddit"": ""SuggestALaptop"", ""num_comments"": 0, ""type"": ""post""}"
2026-05-12,reddit,Consumer Tech India,Lenovo,"Lenovo Legion 5: internal screen died twice while using the GPU, warranty won’t cover it after 3 months, and now I need ",https://reddit.com/r/Lenovo/comments/1tb406q/lenovo_legion_5_internal_screen_died_twice_while/,user_a3a41ab4a5,"Lenovo Legion 5: internal screen died twice while using the GPU, warranty won’t cover it after 3 months, and now I need blind BIOS help + 64GB RAM I’m desperate. As the title says: I need help from someone who has a Lenovo Legion 5 15ACH6H, or a similar BIOS, because I’m literally navigating the laptop BIOS “blind,” and the only way I can boot into Windows is with an external monitor. I’ve already searched the internet to death, and I haven’t found any way to make my BIOS display on the external monitor. The worst part is that my Lenovo Legion 5 has already lost its internal screen twice, both times coincidentally while I was using the GPU for gaming. I don’t know if this is a hardware issue, heat, the panel, the eDP cable, the MUX, or some weird design flaw, but the internal screen died again. And because more than 3 months have passed, the warranty/repair policy won’t cover it anymore. Yes, I know it was absurd to buy 64GB of RAM before fixing the screen first. You can roast me later because I used my chimpanzee brain and my money to prioritize more RAM over a new screen — a screen that I would probably use once just to modify the BIOS, and then it would die again while playing some random Steam game. The point is that right now I can’t afford to replace the laptop or replace the screen, and my current issue is that the RAM I bought is showing as running at 1600 MHz in CPU-Z. I understand that because it’s DDR4, this probably means it is effectively running at 3200 MT/s,",1,"{""subreddit"": ""Lenovo"", ""num_comments"": 1, ""type"": ""post""}"
2026-05-13,reddit,Consumer Tech India,Lenovo,Redmi Pad 2 vs Lenovo Idea tab,https://reddit.com/r/GadgetsIndia/comments/1tbs4dp/redmi_pad_2_vs_lenovo_idea_tab/,user_0eb82d2db0,"Redmi Pad 2 vs Lenovo Idea tab Available in same price. No heavy usage, only lectures and pdf annotations",1,"{""subreddit"": ""GadgetsIndia"", ""num_comments"": 5, ""type"": ""post""}"
2026-05-13,reddit,Consumer Tech India,Apple,Smartphone around 35k,https://reddit.com/r/GadgetsIndia/comments/1tbrzkm/smartphone_around_35k/,user_65e6093360,"Smartphone around 35k Smartphone around 35k I am looking for a phone with smooth experience (not for gaming as I am not interested) But good camera I like to click photos and recording videos of ""myself"" while traveling, concerts, etc My 1st priority is camera ( iphone like photos 💔💅🏻)",1,"{""subreddit"": ""GadgetsIndia"", ""num_comments"": 1, ""type"": ""post""}"
2026-05-12,reddit,Consumer Tech India,Apple,India Rising: Road to EWC,https://reddit.com/r/IndianGaming/comments/1tatjue/india_rising_road_to_ewc/,user_16ae461bf7,"India Rising: Road to EWC Hello r/IndianGaming 👋 Here to let you know: [India Rising: Road to EWC]( is giving Indian players a shot at the global stage. Official [Chess.com]( qualifiers are **now open**, with the winner earning a chance to represent India at the Esports World Cup. Also featuring: \- Mobile Legends: 5v5 \- Valorant Showmatches Qualify online and compete at the **India Rising LAN event** alongside creators, esports athletes, cosplay, comedy, and more. Registrations are live for chess on the JioGames app ([iOS]( &amp; [Android](",1,"{""subreddit"": ""IndianGaming"", ""num_comments"": 1, ""type"": ""post""}"
2026-05-05,reddit,Consumer Tech India,Lenovo,"What do you think about this Monitor ""Lenovo legion R27qe Gen2""?",https://reddit.com/r/Lenovo/comments/1t4c1vr/what_do_you_think_about_this_monitor_lenovo/,user_cb65c3f700,"What do you think about this Monitor ""Lenovo legion R27qe Gen2""? My main purpose to buy a monitor for my laptop is based on ranking: 1. Work (with text more) 2. Movies should look really good 3. Studies (I am a CS student so coding etc) 4. Mid-gaming (story games only) On Amazon it's like 16.4k INR - \~$175 approx Laptop - LENOVO LOQ ARP9",1,"{""subreddit"": ""Lenovo"", ""num_comments"": 0, ""type"": ""post""}"
2026-05-09,reddit,Consumer Tech India,Lenovo,Regarding buying new laptop and sell old one,https://reddit.com/r/laptops/comments/1t89a2p/regarding_buying_new_laptop_and_sell_old_one/,user_71a388a229,"Regarding buying new laptop and sell old one Budget: $1100/€1000/ 80,000-1 lakh Country: India Use Case: gaming, editing and small lIm models Preferred Specs: given below(1) Notes: please share your opinion I currently have acer predator helios neo 16 i5 13500hx rtx 4050 16gb ram and 512gb storage i brought for around 1111$( ₹104999) And now my friend is offering me 794$ (₹75000) And with my current saving using student discount im getting lenovo loq rtx 5050 16gb ram ryzen 7 270 for 1054(99999) Or acer nitro with i5 210h rtx 5050 16gb ram for 950(89999) Should i sell my laptop to him?",1,"{""subreddit"": ""laptops"", ""num_comments"": 5, ""type"": ""post""}"
2026-04-22,reddit,Consumer Tech India,Apple,"Too much tech, too much friction, need help consolidating/upgrading",https://reddit.com/r/SuggestALaptop/comments/1ssc028/too_much_tech_too_much_friction_need_help/,user_39849d1f6e,"Too much tech, too much friction, need help consolidating/upgrading I’m a sophomore Cybersecurity student currently stuck with three different machines that all overlap in weird ways. I’m trying to figure out what to sell, what to return, and what to upgrade to have devices that best suit my use case. **My Current Lineup:** 1. **MacBook Pro M5 (16GB/512GB):** Just got this a month ago for $1400. Already in the ecosystem but not forced to stay in it (iPhone, Watch, iPad, AirPods). I’ve already used 350gb of storage and I’m worried about the 16gb ram for cyber labs/VMs. 2. **Lenovo Legion Slim 5 (14.5"" OLED):** r7 7840hs, 16gb (soldered), RTX 4060. This was supposed to be my ""everything"" machine originally but was allowed to bring my pc. The chassis is annoying (creaky), the glossy screen is a nightmare in bright rooms, and the battery only lasts 3-4 hours at the brightness I need. I end up constantly worrying about closing any apps that might drain battery and kind of acts as a distraction. 3. **Custom Desktop:** i5-12400 (have a 13600kf waiting to be tested), 32gb RAM ddr4, RX 6650xt. Running CachyOS. I recently moved to 1440p/165hz, and this build is struggling with Wuthering Waves and The Finals at that resolution. **The Dilemma:** * **The Mac Problem:** I’m not sure if macOS is the right move for my major. It’s also annoying that I can’t play lighter games (like Ember Knights) on the go due to compatability. If I keep a Mac, I’m considering returning this one for a",1,"{""subreddit"": ""SuggestALaptop"", ""num_comments"": 2, ""type"": ""post""}"
2026-05-09,reddit,Consumer Tech India,Lenovo,Power adapter stopped working,https://reddit.com/r/Lenovo/comments/1t8bs4s/power_adapter_stopped_working/,user_74c756d6ed,"Power adapter stopped working I bought a lenovo LOQ 15IAX9E D1, and it’s power adapter suddenly stopped working, my laptop is in warranty plus i have accidentally damage protection aswell Is my power adapter covered (replaceable) under warranty in india?",1,"{""subreddit"": ""Lenovo"", ""num_comments"": 1, ""type"": ""post""}"
2026-05-07,reddit,Consumer Tech India,Lenovo,Best Laptop for Adobe Animate + Premiere Pro Editing Under ₹60k (India),https://reddit.com/r/SuggestALaptop/comments/1t65jfy/best_laptop_for_adobe_animate_premiere_pro/,user_914ac1c268,"Best Laptop for Adobe Animate + Premiere Pro Editing Under ₹60k (India) Hi everyone, I’m looking for a laptop mainly for creative work and video editing in India. My budget is around ₹60,000 INR (can stretch a little if really worth it). Main work: Adobe Animate (2D animation) Adobe Premiere Pro Editing clips, transitions, exports Mostly 1080p workflow Multitasking between Animate + Premiere + browser Not doing: Heavy 3D rendering AAA gaming focus Hardcore After Effects/VFX What I need: Smooth timeline playback Fast export/render Good thermals (less heating) 16GB RAM preferred SSD mandatory Good display (16”) Reliable for long-term use Brands I’m considering: HP Dell Lenovo Currently confused between: HP Victus Dell G15",1,"{""subreddit"": ""SuggestALaptop"", ""num_comments"": 0, ""type"": ""post""}"
2026-05-12,reddit,Consumer Tech India,Lenovo,Laptop suggestion,https://reddit.com/r/SuggestALaptop/comments/1tbbsf7/laptop_suggestion/,user_cc37980d82,Laptop suggestion Is lenovo LoQ 13th gen i7-13650 rtx 4050 with 16gm ram and 512 gb SSD good for a price of 92530 rs (Indian rupees) in this time period ?,1,"{""subreddit"": ""SuggestALaptop"", ""num_comments"": 0, ""type"": ""post""}"
2026-05-07,reddit,Consumer Tech India,ASUS,Looking for a laptop,https://reddit.com/r/SuggestALaptop/comments/1t6446m/looking_for_a_laptop/,user_33be32ad8b,"Looking for a laptop I need a laptop under 1 lakh rupees main goal is for programming and college work a little bit gaming also not so intensive Should be able to do some vfx work and video editing, generally productivity tasks are the priority",1,"{""subreddit"": ""SuggestALaptop"", ""num_comments"": 0, ""type"": ""post""}"
2026-05-12,reddit,Consumer Tech India,Lenovo,Lenovo laptop return plz help🙏,https://reddit.com/r/GadgetsIndia/comments/1tbbt46/lenovo_laptop_return_plz_help/,user_cfcfdf1c1f,"Lenovo laptop return plz help🙏 Has anyone here successfully returned a laptop bought directly from the Lenovo website in India? I accidentally ordered the wrong Lenovo LOQ model and already raised a return request. Lenovo support told me to wait 24 hours for an update. It's been 24hr but I haven't heard back from them I have already accepted and unboxed the laptop, so I’m worried whether the return will still go through smoothly. How long did it take in your case for: • return approval • pickup initiation • refund processing Plz helpp",1,"{""subreddit"": ""GadgetsIndia"", ""num_comments"": 1, ""type"": ""post""}"
2026-05-13,reddit,Consumer Tech India,Lenovo,Gaming Laptop around 80k budget.,https://reddit.com/r/GadgetsIndia/comments/1tc2j2t/gaming_laptop_around_80k_budget/,user_8751332331,Gaming Laptop around 80k budget. Is HP victus any good or should I prefer something else around this range? Asus Tuf? Lenovo loq?,1,"{""subreddit"": ""GadgetsIndia"", ""num_comments"": 4, ""type"": ""post""}"
2026-04-17,reddit,Consumer Tech India,Lenovo,Saving my Y540,https://reddit.com/r/Lenovo/comments/1snshdz/saving_my_y540/,user_d4699b0387,"Saving my Y540 Greetings fellow Lenovo users. Maybe this post will help someone. So I have the Y540 Legion both it I think 2020. It has i5 9300h and 1660ti in it. I had a big throttling problem as most laptops do, which I ""solved"" with cleaning and repasting. BUT the paste and I tried atleast 5 and 5 different patterns etc would always pump out. Repasted temps would be 75-85, after a while 100 again. Yesterday I put Thermal Grizzly Phasesheet as in PTM 7950 and Thermal Grizzly Putty Advanced. That combination finally solved pump out, but as you can see in pictures the temps are insane. 35C idle and 65-75C max on benchmarks. Also ofcourse undervolting did wonders.",1,"{""subreddit"": ""Lenovo"", ""num_comments"": 0, ""type"": ""post""}"
2026-04-18,reddit,Consumer Tech India,Lenovo,Need help choosing my laptop,https://reddit.com/r/laptops/comments/1sopdkd/need_help_choosing_my_laptop/,user_c3d82c8a0e,"Need help choosing my laptop Chat, im a student who is gonna do aerospace engineering, I need a laptop that can run apps like Fusion 360, Solidworks and CFDs which are CPU intensive programs. I am not too sure which laptop to get, I prefer Lenevo LOQ or Legion, my budget is 1 10 000 INR. On lenevos website, I found this laptop with the following specs: Lenovo LOQ Gen 10, 39.62cms - AMD Processor: AMD Ryzen™ 7 250 Processor (3.30 GHz up to 5.10 GHz) Operating System: Windows 11 Home Single Language 64 Microsoft Productivity Software: Microsoft Office Trial Memory : 16 GB DDR5-5600MT/s (SODIMM) Solid State Drive: 512 GB SSD M.2 2242 PCIe Gen4 QLC Display: 39.62cms (15.6) FHD (1920 x 1080), IPS, Anti-Glare, Non-Touch, 100%sRGB, 300 nits, 144Hz Graphics Card: NVIDIA® GeForce RTX™ 5050 Laptop GPU 8GB GDDR7 Camera: 5MP with Dual Microphone Color: Luna Grey Surface Treatment: Painting Keyboard: White Backlit, Eclipse Black - English (US) Wireless: Wi-Fi 6 2x2 AX &amp; Bluetooth® 5.3 Battery: 4 Cell Rechargeable Li-ion 60Wh Power Cord: 245W 30% PCC 3pin AC Adapter - India AI Agent : Lenovo AI Now Adobe Acrobat: No Adobe Acrobat I am getting this for 1.2L w 3 year warrenty I dont mind about ram being less as I can js upgrade it later, same with storage * **Total budget (in local currency) and country of purchase. Please do not use USD unless purchasing in the US:** 1600SGD/1.2INR (I can buy in Singapore or India) * **Are you open to refurbs/u",1,"{""subreddit"": ""laptops"", ""num_comments"": 1, ""type"": ""post""}"
2026-05-06,reddit,Consumer Tech India,HP,"What laptop should I get? (India,sub 50k)",https://reddit.com/r/SuggestALaptop/comments/1t5ebin/what_laptop_should_i_get_indiasub_50k/,user_5f09dfb15b,"What laptop should I get? (India,sub 50k) Total budget (in local currency) and country of purchase. Please do not use USD unless purchasing in the US: around 50k, India Are you open to refurbs/used? Yes How would you prioritize form factor (ultrabook, 2-in-1, etc.), build quality, performance, and battery life? Avarage build quality and battery life but acceptable performance How important is weight and thinness to you? doesn't matter Do you have a preferred screen size? If indifferent, put N/A. nope Are you doing any CAD/video editing/photo editing/gaming? List which programs/games you desire to run. yes mostly minor editing and some gaming (especially asphalt legends) and some programming If you're gaming, do you have certain games you want to play? At what settings and FPS do you want? atleast 60fps Any specific requirements such as good keyboard, reliable build quality, touch-screen, finger-print reader, optical drive or good input devices (keyboard/touchpad)? matters but nort much as I will use external keyboard and mouse anyway and no touch screen needed Leave any finishing thoughts here that you may feel are necessary and beneficial to the discussion. please exclude Asus and Acer and a minimum of 16 ddr4/5 + 512ssd is needed it'll be better if it's a H series processor atleast 12th generation",1,"{""subreddit"": ""SuggestALaptop"", ""num_comments"": 4, ""type"": ""post""}"
2026-04-22,reddit,Consumer Tech India,Lenovo,Advice for Lenovo Legion Slim 5,https://reddit.com/r/laptops/comments/1ssxovm/advice_for_lenovo_legion_slim_5/,user_061db7dba6,"Advice for Lenovo Legion Slim 5 I bought a Lenovo Legion Slim 5 (Gen 8, 14.5"") about a year and a half ago. It was working great, when out of nowhere the screen would no longer turn on. There was no overheating, liquid damage, etc. I was frustrated with this and took it to BestBuy for repair, where after a week of the service center diagnosing the issue, they found they would have to replace the motherboard and somehow the SSD for a total of $1,700 in repairs. This is the second person I've brought the laptop to, so I do think it is an issue of the motherboard, not something fixable. At this point, I am planning on just saving up for something else as I use a different laptop in the meantime. My warranty is up so that is out of the question. Is there anyway for me to replace the motherboard without it costing this much? Where should I go to sell my laptop for parts to get the best value? Please help me get the best value out of this. My laptop details if it helps: Lenovo - Legion Slim 5 14.5"" OLED Gaming Laptop - Ryzen 7 7840HS with 16GB Memory - NVIDIA GeForce RTX 4060 8GB with 1 TB SSD - Storm Grey",1,"{""subreddit"": ""laptops"", ""num_comments"": 2, ""type"": ""post""}"
2026-05-04,reddit,Consumer Tech India,Lenovo,Have to RMA my 5090 legion,https://reddit.com/r/Lenovo/comments/1t3ylhj/have_to_rma_my_5090_legion/,user_a9262273e7,"Have to RMA my 5090 legion And I'm both sad and nervous. This is my first Lenovo Legion, and first gaming laptop in 6 years. I baby the beast like one of my own, and am genuinely extremely knowledgeable with hardware, software, driver, bios settings etc. The issue: today laptop would turn on, but with completely black screen, and would cycle reboot (would never post, couldn't F2 into BIOS, and no response (light) with CAPSLOCK/NUMLOCK input keys. The day before, my audio output/input hardware disappeared. I thought it was a driver issue from a recent windows update, so I recovered to last windows update install. Update did not fix the audio issue, so I just shutdown the laptop as normal. I'm assuming at this point, the audio output hardware disappearing is somehow attached to this as a motherboard issue. At this point, I've tried soft resetting, external monitors, even windows boot disc, but can't get past the no post of death. Fortunately, still within my warranty period...hopefully this is one of those &lt;1% issues and will won't be repeatable.",1,"{""subreddit"": ""Lenovo"", ""num_comments"": 2, ""type"": ""post""}"
2026-05-06,reddit,Consumer Tech India,HP,Looking for a laptop(700$ budget) for programming and light gaming for a student who's supposed to be programming but mo,https://reddit.com/r/SuggestALaptop/comments/1t55f3m/looking_for_a_laptop700_budget_for_programming/,user_97f1359f30,"Looking for a laptop(700$ budget) for programming and light gaming for a student who's supposed to be programming but mostly gonna be slacking off and playing games. **LAPTOP QUESTIONNAIRE** * **Total budget (in local currency) and country of purchase. Please do not use USD unless purchasing in the US:** 700$ (maybe a teeny bit more) * **Are you open to refurbs/used?** If it comes with a warranty, yes. * **How would you prioritize form factor (ultrabook, 2-in-1, etc.), build quality, performance, and battery life?** Just battery and performance * **How important is weight and thinness to you?** It does not matter. * **Do you have a preferred screen size? If indifferent, put N/A.** N/A * **Are you doing any CAD/video editing/photo editing/gaming? List which programs/games you desire to run.** Typical IDEs, VMs, Android multi-instance, (maybe kcd2) * **If you're gaming, do you have certain games you want to play? At what settings and FPS do you want?** I would really like to try kcd2, I can survive with 30 fps. * **Any specific requirements such as good keyboard, reliable build quality, touch-screen, finger-print reader, optical drive or good input devices (keyboard/touchpad)?** Only build quality matters. * **Leave any finishing thoughts here that you may feel are necessary and beneficial to the discussion.** I just wanna try KCD2",1,"{""subreddit"": ""SuggestALaptop"", ""num_comments"": 5, ""type"": ""post""}"
2026-04-22,reddit,Consumer Tech India,Lenovo,"Need laptop recommendations (₱80k–₱100k) – gaming + school, no MacBook",https://reddit.com/r/SuggestALaptop/comments/1sszxgk/need_laptop_recommendations_80k100k_gaming_school/,user_689dc1047d,"Need laptop recommendations (₱80k–₱100k) – gaming + school, no MacBook * **Total budget (in local currency) and country of purchase. Please do not use USD unless purchasing in the US:** ₱80k–100k * **Are you open to refurbs/used?** nah * **How would you prioritize form factor (ultrabook, 2-in-1, etc.), build quality, performance, and battery life?**Performance is the priority, but battery life also matters. I’d still prefer good cooling and build quality over a super thin design. * **How important is weight and thinness to you?** not that important * **Do you have a preferred screen size? If indifferent, put N/A.** N/A * **Are you doing any CAD/video editing/photo editing/gaming? List which programs/games you desire to run.**Mostly gaming(triple a games) but planning on also using it for editing(adobe). * **If you're gaming, do you have certain games you want to play? At what settings and FPS do you want?**resident evil. AAA games at medium–high settings (60+ FPS), esports titles at high FPS (100–144+ FPS). * **Any specific requirements such as good keyboard, reliable build quality, touch-screen, finger-print reader, optical drive or good input devices (keyboard/touchpad)?** Good cooling and reliable build quality. Upgradeable RAM/storage is a plus. Backlit keyboard. * **Leave any finishing thoughts here that you may feel are necessary and beneficial to the discussion.** Looking for the best value laptop available in the Philippines. Prefer RTX 4060 or better if possible. i",1,"{""subreddit"": ""SuggestALaptop"", ""num_comments"": 1, ""type"": ""post""}"
2026-05-05,reddit,Consumer Tech India,HP,"Looking for a laptop that has 8 to 16 gb of ram, 512 to 1tb of storage, a long battery life, with 4.0 ghz for school and",https://reddit.com/r/SuggestALaptop/comments/1t4pvro/looking_for_a_laptop_that_has_8_to_16_gb_of_ram/,user_47d3d8c045,"Looking for a laptop that has 8 to 16 gb of ram, 512 to 1tb of storage, a long battery life, with 4.0 ghz for school and gaming. Looking for a laptop that has 8 to 16 gb of ram, 512 to 1tb of storage, a long battery life, with 4.0 ghz for school and gaming. My budget is 400-600 dollars. I am in need of a laptop that works well enough for me to both be able to perform well with light gaming and work well while doing my school work. The laptop brands I tend to look for are Asus, Acer, hp, and dell. The only reason is because any other brand that aren't really known well tend have tons of problems in the long run.",1,"{""subreddit"": ""SuggestALaptop"", ""num_comments"": 5, ""type"": ""post""}"
2026-04-24,reddit,Consumer Tech India,Lenovo,[Discussion] Lenovo India pricing — how often do they actually increase prices after “price hike soon”?,https://reddit.com/r/IndianGaming/comments/1su5ptq/discussion_lenovo_india_pricing_how_often_do_they/,user_0cab874599,"[Discussion] Lenovo India pricing — how often do they actually increase prices after “price hike soon”? Hey everyone, Not asking for purchase advice — just trying to understand Lenovo’s pricing behavior in India. I’ve noticed their website often shows **“price hike soon”**, and I’m curious: Have you guys actually seen **real price increases** after this warning? If yes, how quickly does it usually happen (few days vs weeks)? Or is it mostly just a **marketing tactic to create urgency**? Is May 4 a safe date to buy? TALKING ABOUT LENOVO LEGION PRO 7i laptops Would be helpful to know from people who track Lenovo/Legion pricing regularly.",1,"{""subreddit"": ""IndianGaming"", ""num_comments"": 0, ""type"": ""post""}"
2026-05-05,reddit,Consumer Tech India,HP,I cant decide which laptop to get for software engineer + gaming,https://reddit.com/r/SuggestALaptop/comments/1t4ldz7/i_cant_decide_which_laptop_to_get_for_software/,user_70f0f0a22f,"I cant decide which laptop to get for software engineer + gaming &amp;#x200B; \*\*LAPTOP QUESTIONNAIRE\*\* \* \*\*Total budget (in local currency) and country of purchase. Please do not use USD unless purchasing in the US:\*\* Between 1000-1200€ in Spain \* \*\*Are you open to refurbs/used?\*\* No \* \*\*How would you prioritize form factor (ultrabook, 2-in-1, etc.), build quality, performance, and battery life?\*\* I want a decent battery life and performance, but I'm very stupid so if it has a good build against fall damage or accidental hits to stuff, better. \* \*\*How important is weight and thinness to you?\*\* I would like a light laptop, but I'm fine if it's heavy. \* \*\*Do you have a preferred screen size? If indifferent, put N/A.\*\* N/A \* \*\*Are you doing any CAD/video editing/photo editing/gaming? List which programs/games you desire to run.\*\* I do gaming, probably the Sims series, Stardew Valley, the upcoming ParaLives and Minecraft, I do plan on getting more in the gaming world. Maybe. Not a priority. I do sometimes use Krita. Also sometimes I do video editing for school, but it's simple work. \* \*\*If you're gaming, do you have certain games you want to play? At what settings and FPS do you want?\*\* Since I don't really understand who this affects gaming, I'm fine with the lowest settings possible. Maybe it's possible inside the budget, Medium to hight settings but I don't complain if it's lower. \* \*\*An",1,"{""subreddit"": ""SuggestALaptop"", ""num_comments"": 0, ""type"": ""post""}"
2026-05-05,reddit,Consumer Tech India,HP,Suggestion for a laptop,https://reddit.com/r/SuggestALaptop/comments/1t4lami/suggestion_for_a_laptop/,user_ae42047b60,"Suggestion for a laptop **Total budget (in local currency) and country of purchase:** ₹80,000 – ₹1,00,000, India **Are you open to refurbs/used?** No, brand new only **How would you prioritize form factor (ultrabook, 2-in-1, etc.), build quality, performance, and battery life?** Performance &gt; Build Quality &gt; Battery Life (no strong preference for form factor) **How important is weight and thinness to you?** Not very important **Do you have a preferred screen size? If indifferent, put N/A.** N/A **Are you doing any CAD/video editing/photo editing/gaming? List which programs/games you desire to run.** Primarily coding (VS Code, virtual machines), light video editing, very light gaming **If you're gaming, do you have certain games you want to play? At what settings and FPS do you want?** No specific games; casual/light gaming only **Any specific requirements such as good keyboard, reliable build quality, touch-screen, finger-print reader, optical drive or good input devices (keyboard/touchpad)?** Good keyboard and reliable build quality preferred **Leave any finishing thoughts here that you may feel are necessary and beneficial to the discussion.** Looking for a high-performance laptop suitable for coding and multitasking (including VMs), with good durability and long-term reliability within the budget",1,"{""subreddit"": ""SuggestALaptop"", ""num_comments"": 0, ""type"": ""post""}"
2026-05-02,reddit,Consumer Tech India,Lenovo,Lenovo Legion Slim 5 16ARP9 gets constant hypervisor and ntoskrnl errors that cause forced restarts,https://reddit.com/r/Lenovo/comments/1t25lwj/lenovo_legion_slim_5_16arp9_gets_constant/,user_d0bf5f2c57,"Lenovo Legion Slim 5 16ARP9 gets constant hypervisor and ntoskrnl errors that cause forced restarts Basically I seem to be getting these hypervisor and ntoskrnl errors very frequently, both of which cause my laptop to force restart. They used to happen pretty sparsely, but now they seem to be ramping up. I was pretty certain the cause was closely related to whether the laptop was connected to the charger or not, as when I would disconnect it the errors would occur almost immediately after and when it was connected they would hardly ever happen. Just recently the errors have started to happen even when connected. I have updated my BIOS, chipset, and GPU drivers. I've checked for system file corruption. I've disabled all Windows services related to virtualization. I've run the Windows Memory Diagnostics tool, no issues were found. Nothing seems to be working. Any thoughts?",1,"{""subreddit"": ""Lenovo"", ""num_comments"": 1, ""type"": ""post""}"
2026-05-13,reddit,Consumer Tech India,ASUS,Which Monitor Should I Get?,https://reddit.com/r/IndianGaming/comments/1tbuf7p/which_monitor_should_i_get/,user_d4bf47cbd8,"Which Monitor Should I Get? My budget is ₹30,000. I'm looking to buy a monitor to connect to my laptop (ASUS TUF F15 Rtx 3050 ti model) and PS5. I also edit videos using Davinci Resolve. Currently the one that's caught my eye at this price range is the AW2725DM Alienware. Which would be the best monitor in my budget?",1,"{""subreddit"": ""IndianGaming"", ""num_comments"": 7, ""type"": ""post""}"
2026-05-04,reddit,Consumer Tech India,Lenovo,Lenovo Legion 7 GPU detected in BIOS but not in Windows,https://reddit.com/r/Lenovo/comments/1t3yfiv/lenovo_legion_7_gpu_detected_in_bios_but_not_in/,user_4f901ea634,"Lenovo Legion 7 GPU detected in BIOS but not in Windows Lenovo Legion 7-16AHg6 Type 82N6 Hi all. I recently received this Laptop for free and found out that the GPU is failing to be detected as an NVIDIA GPU. The BIOS properly detects that it's an NVIDIA RTX 3070 Laptop GPU while in the Windows device manager it reads as Microsoft Display Adapter. I've tried to download the NVIDIA drivers, but due to the card not even being properly detected it's showing as though my device isn't compatible with the drivers. I've also tried downloading Lenovo Vantage and installing the drivers that way as well as updating the bios but that also fails. Finally, I've tried using Display Driver Uninstaller while booting into safe mode and trying to clean uninstall all drivers and then reinstall the drivers but that's failed as well. I'm really at a loss and would appreciate any bit of help. 😊",1,"{""subreddit"": ""Lenovo"", ""num_comments"": 2, ""type"": ""post""}"
2026-05-03,reddit,Consumer Tech India,HP,"Need a Laptop for Mechanical Softwares like Solidworks, ANSYS, etc.",https://reddit.com/r/SuggestALaptop/comments/1t2rq2p/need_a_laptop_for_mechanical_softwares_like/,user_75eff8591b,"Need a Laptop for Mechanical Softwares like Solidworks, ANSYS, etc. **LAPTOP QUESTIONNAIRE** * **Total budget (in local currency) and country of purchase. Please do not use USD unless purchasing in the US:** 1.5 Lakhs and under, Country of Purchase- INDIA * **Are you open to refurbs/used?** Not at all * **How would you prioritize form factor (ultrabook, 2-in-1, etc.), build quality, performance, and battery life?** Good build, Gaming Laptop, High performance, decent battery life * **How important is weight and thinness to you?** Not a priority * **Do you have a preferred screen size? If indifferent, put N/A.** 15 -16 inches * **Are you doing any CAD/video editing/photo editing/gaming? List which programs/games you desire to run.** CAD, ANSYS, Other Mechanical Softwares for University and Internships. Gaming and video/photo editing is secondary. * **If you're gaming, do you have certain games you want to play? At what settings and FPS do you want?** Not a hardcore gamer. Gaming is secondary. * **Any specific requirements such as good keyboard, reliable build quality, touch-screen, finger-print reader, optical drive or good input devices (keyboard/touchpad)?** Good Hinge, metal top or body if possible, good thermals, No touch screen, reliable build, touch pad can be a little large as I am used to macbooks. * **Leave any finishing thoughts here that you may feel are necessary and beneficial to the discussion.** I am a Mechanical Engineering 3rd year in",1,"{""subreddit"": ""SuggestALaptop"", ""num_comments"": 0, ""type"": ""post""}"
2026-05-10,reddit,Consumer Tech India,HP,Laptop under 1400 USD from US with international warranty.,https://reddit.com/r/laptops/comments/1t8txzt/laptop_under_1400_usd_from_us_with_international/,user_28f7ee7b43,"Laptop under 1400 USD from US with international warranty. **LAPTOP QUESTIONNAIRE** **Total budget (in local currency) and country of purchase. Please do not use USD unless purchasing in the US:** Max 1400 USD purchased from the US **Are you open to refurbs/used?** No, I would like to buy a new one if possible. **How would you prioritize form factor (ultrabook, 2-in-1, etc.), build quality, performance, and battery life?** I would prioritize battery life and build quality. **How important is weight and thinness to you?** Thinness and weight are not that important. **Do you have a preferred screen size? If indifferent, put N/A.** 14 inch screen size is preferred. **Are you doing any CAD/video editing/photo editing/gaming? List which programs/games you desire to run.** I would be doing CAD, CFD, simulation, and Analysis/Coding on it. Software: \- FreeCAD, Solidworks \- OpenFoam, Gmesh \- Matlab, Scilab, Octave, and Python **If you're gaming, do you have certain games you want to play? At what settings and FPS do you want?** N/A **Any specific requirements such as good keyboard, reliable build quality, touch-screen, finger-print reader, optical drive or good input devices (keyboard/touchpad)?** I prefer a reliable build quality and long battery life **Leave any finishing thoughts here that you may feel are necessary and beneficial to the discussion.** I will be purchasing the laptop from the US, but I need a laptop that can be serviced in India if necessary.",1,"{""subreddit"": ""laptops"", ""num_comments"": 5, ""type"": ""post""}"
2026-05-03,reddit,Consumer Tech India,HP,Laptop required for Solidworks and ANSYS. Mechanical Engineering Student.,https://reddit.com/r/SuggestALaptop/comments/1t2runm/laptop_required_for_solidworks_and_ansys/,user_75eff8591b,"Laptop required for Solidworks and ANSYS. Mechanical Engineering Student. **LAPTOP QUESTIONNAIRE** * **Total budget (in local currency) and country of purchase. Please do not use USD unless purchasing in the US:** 1.5 Lakhs and under, Country of Purchase- INDIA * **Are you open to refurbs/used?** Not at all * **How would you prioritize form factor (ultrabook, 2-in-1, etc.), build quality, performance, and battery life?** Good build, Gaming Laptop, High performance, decent battery life * **How important is weight and thinness to you?** Not a priority * **Do you have a preferred screen size? If indifferent, put N/A.** 15 -16 inches * **Are you doing any CAD/video editing/photo editing/gaming? List which programs/games you desire to run.** CAD, ANSYS, Other Mechanical Softwares for University and Internships. Gaming and video/photo editing is secondary. * **If you're gaming, do you have certain games you want to play? At what settings and FPS do you want?** Not a hardcore gamer. Gaming is secondary. * **Any specific requirements such as good keyboard, reliable build quality, touch-screen, finger-print reader, optical drive or good input devices (keyboard/touchpad)?** Good Hinge, metal top or body if possible, good thermals, No touch screen, reliable build, touch pad can be a little large as I am used to macbooks. * **Leave any finishing thoughts here that you may feel are necessary and beneficial to the discussion.** I am a Mechanical Engineering 3rd y",1,"{""subreddit"": ""SuggestALaptop"", ""num_comments"": 0, ""type"": ""post""}"
2026-04-26,reddit,Consumer Tech India,Apple,[Laptop] Need a premium MacBook-like gaming laptop for college under 2.5L,https://reddit.com/r/laptops/comments/1sw9lya/laptop_need_a_premium_macbooklike_gaming_laptop/,user_0cab874599,"[Laptop] Need a premium MacBook-like gaming laptop for college under 2.5L Need laptop buying advice. Budget: ₹2–2.5L, can stretch slightly if there is a meaningful difference. Use case: College use + gaming backup. I was earlier considering a MacBook Pro because I already use Apple devices and like the premium build, display, battery backup, slim design, and clean look. But I also want gaming, so looking for a Windows laptop. Gaming: Mainly Valorant, CS2, GTA, sometimes Call of Duty. For story games, I already have a PS5, so laptop is not my primary story-gaming device. Requirements: \\- Premium slim build, as close as possible to MacBook Pro feel \\- Great display, preferably OLED or very good high-refresh panel \\- Good battery backup for a gaming laptop \\- Not too bulky or flashy \\- Good thermals \\- RTX 5070 / 5070 Ti preferred \\- 16GB RAM minimum, 32GB preferred \\- 1TB SSD minimum \\- Windows included Considering: \\- Lenovo Legion 7i \\- ASUS ROG Zephyrus G16 \\- Similar premium slim gaming laptops Buying in India, online preferred from official/trusted sellers, offline also okay if warranty is genuine. Please suggest the best options and what to avoid.",1,"{""subreddit"": ""laptops"", ""num_comments"": 4, ""type"": ""post""}"
2026-05-08,reddit,Consumer Tech India,Lenovo,LAPTOP QUESTIONNAIRE (lenovo LOQ 15APH8 Yea or nah),https://reddit.com/r/SuggestALaptop/comments/1t76fs9/laptop_questionnaire_lenovo_loq_15aph8_yea_or_nah/,user_f8e93b4e6e,"LAPTOP QUESTIONNAIRE (lenovo LOQ 15APH8 Yea or nah) &amp;#x200B; LAPTOP QUESTIONNAIRE Total budget (in local currency) and country of purchase. Please do not use USD unless purchasing in the US: 55-60k Philippine peso Are you open to refurbs/used? No How would you prioritize form factor (ultrabook, 2-in-1, etc.), build quality, performance, and battery life? Preferably and ultrabook that has the power to run school projects for long periods of time on school without alwasy charging and light gaming for ocasional chilling How important is weight and thinness to you? Not that much, I prefer the performance and battery life of the laptop Do you have a preferred screen size? If indifferent, put N/A. around 15 inch Are you doing any CAD/video editing/photo editing/gaming? List which programs/games you desire to run. Games: minecraft, genshin programs: light editing tools like capcut If you're gaming, do you have certain games you want to play? At what settings and FPS do you want? If im playing minecraft I would preffer having a high render distance without losing any performance and for genshin I would like to enjoy the view and scenery at high res if possible Any specific requirements such as good keyboard, reliable build quality, touch-screen, finger-print reader, optical drive or good input devices (keyboard/touchpad)? Nothing really, like I said really just care about the performance and battery life and slighty about looks Leave any finishing thoughts h",1,"{""subreddit"": ""SuggestALaptop"", ""num_comments"": 0, ""type"": ""post""}"
2026-05-08,reddit,Consumer Tech India,ASUS,should i go for the oled display??,https://reddit.com/r/GadgetsIndia/comments/1t7259i/should_i_go_for_the_oled_display/,user_be8da5d596,"should i go for the oled display?? i am cse student about to enter in second year and want to know how is this laptop for my needs i mainly need it for backend dev related work and competetive programming and movies/shows a bit, now this laptop just ticks all my boxes except that it has oled display( about which i have heard that can cause screen burn in issues) so should i go for it or look for different laptop(recommend if any other laptop)?? its specs:: * **Processor：** Intel® Core™ Ultra 5 Processor 225H 1.7 GHz (18MB Cache, up to 4.9 GHz, 14 cores, 14 Threads) || Intel® AI Boost NPU up to 13TOPS * **Graphics：** Intel® Graphics * **Display：** 40.64 cms (16) FHD (1920 x 1200) OLED display having 16:10 Aspect Ratio || 0.2ms Response time || 60Hz Refresh rate || 300nits Brightness || 500nits HDR Peak Brightness * **Memory：** 16GB DDR5 on board RAM expandable upto 32GB using 1x DDR5 SO-DIMM slot * **Storage：** 512GB M.2 NVMe™ PCIe® 4.0 SSD + 100GB Cloud Storage with Microsoft 365 Basic for 1 Year * **MS Office：** Microsoft 365 Basic with 100GB Cloud Storage for 1 Year + Office Home 2024 with lifetime validity * **Color：** Cool Silver * **Operating System：** Windows 11 Home - ASUS recommends Windows 11 Pro for business",1,"{""subreddit"": ""GadgetsIndia"", ""num_comments"": 3, ""type"": ""post""}"
2026-05-07,reddit,Consumer Tech India,Apple,"Laptop Recommendations, under $1500 USD",https://reddit.com/r/laptops/comments/1t686en/laptop_recommendations_under_1500_usd/,user_0bd75f6f09,"Laptop Recommendations, under $1500 USD My work has the funding to buy me a laptop since the one I use now is 7 years old, ever-dead battery, and sounds like it's going to take off to outer space whenever I run an application that requires any processing power. I'm a bit out of touch with modern computer specs and what to look for since the last time I bought a laptop was 2019. When it comes to tech, I'm not big on change for the sake of change, so bells &amp; whistles don't appeal to me much. I just want something that will get the job done efficiently and not crash on me. My work hasn't given me a budget--I'm pretty sure there is no ""upper limit"" but I want to keep the ask reasonable, so I'll say under 1500 right now. If anything is on the edge I am sure it could be considered! My needs/non-negotiables * Photography -- storage -- processing using Adobe lightroom * GIS -- storage, download, processing of large files, multiple GB per file at times. * Preferably not Apple. I have always used PCs for personal work and prefer them, plus don't want to learn a new OS if I don't have to. * No built-in AI functions, or able to opt out of all AI. I would rather use dial up and a dell dinosaur than be forced to use a feature I don't want. * 15"" screen minimum, Current is 17"" and I like that size a lot. Preferences * Touch screen/fully articulating screen ideal for art/graphics work. I currently have an HP Envy which has served me very well. * SD card slot; as many actual USB",1,"{""subreddit"": ""laptops"", ""num_comments"": 1, ""type"": ""post""}"
2026-05-06,reddit,Consumer Tech India,HP,"What brand laptop should I get for a low budget, around $600 USD?",https://reddit.com/r/laptops/comments/1t5kuak/what_brand_laptop_should_i_get_for_a_low_budget/,user_cc8f491997,"What brand laptop should I get for a low budget, around $600 USD? # I don't want a Mac, I don't want an ai powered laptop, I don't want a chrome book. **Total budget (in local currency) and country of purchase. Please do not use USD unless purchasing in the US:** Around $600 USD **Are you open to refurbs/used?** Yes, it's likely all I can afford. **How would you prioritize form factor (Ultrabook, 2-in-1, etc.), build quality, performance, and battery life?** Performance first, Build quality second, Battery life third (I will use from home 90% of time w/display monitors.) **How important is weight and thinness to you?** Not super important. **Do you have a preferred screen size? If indifferent, put N/A.** I want it big enough to have a number pad on the keyboard. **Are you doing any CAD/video editing/photo editing/gaming? List which programs/games you desire to run.** I will do light photo editing with Krita. Medium video editing with wondershare filmora. Super light ""gaming"" (those find it games). **If you're gaming, do you have certain games you want to play? At what settings and FPS do you want?** I only play find it games from BigFish sometimes. **Any specific requirements such as good keyboard, reliable build quality, touch-screen, finger-print reader, optical drive or good input devices (keyboard/touchpad)?** I need to be able to attach it my display monitors I already have. I have a hub for the monitors that connects via",1,"{""subreddit"": ""laptops"", ""num_comments"": 33, ""type"": ""post""}"
2026-05-06,reddit,Consumer Tech India,HP,I want to buy a laptop for AI/ML and light daily vlogs editing. Budget is 70k max.,https://reddit.com/r/SuggestALaptop/comments/1t59hfy/i_want_to_buy_a_laptop_for_aiml_and_light_daily/,user_b0b1233f1f,"I want to buy a laptop for AI/ML and light daily vlogs editing. Budget is 70k max. &amp;#x200B; \*\*LAPTOP QUESTIONNAIRE\*\* \* \*\*Total budget (in local currency) and country of purchase. Please do not use USD unless purchasing in the US:\*\* 70,000 INR, India \* \*\*Are you open to refurbs/used?\*\* Not open to refurbs or used \* \*\*How would you prioritize form factor (ultrabook, 2-in-1, etc.), build quality, performance, and battery life?\*\* \-fill here, remove dashes- \* \*\*How important is weight and thinness to you?\*\* Don't really have a preference for this \* \*\*Do you have a preferred screen size? If indifferent, put N/A.\*\* N/A \* \*\*Are you doing any CAD/video editing/photo editing/gaming? List which programs/games you desire to run.\*\* Mainly will be using for my Masters in IT program, ML and AI work, with some light editing like daily vlogs for yt etc. \* \*\*If you're gaming, do you have certain games you want to play? At what settings and FPS do you want?\*\* N/A \* \*\*Any specific requirements such as good keyboard, reliable build quality, touch-screen, finger-print reader, optical drive or good input devices (keyboard/touchpad)?\*\* Need a laptop that can last me atleast 4 or 5 years, with good build quality preferably I am starting my course in AI/ML and need a new laptop which is within the budget of 70k. I want to be able to do my coding, the AI projects and edit d",1,"{""subreddit"": ""SuggestALaptop"", ""num_comments"": 0, ""type"": ""post""}"
2026-05-05,reddit,Consumer Tech India,HP,Which of these two options is a good budget laptop?,https://reddit.com/r/laptops/comments/1t4w5xa/which_of_these_two_options_is_a_good_budget_laptop/,user_cc8f491997,"Which of these two options is a good budget laptop? **Total budget (in local currency) and country of purchase. Please do not use USD unless purchasing in the US:** Around $600 USD **Are you open to refurbs/used?** Yes, it's likely all I can afford. **How would you prioritize form factor (ultrabook, 2-in-1, etc.), build quality, performance, and battery life?** Peformance first, Buil quality second, Battery life third (I will use from home 90% of time w/display monitors.) **How important is weight and thinness to you?** Not super important. **Do you have a preferred screen size? If indifferent, put N/A.** I want it big enough to have a number pad on the keyboard. **Are you doing any CAD/video editing/photo editing/gaming? List which programs/games you desire to run.** I will do light photo editing with Krita. Medium video editing with wondershare filmora. Super light ""gaming"" (those find it games). **If you're gaming, do you have certain games you want to play? At what settings and FPS do you want?** I only play find it games from BigFish sometimes. **Any specific requirements such as good keyboard, reliable build quality, touch-screen, finger-print reader, optical drive or good input devices (keyboard/touchpad)?** I need to be able to attach it my display monitors I already have. I have a hub for the monitors that connects via USB C to a laptop. **Leave any finishing thoughts here that you may feel are nece",1,"{""subreddit"": ""laptops"", ""num_comments"": 10, ""type"": ""post""}"
2026-05-04,reddit,Consumer Tech India,Lenovo,Need laptop for Ipad replacement.,https://reddit.com/r/laptops/comments/1t3bg7g/need_laptop_for_ipad_replacement/,user_c566f793de,"Need laptop for Ipad replacement. I had an i-pad which I used to consume media and for my studies( online learning modules) and now I have sold it. I also have HP victus Ryzen 7 AI(24 GB Ram 1 TB HDD) with RTx 5050(8 GB) for my software developer work. But I need something light weight, easy to carry 14-13 inchers which can replace my ipad and do some add-ons like IDE for coding, virtualization( VMware, docker,k8s). Initially I had narrowed it down to macbook neo but then I did a bit of research and found that few of the software are not performing very well on neo( personally I don't want to go on to macbooks as I don't find them interesting to work on.) Now I checked a few light weight windows laptops( asus zenbook a14, lenovo 13 inch slim series, dell 14) and found that these can be good lightweight travel partners. I need help from the community to suggest me a laptop which is light both on backpack and pocket and should have at least 16GB ram, 8 core cpu with a good battery life, I can go for any processor Intel, AMD or Snapdragon. Thanks in advance.",1,"{""subreddit"": ""laptops"", ""num_comments"": 1, ""type"": ""post""}"
2026-05-03,reddit,Consumer Tech India,HP,India | Programming / Linux Dev Laptop | Budget ₹1–1.25L,https://reddit.com/r/SuggestALaptop/comments/1t2m501/india_programming_linux_dev_laptop_budget_1125l/,user_e404248445,"India | Programming / Linux Dev Laptop | Budget ₹1–1.25L # LAPTOP QUESTIONNAIRE **Total budget (in local currency) and country of purchase. Please do not use USD unless purchasing in the US:** ₹1,00,000 – ₹1,25,000, India **Are you open to refurbs/used?** No, prefer new only **How would you prioritize form factor (ultrabook, 2‑in‑1, etc.), build quality, performance, and battery life?** Performance &gt; Build quality &gt; Battery life &gt; Form factor (Ultrabook preferred, no need for 2‑in‑1) **How important is weight and thinness to you?** Moderately important; prefer under \~1.6 kg, but flexible if thermals and performance are better **Do you have a preferred screen size? If indifferent, put N/A.** 14""–14.5"" preferred (open to \~15"" if not bulky) **Are you doing any CAD/video editing/photo editing/gaming? List which programs/games you desire to run.** No CAD or gaming. Primary use is software development, Linux-based workflows, running AI agents (Codex / Claude), local prototyping, IDEs, terminals, Docker, and occasional cloud-based workloads. **If you're gaming, do you have certain games you want to play? At what settings and FPS do you want?** Not applicable **Any specific requirements such as good keyboard, reliable build quality, touch-screen, finger-print reader, optical drive or good input devices (keyboard/touchpad)?** * Minimum **32 GB RAM** (or officially upgradeable to 32 GB) * Modern CPU (Ryzen AI / Intel Cor",1,"{""subreddit"": ""SuggestALaptop"", ""num_comments"": 0, ""type"": ""post""}"
2026-05-03,reddit,Consumer Tech India,HP,Reliable longterm use laptop,https://reddit.com/r/SuggestALaptop/comments/1t2de7i/reliable_longterm_use_laptop/,user_356f3ad553,"Reliable longterm use laptop * **Total budget:** \-1250€ Germany- * **Are you open to refurbs/used?** \-yes- * **How would you prioritize form factor** \-build quality and repairability are important, battery life is not that important- * **How important is weight and thinness to you?** \- I don't care about the weight- * **Do you have a preferred screen size?** \-15 - 17 - * **Are you doing any CAD/video editing/photo editing/gaming? List which programs/games you desire to run.** \-I do raw photo editing with gimp, darktable and other programs. Sometimes I do some video editing as well, main use is casual use like streaming, some ai use, office, internet browsing- * **If you're gaming, do you have certain games you want to play? At what settings and FPS do you want?** \- no gaming so not that important- * **Any specific requirements such as good keyboard, reliable build quality, touch-screen, finger-print reader, optical drive or good input devices (keyboard/touchpad)?** \-reliable build quality is important, good input devices- * **Leave any finishing thoughts here that you may feel are necessary and beneficial to the discussion.** \-I would like a laptop that is reliable, that can be repaired easily and that still will hold up with technological advances for a few years. I was thinking about the HP z-book fury gen 7 or 8 or a dell latitude or precision. Does an intel 7 still make sense?",1,"{""subreddit"": ""SuggestALaptop"", ""num_comments"": 0, ""type"": ""post""}"
2026-05-01,reddit,Consumer Tech India,Lenovo,Laptop - help!,https://reddit.com/r/GadgetsIndia/comments/1t0u7h4/laptop_help/,user_a6fdad8f2e,"Laptop - help! I've been planning to get a new laptop for a while now, and have been confused with so many options! Usage: I'm a finance professional, so work with excel, data sets, and Bi and accounting software. No gaming at all. Generic content streaming stuff. Requirements: Good processor (I don't need lags at all, my current IdeaPad 3 is really lagging and the battery has gone funny) Good battery (I really hope there are laptops out there that give 6+ hrs on a single charge) Good display, and webcam (for client calls, so needs to be good) Queries: I don't get what these 'AI' laptops are that are being sold at so much premium. I've visited lenovo and croma, they just jump on AI ones saying on the regular ones many apps won't work in a few years? Is that even real? I'm confused between dell and lenovo, as brands. I've heard a lot of talk on faulty touchpads on lenovo. Any such collective reviews on dell? Which would you suggest? Finally, please suggest a good model for my use case! Thank you so much for reading through and your suggestions! P.s. added a blank image coz I couldn't post here without it.",1,"{""subreddit"": ""GadgetsIndia"", ""num_comments"": 2, ""type"": ""post""}"
2026-05-01,reddit,Consumer Tech India,Apple,What's best laptop for Engineering??,https://reddit.com/r/SuggestALaptop/comments/1t0lyze/whats_best_laptop_for_engineering/,user_2211b07761,"What's best laptop for Engineering?? &amp;#x200B; Branch - IT ASUS TUF A16 AMD Ryzen 7 7445HS Gaming Laptop (16GB, 512GB SSD, Windows 11 Home, 6GB Graphics, 16 inch 144 Hz Full HD Plus WUXGA Display, NVIDIA GeForce RTX 4050, MS Office 2024, Mecha Gray, 2.2 KG) HP OMEN Intel Core i5 13th Gen 13420H - (16 GB/512 GB SSD/Windows 11 Home/6 GB Graphics/NVIDIA GeForce RTX 4050) 16-wd0880TX Gaming Laptop (16.1 Inch, Shadow Black, 2.32 Kg, With MS Office) Apple 2026 MacBook Air 13″ Laptop with M5 chip: AI and Apple Intelligence, 34.46 cm (13.6″) Liquid Retina Display, 16GB Unified Memory, 512GB SSD Storage, 12MP Center Stage Camera, Touch ID Or any best suggestion under the range of 1lakh INR",1,"{""subreddit"": ""SuggestALaptop"", ""num_comments"": 0, ""type"": ""post""}"
2026-04-30,reddit,Consumer Tech India,HP,Laptop around 90k INR,https://reddit.com/r/SuggestALaptop/comments/1szzwxl/laptop_around_90k_inr/,user_7c84b4eb68,"Laptop around 90k INR **LAPTOP QUESTIONNAIRE** * **Total budget (in local currency) and country of purchase. Please do not use USD unless purchasing in the US:** Around Rs. 90, 000; Country of Purchase : India * **Are you open to refurbs/used?** No, New only * **How would you prioritize form factor (ultrabook, 2-in-1, etc.), build quality, performance, and battery life?** Form Factor - Negotiable Build Quality - Solid, has to last around 7 years of use Performance - High Priority (should deliver performance when required) Battery - High priority (around 8 hours), Can adjust with battery saving measures such as using iGPU for smaller tasks, turning off performance cores. * **How important is weight and thinness to you?** Thin and light laptops preferable, but negotiable depending on the performance * **Do you have a preferred screen size? If indifferent, put N/A.** 15 inches or more * **Are you doing any CAD/video editing/photo editing/gaming? List which programs/games you desire to run.** CAD - Blender, probably AI/ML and Data Science tasks in future, Coding * **If you're gaming, do you have certain games you want to play? At what settings and FPS do you want?** Not much, F1 at a good performance is preferable * **Any specific requirements such as good keyboard, reliable build quality, touch-screen, finger-print reader, optical drive or good input devices (keyboard/touchpad)?** Good Keyboard, good touchpad and Reliable Build Quality * **Leave any fi",1,"{""subreddit"": ""SuggestALaptop"", ""num_comments"": 0, ""type"": ""post""}"
2026-04-30,reddit,Consumer Tech India,Apple,"Which Laptop to buy? Budget $1,200-$1,500 USA",https://reddit.com/r/laptops/comments/1szkztx/which_laptop_to_buy_budget_12001500_usa/,user_977175ae9c,"Which Laptop to buy? Budget $1,200-$1,500 USA I’m currently in the market to buy a new laptop. Mainly will be used for school projects. I also like to use photoshop as a hobby every once in a while but school is the main priority. I bought a Macbook air in 2020 that has been so slow and horrible (8 RAM). I want to completely move away from Apple and have a budget of around $1,200-$1,500. I have been told these are good options: Asus ExpertBook P5 (also was told to wait for G2 to be available for sale?) MSI prestige 13 AI Lenovo - Yoga Slim 7i Aura Edition I am open to hearing expert and real people opinions on these or any other laptop I must consider. Here is the form I must include: * **Total budget (in local currency) and country of purchase. Please do not use USD unless purchasing in the US:** $1,200-$1,500 * **Are you open to refurbs/used?** prefer new * **How would you prioritize form factor (ultrabook, 2-in-1, etc.), build quality, performance, and battery life?** would like a lighter weight preferably since I will take with me to class but don mind a heavier laptop that checks all other boxes. * **How important is weight and thinness to you?** 5/10 Important but not a deal breaker * **Do you have a preferred screen size? If indifferent, put N/A.** N/A * **Are you doing any CAD/video editing/photo editing/gaming? List which programs/games you desire to run.** occasionally will use photoshop and other editing software.",1,"{""subreddit"": ""laptops"", ""num_comments"": 1, ""type"": ""post""}"
2026-04-29,reddit,Consumer Tech India,Apple,Suggestions on buying a laptop,https://reddit.com/r/techIndia/comments/1sz5d1x/suggestions_on_buying_a_laptop/,user_13a99f060d,"Suggestions on buying a laptop Hey there, Do redirect me to the right sub if this is not the right place. My budget is between 30-35k. I have looked for a second-hand Macbook Air M1 on Cashify it’s not available. I tried Olx/Facebook marketplace and the condition is really bad wrt battery cycles or else charger is unavailable or invoice isn’t there which makes it also seem like a scam. Kindly do recommend any other physical/digital locations to buy from which are reliable. Or else recommend a suitable new windows laptop for the following requirements: 1. Programming with VS code. I mostly use Lightning AI or Claude code but sometimes also make use of VS code locally. 2. Browsing. I have a habit of entering internet rabbit holes and keeping 15-20 tabs open at once. 3. Storage for my photography dump. I understand External hard disks exist but sometimes a whole dump is 100s of GBs even to transfer it requires space on the laptop. 4. Travel friendly (Lightweight) as I travel almost every week. My price point still remains same 30-35k. Appreciate you taking the time to read and respond! TIA!",1,"{""subreddit"": ""techIndia"", ""num_comments"": 2, ""type"": ""post""}"
2026-04-29,reddit,Consumer Tech India,Apple,Suggestions on buying a laptop in Bangalore,https://reddit.com/r/SuggestALaptop/comments/1sz5ch0/suggestions_on_buying_a_laptop_in_bangalore/,user_13a99f060d,"Suggestions on buying a laptop in Bangalore Hey there, Do redirect me to the right sub if this is not the right place. My budget is between 30-35k. I have looked for a second-hand Macbook Air M1 on Cashify it’s not available. I tried Olx/Facebook marketplace and the condition is really bad wrt battery cycles or else charger is unavailable or invoice isn’t there which makes it also seem like a scam. Kindly do recommend any other physical/digital locations to buy from which are reliable. Or else recommend a suitable new windows laptop for the following requirements: 1. Programming with VS code. I mostly use Lightning AI or Claude code but sometimes also make use of VS code locally. 2. Browsing. I have a habit of entering internet rabbit holes and keeping 15-20 tabs open at once. 3. Storage for my photography dump. I understand External hard disks exist but sometimes a whole dump is 100s of GBs even to transfer it requires space on the laptop. 4. Travel friendly (Lightweight) as I travel almost every week. My price point still remains same 30-35k. Appreciate you taking the time to read and respond! TIA!",1,"{""subreddit"": ""SuggestALaptop"", ""num_comments"": 4, ""type"": ""post""}"
2026-04-29,reddit,Consumer Tech India,Dell,Help me to choose a laptop,https://reddit.com/r/laptops/comments/1syx7zw/help_me_to_choose_a_laptop/,user_4e5e09adde,"Help me to choose a laptop Hi everyone, I would really appreciate your suggestions in choosing a laptop Budget: 70,000 inr Usage : coding, meetings, browsing and movies May be basic AI projects in future I am stuck at two options in Dell First one: DELL 15 Al Powered Intel Core Ultra 5 225H - (8 GB/ 512 GB SSD/Windows 11 Home) 15 Thin and Light Laptop (15.6 inch, Black, 1.66 Kgs, With MS Office) This one i can get at 58,000 inr with additional discount, with 4,000 extra i can add a ram stick Second option: DELL 14 Plus Next Gen Al PC Microsoft Office Home 2024 Intel Core Ultra 5 226V - (16 GB/512 GB SSD/ Windows 11 Home) DB14250 Thin and Light Laptop (14 Inch, Ice Blue, 1.55 Kg, With MS Office) This one at 69,000 Which is better? 225h is better in performance 226v good in battery and better display in 14inch (which is easy to carry around) I seen good reviews for thinkpad e14 but it is 85,000 Waiting for some good suggestions or alternatives. Thank you!!",1,"{""subreddit"": ""laptops"", ""num_comments"": 2, ""type"": ""post""}"
2026-04-28,reddit,Consumer Tech India,Apple,Looking for recommendation and advice (HK Guy),https://reddit.com/r/laptops/comments/1sy1x6y/looking_for_recommendation_and_advice_hk_guy/,user_86c5ef3565,"Looking for recommendation and advice (HK Guy) **Total budget (in local currency) and country of purchase. Please do not use USD unless purchasing in the US:** HKD 11,148, purchasing in Hong Kong. This budget is benchmarked against the Apple Education Discount price of the 13-inch MacBook Air M5 (10-core GPU, 24 GB RAM, 512 GB) with AppleCare+, and includes any applicable shipping fees if ordering from outside Hong Kong (e.g., Amazon). **Are you open to refurbs/used?** Yes, open to refurbished laptops as long as the refurbishment is carried out or certified by a trustworthy platform (e.g., official manufacturer refurb stores or well-established retailers). No random second-hand/private seller units. **How would you prioritize form factor (ultrabook, 2-in-1, etc.), build quality, performance, and battery life?** Priority order: Portability (ultrabook form factor) &gt; Battery life &gt; Performance &gt; Build quality. Strictly no 2-in-1 or touchscreen — an iPad is already owned for that purpose. Battery must last at least 7 hours of real-world use unplugged. Performance should be sufficient for smooth everyday productivity (university coursework, private tutoring sessions, light coding) and ideally light gaming. Build quality should support a longevity of at least 5 years with reliable official after-sales repair support, or alternatively be easy to service through third-party repairers (brands like Razer with poor repairability are explicitly excluded). **How importan",1,"{""subreddit"": ""laptops"", ""num_comments"": 1, ""type"": ""post""}"
2026-04-28,reddit,Consumer Tech India,Lenovo,Tablet/Desktopmode X1 Yoga Gen 4 Windows 11,https://reddit.com/r/Lenovo/comments/1sxxpmg/tabletdesktopmode_x1_yoga_gen_4_windows_11/,user_b0fe9328a3,"Tablet/Desktopmode X1 Yoga Gen 4 Windows 11 I bought a used X1 Yoga Gen 4 from a German refurbished website. The laptop is working perfectly with just one issue. As I flip the screen, to use the laptop as a tablet, the switch mode between tablet mode and desktop mode is pretty inconsistent. I updated several drivers, made a diagnostic run on the Lenovo website and the problem still appears. After a flip, sometimes it gets into tablet mode, but after flipping it back, it stays in the mode, the taskbar is in tablet mode and keyboard and mouse pad is shut off. I need to restart the computer and it works. I tried several software solutions, but from now, nothing worked. In win 10 there have been a button on the pop up menu, or with win + A, that can toggle between tablet and desktop mode. It seems, that windows 11 deleted this possibility completely. I tried to do this manually with a ai suggested .bat Skript, that toggles between the two modes, or set the status to desktop or, tablet but this had no effect. Despairing of the solution methods, it could be the sensor... Does anyone else got this problems with win 11 and more importantly, would anyone have a suggestion for a solution? Thank you.",1,"{""subreddit"": ""Lenovo"", ""num_comments"": 2, ""type"": ""post""}"
2026-04-28,reddit,Consumer Tech India,Lenovo,Guys I need help. Which one do you all recommend?,https://reddit.com/r/IndianGaming/comments/1sxu648/guys_i_need_help_which_one_do_you_all_recommend/,user_d7db2a8a16,"Guys I need help. Which one do you all recommend? Initially I was thinking of LOQ ryzen 5 rtx 4050 but then I saw the intel i5 13th gen variant (tho expensive) and I got confused between these two. But then my friends told me that LOQ has a very big motherboard problem and then I looked for ASUS since these were the only 2 best in my mind (the current laptop I use is lenovo E41 55 and trust me it has gotten really slow I need an upgrade) I will be using this laptop for, well of course, gaming along with AI and programming and making apps and electronics related projects. Budget is around 80k but I can push it further to 90k if I delay my purchase. I just need a laptop that is future proof for both games and AI work and I don't have to worry about it lacking in any of my work needs for the next 5 years. I have heard ASUS is best build quality wise but lenovo's service and performance for laptops is also good (or maybe it's because I have only used lenovo products and I have a better idea for that than any other brand) yeah please help me out man (also drop your recommendations since I will be buying one by dussehra and diwali so no biggy)",1,"{""subreddit"": ""IndianGaming"", ""num_comments"": 3, ""type"": ""post""}"
2026-04-27,reddit,Consumer Tech India,Apple,Want to buy Laptop,https://reddit.com/r/laptops/comments/1swzx74/want_to_buy_laptop/,user_b426219baf,"Want to buy Laptop recently i passed my class 12 exam and i need a laptop. context about laptop-------&gt; **1. i am interest in AI** **2. atleast 16 512** **3. i won't do heavy gaming , i will play games like minecraft or counter strike** **4. will handle my college work** **5. want to make a app startup** **6.budget 60000 rupees** **7. not laggy** **8. don't want apple products** **9. not sure about refurbs** **10. performence---good screen not so big , not so small average battery**",1,"{""subreddit"": ""laptops"", ""num_comments"": 13, ""type"": ""post""}"
2026-04-26,reddit,Consumer Tech India,HP,CSE laptop dilemma,https://reddit.com/r/laptops/comments/1swggo4/cse_laptop_dilemma/,user_cf9d74e4d0,"CSE laptop dilemma **LAPTOP QUESTIONNAIRE** * **Total budget (in local currency) and country of purchase. Please do not use USD unless purchasing in the US:** 100,000 inr (India) * **Are you open to refurbs/used?** NO * **How would you prioritize form factor (ultrabook, 2-in-1, etc.), build quality, performance, and battery life?** perfomance! * **How important is weight and thinness to you?** not necessarily * **Do you have a preferred screen size? If indifferent, put N/A.** any size is ok but should atleast be 100% srgb * **Are you doing any CAD/video editing/photo editing/gaming? List which programs/games you desire to run.** VScode, ai/ml workloads(open to cloud gpus) and linux * **If you're gaming, do you have certain games you want to play? At what settings and FPS do you want?** minecraft, any will work ig * **Any specific requirements such as good keyboard, reliable build quality, touch-screen, finger-print reader, optical drive or good input devices (keyboard/touchpad)?** durability * **Leave any finishing thoughts here that you may feel are necessary and beneficial to the discussion.** im cs major fresher want to do ai/ml i wanna know macbook air m5 with 16gb ram 8core gpu or asus vivobook s14 oled with amd 9 370hx 16gb ram will be better as * both have equivalent specs on paper at the same price * ease of use of linux and wide compatibility of windows \--&gt;macbook air is better(heard that a lot) and resale value (by the time it had served its purpose i wont b",1,"{""subreddit"": ""laptops"", ""num_comments"": 0, ""type"": ""post""}"
2026-05-12,reddit,Consumer Tech India,ASUS,Which laptop should I buy and when should I buy that to get it at best price..,https://reddit.com/r/GadgetsIndia/comments/1talxq9/which_laptop_should_i_buy_and_when_should_i_buy/,user_3c3072e3e8,"Which laptop should I buy and when should I buy that to get it at best price.. Which laptop should I buy under ₹1 lakh as a beginner who is still learning? My use case: Learning programming &amp; cybersecurity/ethical hacking Software freelancing in future Basic to moderate video editing &amp; content creation Good battery life Great display (preferably OLED) Good cooling &amp; reliability MS Office support Not focused on gaming I also need all the necessary day-to-day ports without depending too much on dongles (USB-A, USB-C, HDMI, etc.). A slim and premium-looking laptop would be great, but performance and practical use matter more.",1,"{""subreddit"": ""GadgetsIndia"", ""num_comments"": 4, ""type"": ""post""}"
2026-05-11,reddit,Consumer Tech India,ASUS,Recommendation for a laptop for editing,https://reddit.com/r/SuggestALaptop/comments/1t9p7ki/recommendation_for_a_laptop_for_editing/,user_8048e9846d,"Recommendation for a laptop for editing \- Budget: ₹60,000 (India) \- Prefer new, but open to certified refurbished if the deal is really worth it. \- Priorities: performance and display quality first, then build quality and battery life. Prefer a premium-looking ultrabook-style laptop. \- Weight/thinness matters since I’ll be carrying it around for college, so I’d prefer something portable and not too bulky. \- Preferred screen size: 14-inch \- Main use cases: \- Video editing \- Photo editing \- Multitasking \- Studying/productivity \- Apps/programs I’ll use: \- Premiere Pro \- Photoshop \- Lightroom \- CapCut \- General multitasking/productivity apps \- Required specs/features: \- OLED display preferred \- 16GB RAM \- 512GB SSD \- Intel Core Ultra 5 225H or similar latest-gen processor \- Decent graphics performance \- MS Office lifetime included \- Good thermals \- Reliable build quality \- Good keyboard and trackpad Looking for something smooth, reliable, and future-proof for the next few years. Display quality and editing performance matter a lot to me. If increasing the budget slightly unlocks significantly better options, feel free to mention those too.",1,"{""subreddit"": ""SuggestALaptop"", ""num_comments"": 2, ""type"": ""post""}"
2026-05-08,reddit,Consumer Tech India,Lenovo,Lenovo LOQ 15APH8 yea or nah?,https://reddit.com/r/Lenovo/comments/1t78wxa/lenovo_loq_15aph8_yea_or_nah/,user_f8e93b4e6e,"Lenovo LOQ 15APH8 yea or nah? I'm a high school student turning college, I currently have an lenovo V14-IWL and looking for an upgrade. As a student I'm going to be working with ai tools, Microsoft application, YouTube—multitasking with multiple tabs running but I also game occasionally nothing too heavy I play a bit of Minecraft and some Genshin impact here and there. My question is how does the battery performance going to look like when I'm in college doing notes from class to class? I know I can use the integrated gpu but I'm curious if that's gonna allow me to do school works for hours. Open to any suggestions and thoughts, maybe perhaps a ultrabook laptop that can handle occasional light gaming (preferably around the budget of 900$ USD)",1,"{""subreddit"": ""Lenovo"", ""num_comments"": 2, ""type"": ""post""}"
2026-05-08,reddit,Consumer Tech India,ASUS,Should I go for this or not,https://reddit.com/r/GadgetsIndia/comments/1t7bl7p/should_i_go_for_this_or_not/,user_40478e92cf,"Should I go for this or not So I am thinking of buying this laptop for learning and work I usually do jewellery design for my laser cutting machine but now I am learning 3d jewellery designs for cad cam works And i play games sometimes like gta 5 , valorant and want to try AAA titles So is it a good deal for me , if not suggest any other laptop my budget is max 90000 The laptop price is 87000 The specs are - core 5 210h with 8C ( 4P + 4E ) , 4050 6gb vram , 16 gb ddr5 ram 5600mhz , 45% ntsc , 512gb SSD ( Gen 4 ig ) It's asus tuf f16",1,"{""subreddit"": ""GadgetsIndia"", ""num_comments"": 1, ""type"": ""post""}"
2026-05-08,reddit,Consumer Tech India,HP,"In the US, Budget under $1750",https://reddit.com/r/SuggestALaptop/comments/1t7cxxy/in_the_us_budget_under_1750/,user_8359420c57,"In the US, Budget under $1750 **LAPTOP QUESTIONNAIRE** * **Total budget (in local currency) and country of purchase. Please do not use USD unless purchasing in the US:** $1750 * **Are you open to refurbs/used?** no * **How would you prioritize form factor (ultrabook, 2-in-1, etc.), build quality, performance, and battery life?** Quality, performance, battery * **How important is weight and thinness to you?** I do travel, but I'm willing to sacrifice weight for a larger screen * **Do you have a preferred screen size? If indifferent, put N/A.** 15"" minimum * **Are you doing any CAD/video editing/photo editing/gaming? List which programs/games you desire to run.** minor photo editing, not worth paying more for * **If you're gaming, do you have certain games you want to play? At what settings and FPS do you want?** not gaming * **Any specific requirements such as good keyboard, reliable build quality, touch-screen, finger-print reader, optical drive or good input devices (keyboard/touchpad)?** I like my HP keyboard (I type lots) and hate that my HP screen hinges failed after 3 years. So, overall build quality, a good display, decent SSD space, HDMI port * **Leave any finishing thoughts here that you may feel are necessary and beneficial to the discussion.** I'm an art history adjunct: I travel to various schools, plug in to a variety of projection systems, I need to edit side-by-side screens, and I do not want any more AI integration than is absolutely necessary.",1,"{""subreddit"": ""SuggestALaptop"", ""num_comments"": 0, ""type"": ""post""}"
2026-05-12,reddit,Consumer Tech India,ASUS,which one to get!,https://reddit.com/r/SuggestALaptop/comments/1taso74/which_one_to_get/,user_bc19aaf7d0,"which one to get! i wanna get a new laptop, under 1 lakh, I am an AI and CV engineer. But I rly have less knowledge abt this laptop market. I do lots AI, models , training, computer vision , OS , and all that . from what i heard the laptops that come with nvidia gpu also wont work well for AI jobs, like even if i setup those gpus for my model training i heard they won't work cause they are meant for gaming, in that case should i still prefer a laptop with a gpu and all ? nevertheless i wanna good laptop, i prefer smaller sizes rather than those big fat ones, windows i prefer, i heard asus was kinda nice or smtg, so yeah can y'all suggest me what's best for me (genuinely) thanks",1,"{""subreddit"": ""SuggestALaptop"", ""num_comments"": 0, ""type"": ""post""}"
2026-05-03,reddit,Consumer Tech India,HP,"Laptop required for SOlidworks, ANSYS and other mechanical softwares",https://reddit.com/r/laptops/comments/1t2rx3t/laptop_required_for_solidworks_ansys_and_other/,user_75eff8591b,"Laptop required for SOlidworks, ANSYS and other mechanical softwares **LAPTOP QUESTIONNAIRE** * **Total budget (in local currency) and country of purchase. Please do not use USD unless purchasing in the US:** 1.5 Lakhs and under, Country of Purchase- INDIA * **Are you open to refurbs/used?** Not at all * **How would you prioritize form factor (ultrabook, 2-in-1, etc.), build quality, performance, and battery life?** Good build, Gaming Laptop, High performance, decent battery life * **How important is weight and thinness to you?** Not a priority * **Do you have a preferred screen size? If indifferent, put N/A.** 15 -16 inches * **Are you doing any CAD/video editing/photo editing/gaming? List which programs/games you desire to run.** CAD, ANSYS, Other Mechanical Softwares for University and Internships. Gaming and video/photo editing is secondary. * **If you're gaming, do you have certain games you want to play? At what settings and FPS do you want?** Not a hardcore gamer. Gaming is secondary. * **Any specific requirements such as good keyboard, reliable build quality, touch-screen, finger-print reader, optical drive or good input devices (keyboard/touchpad)?** Good Hinge, metal top or body if possible, good thermals, No touch screen, reliable build, touch pad can be a little large as I am used to macbooks. * **Leave any finishing thoughts here that you may feel are necessary and beneficial to the discussion.** I am a Mechanical Engineering 3rd year i",1,"{""subreddit"": ""laptops"", ""num_comments"": 4, ""type"": ""post""}"
2026-05-13,reddit,Consumer Tech India,Lenovo,Need some help choosing CPU...,https://reddit.com/r/Lenovo/comments/1tcehka/need_some_help_choosing_cpu/,user_7efc360507,"Need some help choosing CPU... I'm looking to buy a Lenovo laptop, with the IdeaPad Slim 5 being my top choice. I'm just not sure which one to choose as they come with different processors. I've only ever had laptops with Intel i, so know very little about Ryzen and Snapdragon. I will mostly be using Microsoft Office, doing some web design in Wix, browsing and emailing. These are the options: AMD Ryzen AI 7 - £499.99 Snapdragon X Plus - £529.00 AMD Ryzen AI 5 - £529.99 Intel i5 - £600 Performance, battery life, longevity and speed are all important. £600 is my budget, so all are a viable option on price. Thanks, I appreciate your help 😊",1,"{""subreddit"": ""Lenovo"", ""num_comments"": 0, ""type"": ""post""}"
2026-05-13,reddit,Consumer Tech India,Lenovo,Help me choose between Yoga Pro 9i G11 and Legion 7a G11,https://reddit.com/r/Lenovo/comments/1tc97rf/help_me_choose_between_yoga_pro_9i_g11_and_legion/,user_cf74f6e1ac,"Help me choose between Yoga Pro 9i G11 and Legion 7a G11 [Yoga Pro 9i G11 vs Legion 7a G11]( Hello everyone! Sorry for the corny pic thumbnail I made, but I need your help. I need to buy my\* first laptop with a GPU for my masters degree starting in September. I've always had a PC (with windows and dualbooted Fedora) and have never owned my own laptop. Previously at work I used a refurbished Yoga Pro 7a (i don't remember the gen, but it had a mid range amd cpu and rtx 3050 and 32gb ram) and I really enjoyed the experience of using it. I've always envied more cleaner builds compared to Gaming focused laptops. I did have some issues with it - the battery life was awful (the nvidia gpu was stuck on always being active, no matter what I tried), sometimes the type-c charging ports straight up didn't work and needed a hard restart and some other minor things that were probably windows related. For my studies we are advised to get a laptop with a GPU and modern powerful CPU. I will use the laptop mainly for my studies and assignments, but I also develop software as a hobby and recently play around with game development. I won't be playing games on it, because I already have a PC with a 3080 at home that I fire up if I want to play something, but lately I've dropped this hobby. There could be some exceptions - like firing up a couch co-op game to play",1,"{""subreddit"": ""Lenovo"", ""num_comments"": 2, ""type"": ""post""}"
2026-05-13,reddit,Consumer Tech India,Lenovo,"Best RTX 5060 Laptop Around ₹1.5Lakhs (indian rupees)for Blender, Unreal Engine &amp; Houdini and little bit of gaming?",https://reddit.com/r/laptops/comments/1tc87uc/best_rtx_5060_laptop_around_15lakhs_indian/,user_0bcdfbe4cd,"Best RTX 5060 Laptop Around ₹1.5Lakhs (indian rupees)for Blender, Unreal Engine &amp; Houdini and little bit of gaming? Planning to buy a laptop around ₹1.5L mainly for Blender, Unreal Engine 5, learning Houdini, VFX/rendering work and some gaming. Looking for something with an RTX 5060-class GPU, strong CPU performance, good thermals and decent upgradeability that’ll last me a few years without issues. Right now I’m considering the Acer Predator Helios Neo 16S AI, but I’m still comparing options from Lenovo, Alienware, etc. Would like to know what laptops people here would recommend for a proper 3D/VFX workflow and whether the Predator is actually a good choice in this range or if there are better alternatives.",1,"{""subreddit"": ""laptops"", ""num_comments"": 0, ""type"": ""post""}"
2026-05-13,reddit,Consumer Tech India,Lenovo,Nitro V (RTX 5070) vs Legion Pro 5 (RTX 5060) — is it worth sacrificing RAM for a better GPU?,https://reddit.com/r/laptops/comments/1tbz3ob/nitro_v_rtx_5070_vs_legion_pro_5_rtx_5060_is_it/,user_374da1abb9,"Nitro V (RTX 5070) vs Legion Pro 5 (RTX 5060) — is it worth sacrificing RAM for a better GPU? Hey everyone. I'm choosing a laptop for gaming and studying, stuck between two options and looking for opinions from people with actual experience. The situation Two options in roughly the same price range: Acer Nitro V 16 AI — Ryzen 7 260, RTX 5070 8 GB GDDR7, but only 16 GB RAM and 512 GB SSD. No OS included. Lenovo Legion Pro 5 — Ryzen 7 8745HX, RTX 5060 8 GB, but 32 GB RAM, 1 TB SSD, OLED 2K 165 Hz display, and Windows already included. Use case — gaming, studying (IDE, browser, everything running at the same time), plus I'm planning to connect external monitors. What's bugging me I get that RTX 5070 is stronger on paper. But a few things are making me hesitate. First, 16 GB RAM feels tight for gaming, coding, and keeping a bunch of tabs open simultaneously. Am I overthinking this? Second, how much does the 5070 actually breathe inside the Nitro? It's a budget line, cooling is clearly not a priority. Could it end up throttling down to roughly the same performance as a properly cooled 5060 in the Legion? Third, Legion has an OLED 2K 165 Hz panel vs what seems to be a standard IPS in the Nitro. For long study sessions, is that difference actually noticeable day to day? What pushes me toward Legion 32 GB RAM — comfortable headroom for years. 1 TB storage — no need to think about external drives right away. OLED display — nice bonus. Two USB-C with DisplayPort 2.1 plus HD",1,"{""subreddit"": ""laptops"", ""num_comments"": 3, ""type"": ""post""}"
2026-05-13,reddit,Consumer Tech India,HP,Which laptop will be better?,https://reddit.com/r/SuggestALaptop/comments/1tbua2a/which_laptop_will_be_better/,user_73637c95f3,"Which laptop will be better? LAPTOP QUESTIONNAIRE Total budget (in local currency) and country of purchase. Please do not use USD unless purchasing in the US: 1 lac (india) Are you open to refurbs/used? No How would you prioritize form factor (ultrabook, 2-in-1, etc.), build quality, performance, and battery life? Performance &gt; battery life &gt; build quality How important is weight and thinness to you? Very imp for carrying it in uni Do you have a preferred screen size? If indifferent, put N/A. N/A Are you doing any CAD/video editing/photo editing/gaming? List which programs/games you desire to run. I want it to study cse and want to explore many aspects like data science data analysis graphic design cyber security ml ( will do it in cloud so no need for gpu) ai dl etc. If you're gaming, do you have certain games you want to play? At what settings and FPS do you want? Not into gaming Any specific requirements such as good keyboard, reliable build quality, touch-screen, finger-print reader, optical drive or good input devices (keyboard/touchpad)? Has to be upgradable ( storage and ram)",1,"{""subreddit"": ""SuggestALaptop"", ""num_comments"": 0, ""type"": ""post""}"
2026-05-13,reddit,Consumer Tech India,Apple,"Need help choosing an ultrabook, Intel vs AMD for running local AI models?",https://reddit.com/r/GadgetsIndia/comments/1tbkh7p/need_help_choosing_an_ultrabook_intel_vs_amd_for/,user_123165cb52,"Need help choosing an ultrabook, Intel vs AMD for running local AI models? I have been looking out for a ultrabook for college, somewhere in the price range of 1-1.5lac INR. My primary usecase would be for coding sessions, running local ai models, and it must have a great battery life because i end up travelling a lot for competitions etc. and preferably should also have thunderbolt 4/usb 4 in case if i decide to use external gpus later (Eliminates Apple M series and Snapdragon X elite). I have basically narrowed it down to two laptops (any better alternatives in the indian laptop market are welcome) 1. ASUS Zenbook S16,AMD Ryzen AI 9 465 Processor (32GB/1TB/AMD Radeon Graphics/40.64 cms (16) OLED Touch 3K) UM5606GA-SR248WS priced at around 1.6lac 2. ASUS Zenbook 14, Intel Core Ultra 9 285H (32GB/1TB/Intel Arc Graphics/35.56 cm (14) OLED Touch FHD+) UX3405CA-QL1016WS priced at around 1.2lac As far as i understood, the only difference between these two is screen and NPU, from benchmarks online they seem pretty similar in terms of cpu, igpu performance (i referred to tomshardware website for the igpu comparison). While i do not require that 3k oled 120hz panel, I'm not so sure about the Ai NPU on each of the laptops... Intel has 13TOPs compared to the 50TOPs on AMD. However I also read that Intel has better TOPS on the gpu and if im running models on them id possibly get similar performance. Please note, I have zero experience running local ai models before, im literally u",1,"{""subreddit"": ""GadgetsIndia"", ""num_comments"": 1, ""type"": ""post""}"
2026-05-12,reddit,Consumer Tech India,Lenovo,Need some help with Lenovo CPU...,https://reddit.com/r/SuggestALaptop/comments/1tbf9fn/need_some_help_with_lenovo_cpu/,user_7efc360507,"Need some help with Lenovo CPU... I'm looking to buy a Lenovo laptop, with the IdeaPad Slim 5 being my top choice. I'm just not sure which one to choose as they come with different processors. I've only ever had laptops with Intel i, so know very little about Ryzen and Snapdragon. I will mostly be using Microsoft Office, doing some web design in Wix, browsing and emailing. These are the options: AMD Ryzen AI 7 - £499.99 Snapdragon X Plus - £529.00 AMD Ryzen AI 5 - £529.99 Intel i5 - £600 Performance, battery life, longevity and speed are all important. £600 is my budget, so all are a viable option on price. Thanks, I appreciate your help 😊",1,"{""subreddit"": ""SuggestALaptop"", ""num_comments"": 0, ""type"": ""post""}"
2026-05-12,reddit,Consumer Tech India,HP,"India - Cse Student - mostly studying coding, movies and around 2 or 3 triple AAA game title per year",https://reddit.com/r/SuggestALaptop/comments/1tbe8vz/india_cse_student_mostly_studying_coding_movies/,user_25902f68c2,"India - Cse Student - mostly studying coding, movies and around 2 or 3 triple AAA game title per year **LAPTOP QUESTIONNAIRE** * **Total budget (in local currency) and country of purchase. Please do not use USD unless purchasing in the US:** INDIA and 130000 * **Are you open to refurbs/used?** no * **How would you prioritize form factor (ultrabook, 2-in-1, etc.), build quality, performance, and battery life?** performance is main while battery and build quality decent is good * **How important is weight and thinness to you?** not much important * **Do you have a preferred screen size? If indifferent, put N/A.** N/A * **Are you doing any CAD/video editing/photo editing/gaming? List which programs/games you desire to run.** mosstly for coding and like 2 or 3 triple AAA gaes per year * **If you're gaming, do you have certain games you want to play? At what settings and FPS do you want?** any triple game like ig rdr2 and good enough of an experience above 60 is ok to me * **Any specific requirements such as good keyboard, reliable build quality, touch-screen, finger-print reader, optical drive or good input devices (keyboard/touchpad)?** nah * **Leave any finishing thoughts here that you may feel are necessary and beneficial to the discussion.** I am a cse student specializing in AI and ML who will mostly watch videos and movies, studying coding and play 2 or 3 games a year",1,"{""subreddit"": ""SuggestALaptop"", ""num_comments"": 0, ""type"": ""post""}"
2026-05-12,reddit,Consumer Tech India,HP,#LOQ HELP I AM DEPRESSED &amp; ANXIOUS,https://reddit.com/r/SuggestALaptop/comments/1tbd6jc/loq_help_i_am_depressed_anxious/,user_032c8dcd93,"#LOQ HELP I AM DEPRESSED &amp; ANXIOUS Total budget (in local currency) and country of purchase. Please do not use USD unless purchasing in the US: 100k INR (1 LAKH INDIAN RUPEES) +-10K Are you open to refurbs/used? ABSOLUTELY NOT How would you prioritize form factor (ultrabook, 2-in-1, etc.), build quality, performance, and battery life? BUILD &amp; PERFORMANCE IS TOP MOST PRIORITY, battery on gaming laptop i understand so meh! 😏 How important is weight and thinness to you? -it DOESN'T MATTER AT ALL, performance &gt;&gt;&gt;Build&gt;&gt;&gt;battery&gt;&gt;&gt;&gt;portability. Do you have a preferred screen size? If indifferent, put N/A. 15,16,17 (open to all screen sizes) Are you doing any CAD/video editing/photo editing/gaming? List which programs/games you desire to run. -i want future proofing for next 5-6 years as an all rounder laptop which can handle anything from hardcore AAA gaming, to Ai/ML, to multimedia entertainment device. If you're gaming, do you have certain games you want to play? At what settings and FPS do you want? -gta 6 (🫢), i mean nothing but if it can run cyberpunk, Black myth wukong, RDR2, well it means it can handle pretty much anything. Any specific requirements such as good keyboard, reliable build quality, touch-screen, finger-print reader, optical drive or good input devices (keyboard/touchpad)? Reliable build for good thermals and rough usage in 5 years. Leave any finishing thoughts here that you may feel are necessary and b",1,"{""subreddit"": ""SuggestALaptop"", ""num_comments"": 0, ""type"": ""post""}"
2026-05-12,reddit,Consumer Tech India,HP,"Under 600, USA.",https://reddit.com/r/SuggestALaptop/comments/1tap6y8/under_600_usa/,user_d195092e1e,"Under 600, USA. **LAPTOP QUESTIONNAIRE** * **Total budget (in local currency) and country of purchase. Please do not use USD unless purchasing in the US:** as cheap as I can go within reason. 600 of less, but really looking for 250-400. * **Are you open to refurbs/used?** Yes, absolutely. Even fb marketplace-- wasn't sure if buying used was a good idea for laptops. * **How would you prioritize form factor (ultrabook, 2-in-1, etc.), build quality, performance, and battery life?** Performance. Battery life. Build quality. * **How important is weight and thinness to you?** Relatively, but I won't be traveling with it. Light and small is better. * **Do you have a preferred screen size? If indifferent, put N/A.** N/a * **Are you doing any CAD/video editing/photo editing/gaming? List which programs/games you desire to run.** Not so much. * **If you're gaming, do you have certain games you want to play? At what settings and FPS do you want?** No games other than roller coaster tycoon or StarCraft 2-- absolutely not a necessity, however. * **Any specific requirements such as good keyboard, reliable build quality, touch-screen, finger-print reader, optical drive or good input devices (keyboard/touchpad)?** Keyboard/mouse support if desired would be nice, able to plug in an external HD for additional storage protection as I'll need it to transfer all of my files from PC to the new laptop. * **Leave any finishing thoughts here that you",1,"{""subreddit"": ""SuggestALaptop"", ""num_comments"": 3, ""type"": ""post""}"
2026-05-08,reddit,Consumer Tech India,Lenovo,"Looking for a 3D Modeling and 3D Printing laptop workhorse: $1,500-$2,100",https://reddit.com/r/SuggestALaptop/comments/1t7o89e/looking_for_a_3d_modeling_and_3d_printing_laptop/,user_f2faf88d37,"Looking for a 3D Modeling and 3D Printing laptop workhorse: $1,500-$2,100 **LAPTOP QUESTIONNAIRE** * **Total budget (in local currency) and country of purchase. Please do not use USD unless purchasing in the US:** $1,500 - $2,100 USD. * **Are you open to refurbs/used?** Yes, if in basically new condition (when it comes to hardware performance). I want this to be a laptop that lasts for many years. I can deal with it if it has surface scratches (but NOT on the screen). * **How would you prioritize form factor (ultrabook, 2-in-1, etc.), build quality, performance, and battery life?** Performance is top priority. Battery life is second. Build quality third. Form factor last. * **How important is weight and thinness to you?** Very unimportant. It can be however thick and however heavy, I really don't care. * **Do you have a preferred screen size? If indifferent, put N/A.** 16 inch would be preferred. * **Are you doing any CAD/video editing/photo editing/gaming? List which programs/games you desire to run.** LOTS of CAD and slicing for 3D printing. I want the ideal 3D modeling and 3D printing workhorse. The programs I use are Blender mostly, Bambu Studio and PrusaSlicer for slicing prints. Web browser, of course for researching (Chrome). Some Visual Studio, SQL Server Management Studio, and I may experiment with LLMs more. * **If you're gaming, do you have certain games you want to play? At what settings and FPS do you want?** No gaming at all, but when I navigate in the viewpor",1,"{""subreddit"": ""SuggestALaptop"", ""num_comments"": 3, ""type"": ""post""}"
2026-05-12,reddit,Consumer Tech India,Lenovo,Should I buy a new laptop or build new pc ?,https://reddit.com/r/SuggestALaptop/comments/1tams83/should_i_buy_a_new_laptop_or_build_new_pc/,user_e92a0d5836,"Should I buy a new laptop or build new pc ? I am 10th grade boy and I have a old second hand laptop of my dad its lenovo g50 80 with i3 processor 4gb ram Intel HD 5500 gpu and ssd upgraded to256gb and i also have 2 of its charger usb port. I am bored of it and thinking of buying a new laptop but as I am a student and my parents are not going to get me a first hand laptop even of 40k on my birthday so I am thinking to sell my lenovo g5080 with its 2 charger and my laptop also has 88% battery 🔋 health which is i guess good for this old laptop and idk how much will it sell for , i asked by Ai and it says with chargers too it will only sell for 13500 rupees idk if this is good price as I never did these things before of selling laptop so tell me and also I might ask some money from my parents at my birthday in November and after my boards a little more money and then buy a new second hand laptop I can max add 4000-4500 rupees additional for buying new laptop so budget kinda low so should I make a pc or buy a laptop and I have not a good space in my room and house for placing a normal size pc with other parts that's why I even use laptop on my bed as I don't have a big table as my bed litterally covers so much my room so building a normal size pc is kinda problematic so I wanna ask that can I build a pc which is laptop sized or like a slim cpu of playstation like design which is slim and long in height cpu and connect it to my laptop or any other monitor and use it like then and i",1,"{""subreddit"": ""SuggestALaptop"", ""num_comments"": 1, ""type"": ""post""}"
2026-05-11,reddit,Consumer Tech India,ASUS,"Should I buy ASUS Vivobook S16,Intel Core Ultra 5 225H",https://reddit.com/r/laptops/comments/1taaoa4/should_i_buy_asus_vivobook_s16intel_core_ultra_5/,user_0945660bdd,"Should I buy ASUS Vivobook S16,Intel Core Ultra 5 225H I want a good laptop for learning AI and machine learning and btech cse course, would this be a good option? My budget is INR 80k.",1,"{""subreddit"": ""laptops"", ""num_comments"": 3, ""type"": ""post""}"
2026-05-11,reddit,Consumer Tech India,Lenovo,"Asus vs lenovo vs any other brand, 1.5 lakh INR, India",https://reddit.com/r/SuggestALaptop/comments/1t9vzd0/asus_vs_lenovo_vs_any_other_brand_15_lakh_inr/,user_0f89e7db8d,"Asus vs lenovo vs any other brand, 1.5 lakh INR, India Hello all, I need your suggestions and real life experience advice. Total budget (in local currency) and country of purchase. Upto 1.5 lakhs INR, India Are you open to refurbs/used? No How would you prioritize form factor (ultrabook, 2-in-1, etc.), build quality, performance, and battery life? 32 gb RAM, intel series 2 (CONFUSION HERE, V vs H, 255 vs 285, HELP!), 1TB ssd, no need dedicated GPU (not a gamer, but will use Al, do i need a gpu?), \~ 6 hrs of battery life is okay but more the better. How important is weight and thinness to you? Weight is important. I commute alot. Do you have a preferred screen size? 13-14 inch Are you doing any CAD/video editing/photo editing/gaming? List which programs/games you desire to run. More of research work, content creation in the future with integrated AI, explore AI to make education easier. If you're gaming, do you have certain games you want to play? At what settings and FPS do you want? N/A Any specific requirements such as good keyboard, reliable build quality, touch-screen, finger-print reader, optical drive or good input devices (keyboard/touchpad)? Good build quality, touch screen is a plus Leave any finishing thoughts here that you may feel are necessary and beneficial to the discussion. Longevity \~5 years, minimal heating, less noise. Please help me end this search. Planning to buy a laptop this weekend. The above are the three options I have narr",1,"{""subreddit"": ""SuggestALaptop"", ""num_comments"": 3, ""type"": ""post""}"
2026-05-11,reddit,Consumer Tech India,Lenovo,"UPDATE: Lenovo Bluetooth Issue ""Fixed"" with custom driver. Now the big question: Is the Extended Warranty worth it for a",https://reddit.com/r/Lenovo/comments/1t9r6k9/update_lenovo_bluetooth_issue_fixed_with_custom/,user_2b81cce1ee,"UPDATE: Lenovo Bluetooth Issue ""Fixed"" with custom driver. Now the big question: Is the Extended Warranty worth it for a ""Lemon"" unit? Quick update on my Lenovo IdeaPad Slim 5 (Ryzen AI 7 350) Bluetooth saga. After multiple technician visits, a chip replacement, a full factory reset, and hours of escalation calls, the issue seems to be resolved. Lenovo provided what they claim is a ""new driver code made specifically for my case,"" though I suspect it might just be a stable rollback to a version that actually works with this hardware. Either way, for now, the distortion and noise drops are gone. The Dilemma: My base warranty expires in 2 months. This laptop has a heavy repair history: Initial Issues: Electrical grounding (shocks) and screen flickering (fixed). Major Repair: Full teardown for a keyboard/touchpad module replacement. Post-Repair Issues: The Bluetooth failure that just got ""fixed"" via software. I’m staying in a hostel where I’ve seen multiple Lenovo motherboards fail repeatedly. Given that this unit has already been ""under the knife"" for a teardown and had electrical issues, I’m nervous about what happens at the 12-month mark. Should I invest in the extended warranty/ADP (Accidental Damage Protection)? Pros: This unit feels like a ""Lemon"" and a single motherboard failure out-of-warranty will cost 50-60% of the laptop's value. Cons: I’ve already had a terrible experience with their ""Premium"" support, and I’m wondering if it’s better to just save that mone",1,"{""subreddit"": ""Lenovo"", ""num_comments"": 1, ""type"": ""post""}"
2026-05-10,reddit,Consumer Tech India,HP,Closest laptop to HP bs0xx for Internet Old,https://reddit.com/r/laptops/comments/1t9ltdd/closest_laptop_to_hp_bs0xx_for_internet_old/,user_501462fa22,"Closest laptop to HP bs0xx for Internet Old Tried posting in r/SuggestALaptop last year and didn't get any useful replies, so trying here. **Total budget (in local currency) and country of purchase. Please do not use USD unless purchasing in the US:** United States. Preferably &lt;$800 USD, would spend more if it's something that will last many years. **Are you open to refurbs/used?** No, not technologically literate enough to screw around with resetting features. **How would you prioritize form factor (ultrabook, 2-in-1, etc.), build quality, performance, and battery life?** Would prefer if it was made to last for more than a couple years since I don't want to upgrade again for a while. **How important is weight and thinness to you?** The less like a tablet the better. It'll functionally be used as a desktop most of the time. **Do you have a preferred screen size? If indifferent, put N/A.** Fairly large since I use it for drawing. **Are you doing any CAD/video editing/photo editing/gaming? List which programs/games you desire to run.** If it'll run old PC games that's a plus but not necessary. Other than that I don't game or even use most apps like Discord or YouTube. It needs to run my Wacom drawing tablet from pre-2020. **If you're gaming, do you have certain games you want to play? At what settings and FPS do you want?** N/A **Any specific requirements such as good keyboard, reliable build quality, touch-screen, finger-print reader, optical drive or good in",1,"{""subreddit"": ""laptops"", ""num_comments"": 11, ""type"": ""post""}"
2026-05-10,reddit,Consumer Tech India,HP,Help to buy a laptop for my BTech CSE .,https://reddit.com/r/laptops/comments/1t9159y/help_to_buy_a_laptop_for_my_btech_cse/,user_1e859888fb,"Help to buy a laptop for my BTech CSE . Genuinely need help to buy a laptop for my BTech CSE . Please help me out 🥺! LAPTOP QUESTIONNAIRE Total budget (in local currency) and country of purchase. Please do not use USD unless purchasing in the US: ₹60000 to ₹70000 Are you open to refurbs/used? No How would you prioritize form factor (ultrabook, 2-in-1, etc.), build quality, performance, and battery life? Please suggest the most durable and sturdy brands as I need it to function for at least 6-7 years with minor servicing. Do you have a preferred screen size? If indifferent, put N/A. N/A Are you doing any CAD/video editing/photo editing/gaming? List which programs/games you desire to run. Still not decided but most probably model training and programming software. Any specific requirements such as good keyboard, reliable build quality, touch-screen, finger-print reader, optical drive or good input devices (keyboard/touchpad)? 1. Ryzen CPU with iGPU 2. Nvidia dGPU Leave any finishing thoughts here that you may feel are necessary and beneficial to the discussion. Why do I need an iGPU and dGPU ? Because my main focus would be on AI and ML for which I need dGPU but I also need to switch modes to iGPU to save power and work longer when not doing GPU intensive tasks. Why do I need a Ryzen cpu? Ryzen CPUs give better battery and thermal performance.",1,"{""subreddit"": ""laptops"", ""num_comments"": 0, ""type"": ""post""}"
2026-05-09,reddit,Consumer Tech India,Lenovo,Suggest a laptop around Rs.80k,https://reddit.com/r/SuggestALaptop/comments/1t820a4/suggest_a_laptop_around_rs80k/,user_bd2e169998,"Suggest a laptop around Rs.80k Use case: Programming and exploring opportunities as well. I have been learning self programming for the last 2 years. Web dev, ai agents, backend engineering and might need docker in a few months. I need something with a good battery, ram, and storage.. Also, my eyes are weak so I need recommendations for some good screens. Laptops that I have found (around the budget are):- 1. Lenovo IdeaPad slim 5 oled 2. Lenovo yoga intel ultra core 5 3. Asus vivobook s14 4. Another option is refurbished macbook air m4 (16/512) IdeaPad seems good but feels generic and not sure about its battery life? Yoga seems expensive and I'm not sure about it. I need to know more about it. Reddit complains about vivobook's battery issues.. So, do you have any recommendations and thoughts on these options.",1,"{""subreddit"": ""SuggestALaptop"", ""num_comments"": 2, ""type"": ""post""}"
2026-05-09,reddit,Consumer Tech India,Lenovo,I'm going to exchange my ThinkPad e14 i5 10gen broken body. Can I use it for any other purpose is it worth the 10k,https://reddit.com/r/GadgetsIndia/comments/1t80q00/im_going_to_exchange_my_thinkpad_e14_i5_10gen/,user_12e6a7383e,I'm going to exchange my ThinkPad e14 i5 10gen broken body. Can I use it for any other purpose is it worth the 10k Idk I saw some old laptop diy projects. But idk if it's worth the 10k . Someone enlighten me with some ideas. Ai? Ai host? Automation? Security? Idk guys any ideas worth sacrificing this,1,"{""subreddit"": ""GadgetsIndia"", ""num_comments"": 4, ""type"": ""post""}"
2026-05-09,reddit,Consumer Tech India,ASUS,Asus expertbook p1 vs vivobook 14,https://reddit.com/r/techIndia/comments/1t7tzn9/asus_expertbook_p1_vs_vivobook_14/,user_01d3739f12,Asus expertbook p1 vs vivobook 14 Or Should I go for motobook 60 pro Since Many from reddit are recommending for it,1,"{""subreddit"": ""techIndia"", ""num_comments"": 1, ""type"": ""post""}"
2026-05-09,reddit,Consumer Tech India,ASUS,Suggestion please I am dy!n,https://reddit.com/r/SuggestALaptop/comments/1t7srdt/suggestion_please_i_am_dyn/,user_fc7303d169,"Suggestion please I am dy!n I want to buy a laptop under ₹ 1 lakh that can do ai/ml tasks and run gta vi in future, due to shitty Flipkart policies most of discounted sale laptop is not deliverable near my pincode so please suggest me some offical brand website or amazon available laptop.. Some of my options 1.Acer Nitro V15 Pro:-rtx 5050 Con:-Acer itself 2.macbook m3 Pro:-smoothest experience Con:-no p!racy ,no gaming 3.Loq rtx 5050 Pro:-Alot of Con:-Overpriced and low battery backup 4.Asus tuf Shitty design",1,"{""subreddit"": ""SuggestALaptop"", ""num_comments"": 2, ""type"": ""post""}"
2026-05-09,reddit,Consumer Tech India,Lenovo,laptop suggestion under 65000 INR,https://reddit.com/r/SuggestALaptop/comments/1t7ynhe/laptop_suggestion_under_65000_inr/,user_f5252635ae,"laptop suggestion under 65000 INR \*\*LAPTOP QUESTIONNAIRE\*\* \* \*\*Total budget (in local currency) and country of purchase. Please do not use USD unless purchasing in the US:\*\* 65000 INR India \* \*\*Are you open to refurbs/used?\*\* No \* \*\*How would you prioritize form factor (ultrabook, 2-in-1, etc.), build quality, performance, and battery life?\*\* Preferring Ultrabook , premium build and good battery life \* \*\*How important is weight and thinness to you?\*\* Average, not too thick \* \*\*Do you have a preferred screen size? If indifferent, put N/A.\*\* N/A \* \*\*Are you doing any CAD/video editing/photo editing/gaming? List which programs/games you desire to run.\*\* Mainly for coding and light gaming, my 8 year old will also use occasionally \* \*\*If you're gaming, do you have certain games you want to play? At what settings and FPS do you want?\*\* Minecraft, Roblox and Indie games \* \*\*Any specific requirements such as good keyboard, reliable build quality, touch-screen, finger-print reader, optical drive or good input devices (keyboard/touchpad)?\*\* Backlit keyboard, no touchscreen, no fingerprint reader \* \*\*Leave any finishing thoughts here that you may feel are necessary and beneficial to the discussion.\*\* AMD Ryzen 5 or 7, 16GB/512GB. Preferably Lenovo or Asus. Should be sturdy enough and upgradable \*\*Feel free to join our Discord server at: for a faster response!\*\*",1,"{""subreddit"": ""SuggestALaptop"", ""num_comments"": 0, ""type"": ""post""}"
2026-05-09,reddit,Consumer Tech India,HP,Suggest laptop,https://reddit.com/r/SuggestALaptop/comments/1t8cz45/suggest_laptop/,user_99bb86c101,"Suggest laptop HP 14 AI PC Intel Core Ultra 7 - (16 GB/1 TB SSD/Windows 11 Home) 14-ep1152TU Thin and Light Laptop Vs DELL Inspiron 14 Microsoft Office Home 2024 Intel Core i5 13th Gen 1334U - (16 GB/512 GB SSD/Windows 11 Home) Please suggest which laptop is better. I actually don’t know much about laptops. I am a CA, so I mostly use Excel, Chrome, and office-related work. I also watch movies, so I need good storage and performance. AI features would be a plus if available. My budget is up to ₹70,000. If possible, please suggest a laptop with good battery life, smooth multitasking, and maybe a touchscreen/360° feature as well.i am living in navi mumbai",1,"{""subreddit"": ""SuggestALaptop"", ""num_comments"": 0, ""type"": ""post""}"
2026-04-23,reddit,Consumer Tech India,HP,Laptop for uni student doing Cybersecurity that has a PC in the dorm,https://reddit.com/r/laptops/comments/1st8jaz/laptop_for_uni_student_doing_cybersecurity_that/,user_39849d1f6e,"Laptop for uni student doing Cybersecurity that has a PC in the dorm **Total budget (in local currency) and country of purchase:** **$1600-$1700, USA** **How would you prioritize form factor (ultrabook, 2-in-1, etc.), build quality, performance, and battery life?** Prioritizing Build Quality, Battery Life, and User Experience (Haptic Trackpad/Screen visibility) above raw performance. Performance only needs to be sufficient for cybersecurity tools and light gaming. **How important is weight and thinness to you?** Not that important **Do you have a preferred screen size?** N/A **Are you doing any CAD/video editing/photo editing/gaming? List which programs/games you desire to run.** Cybersecurity coursework (VMs/coding environments, wireshark). Gaming: Light titles like Hollow Knight and BTD6. **If you're gaming, do you have certain games you want to play? At what settings and FPS do you want?** All gaming will be done on battery in short sessions, just need fps to be at refresh rate at low settings, games such as hollow knight, btd6, emberknights, minecraft **Any specific requirements such as good keyboard, reliable build quality, touch-screen, finger-print reader, optical drive or good input devices (keyboard/touchpad)?** Must-haves: Haptic trackpad or really good trackpad, decenbtly premium build, bright screen (usable outdoors/anti-reflective), and 10+ hours of battery life for light tasks. **Leave any finishing thoughts here that you may fee",1,"{""subreddit"": ""laptops"", ""num_comments"": 0, ""type"": ""post""}"
2026-05-09,reddit,Consumer Tech India,Apple,Is choosing Macbook sensible?,https://reddit.com/r/GadgetsIndia/comments/1t7swgc/is_choosing_macbook_sensible/,user_a3bc728c8d,Is choosing Macbook sensible? I am going to join engineering college and idk my branch yet but I'm pretty sure that im not going to pursue chemE/MechE/Civil so which laptop should i buy Im highly considering Macbook air m5 16/512 as it is on sale on amazon.,1,"{""subreddit"": ""GadgetsIndia"", ""num_comments"": 7, ""type"": ""post""}"
2026-05-07,reddit,Consumer Tech India,Apple,MacBook Air M1: 16GB RAM with 82% battery health vs 8GB RAM with 100% battery — which should I choose as a CSE student?,https://reddit.com/r/GadgetsIndia/comments/1t6jgy7/macbook_air_m1_16gb_ram_with_82_battery_health_vs/,user_f103af22d0,"MacBook Air M1: 16GB RAM with 82% battery health vs 8GB RAM with 100% battery — which should I choose as a CSE student? I’m a CSE engineering student and mostly do web development (VS Code, Chrome tabs, Node.js, React, sometimes Docker and light editing). I am on a very strict budget and can't spend more than 40k. I found two used MacBook Air M1 options: 1. **M1 Air — 16GB RAM / 256GB SSD** * ₹40,000 * Battery health: 82% * Cycle count: 402 2. **M1 Air — 8GB RAM / 256GB SSD** * ₹39,500 * Battery health: 100% Both are in good condition otherwise. I can try negotiating with them. I’m confused because: * the 16GB model seems much better for coding and long-term usage * but the battery health is noticeably lower * the 8GB one has perfect battery health but I’m worried 8GB may not age well for development work For people who use M1 Airs for programming/web dev: * Is 82% battery health a big concern? * How much difference does 16GB vs 8GB actually make in real-world coding? * Which one would you pick for 3–4 years of usage? Thanks!",1,"{""subreddit"": ""GadgetsIndia"", ""num_comments"": 12, ""type"": ""post""}"
2026-05-11,reddit,Consumer Tech India,Apple,Need laptop recommendations,https://reddit.com/r/techIndia/comments/1taazta/need_laptop_recommendations/,user_be74d9974e,"Need laptop recommendations Looking for a laptop mainly for: * Coding / CS degree * Web dev * Casual gaming (story mode mostly) * Heavy browser + multitasking usage Mainly looking for value-for-money options around ₹80k–₹1.2L. Priorities: * Good battery life (very important) * No heating/throttling issues * Good build quality * 16GB RAM * 512GB SSD minimum * Prefer 14-inch display * Not a MacBook because I want to explore Linux properly and have flexibility with dual booting/customization I’ll probably keep a lot of tabs/apps open, so stability and smoothness matter more than raw gaming performance. Not looking for flashy RGB gaming laptops unless they actually have good thermals + battery. Would appreciate: * Specific model recommendations * Real-world battery experience * Heating/fan noise experience * Linux compatibility experience if possible * Any models to avoid Thanks.",1,"{""subreddit"": ""techIndia"", ""num_comments"": 3, ""type"": ""post""}"
2026-05-11,reddit,Consumer Tech India,Lenovo,Laptop Recommendation Under 70k INR,https://reddit.com/r/laptops/comments/1ta4xf1/laptop_recommendation_under_70k_inr/,user_f7026f367b,"Laptop Recommendation Under 70k INR Please recommend me a good laptop. I am going for my MBA next month, Laptop should ideally resonate with: Easy heavy multitasking Light weight Durability Productivity Good display (I am into a little bit designing) Expandable RAM &amp; Storage (looking for a long term companion) LAPTOP QUESTIONNAIRE Total budget (in local currency) and country of purchase. Please do not use USD unless purchasing in the US: - 70k INR (a little flexible) and want to purchase in India. Are you open to refurbs/used? - NO How would you prioritize form factor (ultrabook, 2-in-1, etc.), build quality, performance, and battery life? - Productivity and build over performance. I am no gamer so battery life should be good. How important is weight and thinness to you? - I travel a lot so weight is very important. Thinness not so much. Do you have a preferred screen size? If indifferent, put N/A. - 14 inch Are you doing any CAD/video editing/photo editing/gaming? List which programs/games you desire to run. - I use Anti gravity, Cursor, Claude Code If you're gaming, do you have certain games you want to play? At what settings and FPS do you want? -NA Any specific requirements such as good keyboard, reliable build quality, touch-screen, finger-print reader, optical drive or good input devices (keyboard/touchpad)? - Should not be touch screen. The storage and RAM should be expandable. Leave any finishing thoughts here that you may feel are necessary",1,"{""subreddit"": ""laptops"", ""num_comments"": 1, ""type"": ""post""}"
2026-05-11,reddit,Consumer Tech India,Apple,[WTS] 32GB (2x16GB) Crucial Basics DDR5-4800 SODIMM RAM Kit,https://reddit.com/r/IndianGaming/comments/1t9xbal/wts_32gb_2x16gb_crucial_basics_ddr54800_sodimm/,user_6bc9e90325,"[WTS] 32GB (2x16GB) Crucial Basics DDR5-4800 SODIMM RAM Kit Item Name: 32GB Kit (2x16GB) Crucial Basics DDR5-4800 SODIMM Condition: Used - Excellent/Like New. Pulled from a working system, tested and error-free. Date of Purchase: January 2025 Description: I'm selling a matched pair of Crucial Basics 16GB DDR5 modules (32GB total). These are 4800MT/s SODIMMs, perfect for high-end gaming laptops or mobile workstations. They have been used lightly and are in pristine condition. Selling as a kit to ensure the buyer gets full dual-channel benefits. Reason for sale: Well I bought a new macbook and have these RAM sticks laying around. Also please note that these doesn't have their packaging. Location: Hyderabad Shipping: Can ship via BlueDart/Delhivery at buyer's cost. Expected Price: ₹20,000 for the pair (negotiable).",1,"{""subreddit"": ""IndianGaming"", ""num_comments"": 1, ""type"": ""post""}"
2026-05-11,reddit,Consumer Tech India,Apple,Windows vs MacBook for Academic/research work after laptop failure,https://reddit.com/r/laptops/comments/1t9wog0/windows_vs_macbook_for_academicresearch_work/,user_8696e628c2,"Windows vs MacBook for Academic/research work after laptop failure Hi guys, 2.5 years ago I bought a Lenovo Yoga 7 14ARP8 for around 1000€. Unfortunately, I already had to send it in once because of keyboard issues, and now it suddenly won’t start anymore. Lenovo says the motherboard would need to be replaced. I’m honestly frustrated because I spent a lot of time researching back then and specifically wanted a laptop that would last me 8–10 years. I think part of why I’m struggling so much with this decision is that 2.5 years ago I already tried to “invest properly”. I deliberately spent more money because I thought buying a \~1000€ laptop from a well-known brand would give me something reliable for many years. Instead, I already had keyboard issues after about a year and now potentially a motherboard failure after only 2.5 years. So now I honestly don’t know anymore whether spending a lot on a laptop actually translates into longevity/reliability — or whether I should think about this completely differently. Now I’m trying to decide between: \- repairing the Lenovo, \- buying another Windows laptop, \- or switching to macOS. My use cases: For the next 6–12 months (while finishing my doctoral thesis): \- lots of browser tabs/research \- Word \- SPSS \- Citavi \- mails \- streaming/surfing After the thesis: \- mainly mails, streaming, surfing, everyday use A MacBook Neo would probably be enough performance-wise for my everyday use, and I really like:",1,"{""subreddit"": ""laptops"", ""num_comments"": 17, ""type"": ""post""}"
2026-05-11,reddit,Consumer Tech India,HP,Help regarding macbook,https://reddit.com/r/SuggestALaptop/comments/1t9vv62/help_regarding_macbook/,user_04fb71bce6,"Help regarding macbook LAPTOP QUESTIONNAIRE Total budget ≈100K INR , India. Are you open to refurbs/used? -No How would you prioritize form factor (ultrabook, 2-in-1, etc.), build quality, performance, and battery life? -for me longevity n reliability is utmost important How important is weight and thinness to you? - kinda mid Do you have a preferred screen size? If indifferent, put N/A. - no Are you doing any CAD/video editing/photo editing/gaming? List which programs/games you desire to run. - no cad, no gaming, no heavy editing If you're gaming, do you have certain games you want to play? At what settings and FPS do you want? Any specific requirements such as good keyboard, reliable build quality, touch-screen, finger-print reader, optical drive or good input devices (keyboard/touchpad)? - just longevity i gotta be able to rely Leave any finishing thoughts here that you may feel are necessary and beneficial to the discussion. I'm in CSE sophomore, n I'm getting macbook m5 air 16/512, I'm genuinely so confused about if it'll be better than windows, and if it'll be as equivalent to windows 16/512 i just need guidance people",1,"{""subreddit"": ""SuggestALaptop"", ""num_comments"": 0, ""type"": ""post""}"
2026-05-10,reddit,Consumer Tech India,HP,my budget is 2.5 lakh rs,https://reddit.com/r/laptops/comments/1t9c71f/my_budget_is_25_lakh_rs/,user_3f2b815b57,"my budget is 2.5 lakh rs I am an software developer. I want to buy a laptop, I am more inclined towards buying a macbook pro but then some say the ASUS Zephyrus one is the goat (also its comparatively less price than macbook) and i am really confused rn. Help me! If u guys have any other suggestion for any other laptops feel free to comment. * **Total budget (in local currency) and country of purchase. Please do not use USD unless purchasing in the US:** \~2.5 lakhs INR * **Are you open to refurbs/used?** No * **How would you prioritize form factor (ultrabook, 2-in-1, etc.), build quality, performance, and battery life?** better battery life (like macbook) * **How important is weight and thinness to you?** anything under 2 kg * **Do you have a preferred screen size?** 14 inches * **Are you doing any CAD/video editing/photo editing/gaming? List which programs/games you desire to run.** \- video editing and mostly work related to aiml running systems a little smoothly * **If you're gaming, do you have certain games you want to play? At what settings and FPS do you want?** games i mean thats not a necessary to me if i wanna play cs2 i can also play that in macbook * **Any specific requirements such as good keyboard, reliable build quality, touch-screen, finger-print reader, optical drive or good input devices (keyboard/touchpad)?** Not as such * **Leave any finishing thoughts here that you may feel are necessary and beneficial to the discussion.** No",1,"{""subreddit"": ""laptops"", ""num_comments"": 1, ""type"": ""post""}"
2026-05-10,reddit,Consumer Tech India,Apple,Need help regarding puchase of new laptop for computer science engineering.,https://reddit.com/r/SuggestALaptop/comments/1t99pfu/need_help_regarding_puchase_of_new_laptop_for/,user_d067abf8de,Need help regarding puchase of new laptop for computer science engineering. I am planning to buy a laptop with a budget of 110000 inr. Should I buy a macbook air m5 or other windows laptop at the same price? Will my mac 16 gb be able to do coding and also training LLM or I will need google colab for it. I have come across the reviews that 16 gb is not enough in the near future and I should buy a windows laptop with expandable ram. Please Review.,1,"{""subreddit"": ""SuggestALaptop"", ""num_comments"": 1, ""type"": ""post""}"
2026-05-10,reddit,Consumer Tech India,Apple,Need suggestions for a monitor around 15k,https://reddit.com/r/GadgetsIndia/comments/1t8yz3z/need_suggestions_for_a_monitor_around_15k/,user_caa2b39713,Need suggestions for a monitor around 15k I am a programmer and I have to work on a macbook air as well as a windows laptop. I am looking to buy a 27inch monitor that has good display and is around 10-15k. I purely need it for office purposes and not gaming. I do not know what specs should I even look for when buying a monitor. So a help on that would be truly appreciated. Thank you in advance:),1,"{""subreddit"": ""GadgetsIndia"", ""num_comments"": 2, ""type"": ""post""}"
2026-05-10,reddit,Consumer Tech India,Apple,Should I buy my mom's M1 MacBook Pro to replace my old Razerblade 15 (GTX 1060 + i7) as a concept art and illustration s,https://reddit.com/r/SuggestALaptop/comments/1t8ws92/should_i_buy_my_moms_m1_macbook_pro_to_replace_my/,user_9d7c2662bf,"Should I buy my mom's M1 MacBook Pro to replace my old Razerblade 15 (GTX 1060 + i7) as a concept art and illustration student? My Razerblade 15 (2018 model with GTX 1060 Max-Q, 8th gen 6-core i7, 16GB RAM, 128GB SSD/1TB HDD) has kind of been showing its age for the past few years. It works okay for the stuff I need to do day-to-day, but it has some weird hardware and software quirks that have persisted even after a series of clean installs, and is also generally a bit sluggish. I also recently dropped my tablet so I don't have any portable device to browse or work on when I'm not at my desk. My mom has barely used her MacBook Pro since we got it for her in 2022, and wants to downgrade to an iPad. I was thinking this may be a good opportunity to upgrade my system and try out a Mac device without committing to something more expensive (my parents will probably give it to me for a good price). It's the 16"" configuration with a 16 core GPU, 16GB unified memory, and 1TB SSD. I mainly use Clip Studio Paint, Blender, and will have to start using Photoshop soon. I will mainly use Blender for 3D to 2D paint over stuff so shouldn't be anything too crazy. I expect to push CSP and PS to their limits for what would reasonably be used for illustration. I do like Windows but I'm willing to try out Mac. The only con is that I'd ideally like something a little more portable — the 16"" MBP is a bit clunky, especially if I'm using it casually at home like I would my tablet, but I",1,"{""subreddit"": ""SuggestALaptop"", ""num_comments"": 2, ""type"": ""post""}"
2026-05-09,reddit,Consumer Tech India,Apple,USB C HUB for Macbook,https://reddit.com/r/GadgetsIndia/comments/1t7wv0f/usb_c_hub_for_macbook/,user_c2159b5824,USB C HUB for Macbook Please help me find a good usb c hub for my macbook m4. Needs to have an hdmi output for 60hz...idc if its 4k or not but need atleast 60hz if not more...Also having additional usb ports would be nice too. I found one on amazon but not sure of the quality. Anyone have any idea pls help,1,"{""subreddit"": ""GadgetsIndia"", ""num_comments"": 2, ""type"": ""post""}"
2026-05-04,reddit,Consumer Tech India,HP,"laptop for btech cse under 50k (no macbook please, only windows)",https://reddit.com/r/laptops/comments/1t3k3zr/laptop_for_btech_cse_under_50k_no_macbook_please/,user_4d3727b1a1,"laptop for btech cse under 50k (no macbook please, only windows) ***LAPTOP QUESTIONNAIRE*** ***Total budget (in local currency) and country of purchase.*** 45k to 50 k (in rupees) (inr) ***Are you open to refurbs/used?*** no, no refurbs or used ***How would you prioritize form factor (ultrabook, 2-in-1, etc.), build quality, performance, and battery life?*** performance - for coding in college, negligible gaming battery life- atleast 8 to 10 hrs ***How important is weight and thinness to you?*** light weight and thin would be great ***Do you have a preferred screen size? If indifferent, put N/A.*** above 13 inch ***Are you doing any CAD/video editing/photo editing/gaming? List which programs/games you desire to run.*** coding (i will be starting college) ***If you're gaming, do you have certain games you want to play?*** maybe minecraft (if i had time, ik i won't) ***Any specific requirements such as good keyboard, reliable build quality, touch-screen, finger-print reader, optical drive or good input devices (keyboard/touchpad)?*** no touch screen, but 180 degree bending (idk), and yess build quality should be good",1,"{""subreddit"": ""laptops"", ""num_comments"": 0, ""type"": ""post""}"
2026-05-12,reddit,Consumer Tech India,ASUS,I want a Gaming Laptop!,https://reddit.com/r/laptops/comments/1tb6ny3/i_want_a_gaming_laptop/,user_892fa1ed81,"I want a Gaming Laptop! So I want a laptop which can game But I need that to be light weight, and also capable of music production I was looking at MACBOOK PRO M5 PRO 48GB But I really want to game too Im from India and i dont want to buy asus zephyrus g14 As the service is shitty af Please suggest me some laptops",1,"{""subreddit"": ""laptops"", ""num_comments"": 2, ""type"": ""post""}"
2026-05-08,reddit,Consumer Tech India,Apple,need urgent help and suggestions,https://reddit.com/r/laptops/comments/1t7hdb4/need_urgent_help_and_suggestions/,user_36e28f3873,"need urgent help and suggestions i am confused asf between buying macbook neo or m5 air or m4 air i am a student and I'll need to work on adobe and need a laptop for a long run, saw some videos where people were able to use adobe easily on neo but still i am confused what if it broke after few uses need you help in which laptop to buy, i was thinking of m4 because there isn't much difference between m4 and m5. Still, guys please help applications i would work on: adobe, maybe davinci, canva budget: under 1 lakh country i belong to: india should be reliable for atleast 5-7 years will use for college and work half of my life will be on laptop also, if not neo. then m4 or m5, what's the difference between them? i couldn't find anything much. and if neo work will all my requirements, then I'll be way more happy as it is saving me alot of money",1,"{""subreddit"": ""laptops"", ""num_comments"": 0, ""type"": ""post""}"
2026-05-04,reddit,Consumer Tech India,Apple,Any laptop deals (ryzen or intel),https://reddit.com/r/laptops/comments/1t3t7lf/any_laptop_deals_ryzen_or_intel/,user_5559ec84c9,Any laptop deals (ryzen or intel) Need a laptop for school must be ryzen or intel and I want it to last me all 4 years. My budget is 1100. R there any good deals going on rn? Want that MacBook feel (can’t be mac my program requires ryzen or intern),1,"{""subreddit"": ""laptops"", ""num_comments"": 2, ""type"": ""post""}"
2026-05-05,reddit,Consumer Tech India,Apple,Need a sole laptop for work and play,https://reddit.com/r/SuggestALaptop/comments/1t45jka/need_a_sole_laptop_for_work_and_play/,user_4e37d22d07,"Need a sole laptop for work and play **Total budget (in local currency) and country of purchase. Please do not use USD unless purchasing in the US:** $3000-$3500 **Are you open to refurbs/used?** Yes but would prefer new. **How would you prioritize form factor (ultrabook, 2-in-1, etc.), build quality, performance, and battery life?** Want good build quality and performance. Battery life is a bonus but not necessary. From factor, has to be portable but don’t mind heavier or bulkier. Currently carry a 2019 16” MacBook Pro for reference. **How important is weight and thinness to you?** Not that important **Do you have a preferred screen size? If indifferent, put N/A.** 16” for the performance and portability. Open to 18” but it would be a hard sell unless the performance difference is really apparent. **Are you doing any CAD/video editing/photo editing/gaming? List which programs/games you desire to run.** I do some 3D imaging and CBCT work (I’m a periodontist, which is a gum and bone specialist so I need to be able to comfortably run dental implant and surgical software). Implant Studio, ExoCAD, CoDiagnostix **If you're gaming, do you have certain games you want to play? At what settings and FPS do you want?** Would love to play newer single player story driven games (Expeditikn 33, Pragmata, etc.). Don’t competitively game but I like all games. Currently been playing WoW TBC Anniversary in my spare time. I play on Mac right now so only WoW and it’s prett",1,"{""subreddit"": ""SuggestALaptop"", ""num_comments"": 12, ""type"": ""post""}"
2026-05-06,reddit,Consumer Tech India,Lenovo,Zenbook S 16 vs. Yoga Slim 7i vs. MacBook Air M5—Which one is actually safe for a student?,https://reddit.com/r/Lenovo/comments/1t5fzip/zenbook_s_16_vs_yoga_slim_7i_vs_macbook_air/,user_6d484cd7f3,"Zenbook S 16 vs. Yoga Slim 7i vs. MacBook Air M5—Which one is actually safe for a student? Hey everyone, I was just at the store checking out the new ASUS Zenbook S 16 (Ryzen 9). On paper, it looks incredible for a tech student, but after doing some digging, I’m getting major cold feet. I’ve seen way too many reports about these things having serious heating issues and screen flickering problems. For an $1,820 USD machine, I really don't want to be dealing with hardware bugs while I'm trying to finish my labs. I’m currently in my 3rd year of a Cybersecurity degree, so I’m looking for the ""holy grail"" of laptops: portable, light, powerful, and with a battery that actually lasts. I’ve ruled out ThinkPads—I know they’re the ""gold standard,"" but I want something that feels modern and sleek without being a brick in my bag. Here are the three I'm stuck between: 1. ASUS Zenbook S 16 (Ryzen 9, 32GB RAM, 2TB SSD) • The Power: Amazing specs, but I'm honestly wondering if is it safe to buy now? Have the firmware updates actually fixed the thermals and screen flickering, or is it still a gamble? I’ve read that even with low CPU usage, it can idle at 60–70°C and act like a space heater. 2. Lenovo Yoga Slim 7i (Intel Core Ultra 7 155H, 32GB RAM, 1TB SSD) • The Middle Ground: I saw this one at the shop for around $1,139 USD. It has the same 32GB of RAM as the Zenbook but feels like a more stable Windows alternative. • The Goods: The build quality feels solid, and it has a 14-inch",1,"{""subreddit"": ""Lenovo"", ""num_comments"": 11, ""type"": ""post""}"
2026-05-08,reddit,Consumer Tech India,Apple,"iphone 17 @62.3k VS Samsung s25 Ultra @92k , Which one to choose",https://reddit.com/r/GadgetsIndia/comments/1t7ach8/iphone_17_623k_vs_samsung_s25_ultra_92k_which_one/,user_cd6001edfd,"iphone 17 @62.3k VS Samsung s25 Ultra @92k , Which one to choose Currently I've 4 year old realme phone, I really want to switch now and since there is a sale live right now, I'll like to switch My current options are - 1. Samsung s25 Ultra - 92,000 2. Iphone 17 base - 62,500 I own a macbook for work, samsung tab for personal use Personally I'm biased toward s25 ultra but iphone deal is really sweet to ignore I want to use it as main driver, no gaming , just everyday normal usage, and photo and videos on trips. Which one will you prefer if you were at my place ? btw - iphone price include 9100 off with phone exchange, samsung doesn't include any exchange",1,"{""subreddit"": ""GadgetsIndia"", ""num_comments"": 4, ""type"": ""post""}"
2026-05-08,reddit,Consumer Tech India,Apple,Apple doesn't seem to allow to checkout with M5 Max Macbook pro?,https://reddit.com/r/GadgetsIndia/comments/1t76m04/apple_doesnt_seem_to_allow_to_checkout_with_m5/,user_d6606bff70,"Apple doesn't seem to allow to checkout with M5 Max Macbook pro? Was curious to see how much it costed, later decided I'll get it - but it shows ""Page not available"" error for some reason.",1,"{""subreddit"": ""GadgetsIndia"", ""num_comments"": 1, ""type"": ""post""}"
2026-05-06,reddit,Consumer Tech India,HP,"MacOS or Linux laptop that will last!! — USA, budget under $2k",https://reddit.com/r/SuggestALaptop/comments/1t5hjqr/macos_or_linux_laptop_that_will_last_usa_budget/,user_e467db8016,"MacOS or Linux laptop that will last!! — USA, budget under $2k **Total budget:** $2,000 (US) **Are you open to refurbs/used?** Yes **How would you prioritize form factor (ultrabook, 2-in-1, etc.), build quality, performance, and battery life?** My main priorities are performance and longevity (whether it’s good as-is or can do upgrades in the future!). So in order probably: performance, quality, battery life, form factor. **How important is weight and thinness to you?** Not super important, but it’d be nice to fit into a backpack and carry it to classes/work/library comfortably **Do you have a preferred screen size?** Larger than 13” **Are you doing any CAD/video editing/photo editing/gaming? List which programs/games you desire to run.** I’m in biology and will be pursuing a graduate degree with a focus in bioinformatics. I want to be able to run stats/analytics using R/Python as well as run demanding loops in various programs (ImageJ, CellProfiler, etc). I will be using Microsoft Office programs and a web browser (Firefox, something my 2020 Macbook has difficulties with no matter the browser). If I could run adobe programs (Illustrator mostly), that’d be cool too! I also have been trying to learn drums and they came with Melodics. **If you're gaming, do you have certain games you want to play? At what settings and FPS do you want?** I’d like to be able to occasionally play Sims4, Stardew Valley, and maybe some multiplayer games through Steam with my partner. If I c",1,"{""subreddit"": ""SuggestALaptop"", ""num_comments"": 2, ""type"": ""post""}"
2026-05-08,reddit,Consumer Tech India,HP,Should I repair my HP Victus or switch to a used MacBook M1 for performance marketing work?,https://reddit.com/r/SuggestALaptop/comments/1t715pz/should_i_repair_my_hp_victus_or_switch_to_a_used/,user_b1ff835fa2,"Should I repair my HP Victus or switch to a used MacBook M1 for performance marketing work? Hey everyone, need some genuine advice. I’m 24 and working as a performance marketer, mainly running Meta ads and handling multiple brand accounts. My work is mostly browser-heavy, spreadsheets, ad managers, creatives, light editing, etc. No gaming usage at all now. Currently using an HP Victus 15 with 8GB RAM and 512GB SSD. The laptop works okay performance-wise, but now it has a battery issue and replacement is costing around ₹12k. Because of that, I’m thinking instead of investing in repair, maybe I should switch to a second-hand MacBook Pro with M1 Max which is around 1.5 years old. I’ll sell my current laptop too, so overall I’ll probably need to invest around ₹10–15k extra from my side. My priorities are: Smooth multitasking Long battery life Reliability while traveling/working outside Handling lots of Chrome tabs + Meta Ads Manager Good overall speed for work I don’t do gaming anymore. Would this switch make sense financially and practically? Or should I just repair the Victus and continue using it for another 1–2 years? Also, anything specific I should check before buying a used M1 Max MacBook?",1,"{""subreddit"": ""SuggestALaptop"", ""num_comments"": 0, ""type"": ""post""}"
2026-05-08,reddit,Consumer Tech India,Apple,Need to buy a laptop in 10 days which one should I get?,https://reddit.com/r/GadgetsIndia/comments/1t6y78g/need_to_buy_a_laptop_in_10_days_which_one_should/,user_a3bc728c8d,"Need to buy a laptop in 10 days which one should I get? I am joining engineering college and my parents want me to buy laptop quick because of price hike fear, which one should get I in 1.3 Lakh budget i might join either cse or ece. Highly considering Macbook air m5 with 16/512 but still i need suggestions. Budget- 1.3L Usage- engineering Gaming- maybe/maybe not",1,"{""subreddit"": ""GadgetsIndia"", ""num_comments"": 3, ""type"": ""post""}"
2026-05-07,reddit,Consumer Tech India,Lenovo,Need help choosing a laptop for school that can play games,https://reddit.com/r/laptops/comments/1t5x0s3/need_help_choosing_a_laptop_for_school_that_can/,user_4736da55a9,"Need help choosing a laptop for school that can play games Total budget (in local currency) and country of purchase. \-1500 USD and purchasing in the US, realistically more 1300/1400\~- Are you open to refurbs/used? \-Not very open to it but if there’s a really good deal on a refurb that isn’t that old I may buy it- How would you prioritize form factor (ultrabook, 2-in-1, etc.), build quality, performance, and battery life? \-I’d prefer a long battery life and good performance when playing video games.- How important is weight and thinness to you? \-I’d like a thin and light laptop- Do you have a preferred screen size? \-14 inches but it’d be nice having a 16 inch- Are you doing any CAD/video editing/photo editing/gaming? List which programs/games you desire to run. \-I wish to run Minecraft with a couple of mods but no extreme shaders. I’d like to be able to comfortably handle the average shooter. I won’t be editing videos or 3d modeling- If you're gaming, do you have certain games you want to play? At what settings and FPS do you want? \-I want to play Minecraft at maybe 100 fps. I don’t know specs well so if that’s unrealistic just tell me.- Any specific requirements such as good keyboard, reliable build quality, touch-screen, finger-print reader, optical drive or good input devices (keyboard/touchpad)? \-I’d like a finger-print read. I’d like a backlit keyboard. I don’t need touch screen. I want a good keyboard and touchpad.- Leave any finishing th",1,"{""subreddit"": ""laptops"", ""num_comments"": 1, ""type"": ""post""}"
2026-05-07,reddit,Consumer Tech India,Apple,suggest a laptop for working. ( in spain ),https://reddit.com/r/SuggestALaptop/comments/1t65dnd/suggest_a_laptop_for_working_in_spain/,user_508dc07c39,"suggest a laptop for working. ( in spain ) I am a Computer Science student in Spain looking for a high-performance laptop for coding, running virtual machines, and heavy multitasking. My top priority is a system that feels extremely smooth and snappy—especially when browsing the web, switching between many tabs, and watching high-resolution videos. I am very open to used or refurbished hardware to maximize my performance per Euro. Performance &amp; Hardware Priorities: * CPU: Must be an 8-core processor or higher to handle VM workloads and ensure a responsive OS. * RAM: I need 16GB+ total. I am fine with DDR4 or DDR5; I have a spare 8GB DDR4 stick, but if the laptop uses DDR5, I simply require it to have 16GB or more pre-installed. * Storage: The laptop must have an NVMe slot for my spare 256GB SSD. While a 2.5"" HDD bay for my 1TB drive is a plus, it is not a must, as I can use the HDD externally. * Graphics: A dedicated GPU is preferred to ensure smooth video rendering and to handle lightweight games and ROM emulators. Display &amp; Build Preferences: * Display: A 1920x1080 (FHD) IPS panel is required. I would love an OLED if possible. The refresh rate should be between 60Hz and 144Hz for a fluid UI. * Trade-offs: I do not mind ""bad"" build quality (plastic/budget feel) or poor battery life, provided the laptop doesn't physically break or bend. * Peripherals: Trackpad and keyboard quality are secondary; as long as they are functional for coding, they are acceptable. Budg",1,"{""subreddit"": ""SuggestALaptop"", ""num_comments"": 0, ""type"": ""post""}"
2026-05-12,reddit,Consumer Tech India,Apple,Macbook Air M2(8gb) vs M3(16gb) vs M4(16gb) around ~70k,https://reddit.com/r/GadgetsIndia/comments/1tb454i/macbook_air_m28gb_vs_m316gb_vs_m416gb_around_70k/,user_9f632c6a53,"Macbook Air M2(8gb) vs M3(16gb) vs M4(16gb) around ~70k Need some advice from developers/students using MacBooks. My budget is around ₹70k currently, but I can stretch if it’s genuinely worth it long term. I’m mainly going to use it for coding/web dev, college work, Docker, VS Code, multitasking etc. Would you recommend: •M2 Air 8GB M3 Air 16GB Or stretching further for M4 Air 16GB How bad is 8GB RAM in 2026 for development? A lot of people say unified memory works differently on Macs, but I also see many recommending 16GB minimum. Also, realistically what’s the best effective price I can expect in India after: student discount credit card offers GST claim(Which I don't have) One more thing: is AppleCare+ actually worth paying \~₹20k extra for if budget is already tight? Or is it unnecessary for most students if they handle the laptop carefully?",1,"{""subreddit"": ""GadgetsIndia"", ""num_comments"": 11, ""type"": ""post""}"
2026-05-08,reddit,Consumer Tech India,Apple,"MacBook Pro A2141 model I7,16 gb ram,512 gb storage. 5.5 gb graphic Price: ₹42700... Is it good to go for deal?",https://reddit.com/r/laptops/comments/1t6xlai/macbook_pro_a2141_model_i716_gb_ram512_gb_storage/,user_4410d4675e,"MacBook Pro A2141 model I7,16 gb ram,512 gb storage. 5.5 gb graphic Price: ₹42700... Is it good to go for deal?",1,"{""subreddit"": ""laptops"", ""num_comments"": 19, ""type"": ""post""}"
2026-05-14,reddit,Consumer Tech India,Apple,Whats the diffrence bw macbook air m5 and macbook pro with m5 chip,https://reddit.com/r/GadgetsIndia/comments/1tcndsu/whats_the_diffrence_bw_macbook_air_m5_and_macbook/,user_1bd7d3c8a3,"Whats the diffrence bw macbook air m5 and macbook pro with m5 chip Macbook air m5 specs 38.91 cm screen 1tb storage 16gb ram 10 core cpu 10 core gpu 16 core neutral engine Price- ₹1,64,000 Macbook pro m5 35.97cm Rest everything is same Price- ₹1,89,000 Please help cant go for more than this price",1,"{""subreddit"": ""GadgetsIndia"", ""num_comments"": 1, ""type"": ""post""}"
2026-04-03,reddit,Consumer Tech India,Lenovo,Need laptop around 1L – good battery + OLED + casual gaming,https://reddit.com/r/laptops/comments/1sbqiie/need_laptop_around_1l_good_battery_oled_casual/,user_5ca7e3ec60,"Need laptop around 1L – good battery + OLED + casual gaming Hey guys, I’ve been researching laptops for the past few days and honestly I’m more confused now than before 😅 My budget is around ₹1 lakh (can stretch a bit) and I mainly need: \- Good battery life (like full day college use) \- OLED display (don’t wanna compromise on this) \- Some casual gaming (Rocket league and shit, sometimes triple aaa on low setting if possible) \- Prefer something thin n light Right now I’m leaning towards the Yoga Slim 7i Aura Edition because it looks perfect on paper (battery + premium + display). But a few things are bothering me: \- Only 1 USB-A + 2 Type-C ports… feels kinda limited \- No stylus support (not a big deal but would’ve been nice) \- Also not sure how it performs long term since it’s a slim laptop If not this then recommend me something, please and thank you. (I hope I'm not asking the impossible and all this might sound too greedy, it's just it's my first laptop and I don't wanna fuck it up.) BTW NO MAC.",1,"{""subreddit"": ""laptops"", ""num_comments"": 9, ""type"": ""post""}"
2026-05-12,reddit,Consumer Tech India,Apple,Laptop recommendations pls,https://reddit.com/r/laptops/comments/1tbafne/laptop_recommendations_pls/,user_7f8cca12b6,"Laptop recommendations pls Hi everyone, I’m currently in 11th grade and planning to buy a laptop that I can also continue using in college for the next 5-6 years. My usage right now is mostly studying, browsing, presentations, coding basics, watching lectures/content, and maybe some light editing in future. I’m looking for something around the MacBook Air M2/M3 level in terms of performance, battery life, and overall smooth experience. I don’t necessarily need a MacBook only Windows suggestions are also welcome if they offer good value and longevity Budget is flexible depending on value Which laptops would you recommend in 2026? Thanks!",1,"{""subreddit"": ""laptops"", ""num_comments"": 1, ""type"": ""post""}"
2026-04-17,reddit,Consumer Tech India,ASUS,The holy grail of laptops,https://reddit.com/r/SuggestALaptop/comments/1snyr8b/the_holy_grail_of_laptops/,user_96e13ccf7e,"The holy grail of laptops I'm looking for a new laptop that will last me around 4-6 years. I'm starting grad school in a foreign country and need it to be very flexible for my studies and portable. I'm a scientist so it needs to be able to handle statistics software, things like Rcmdr, raspberry pi, python. I also do photography and digital art at a hobby so programs like adobe lightroom and Photoshop, SketchUp. Writing software like scrivener. And ideally minor gaming like modded Minecraft without burning up. I don't need it to be able to play like BG3 (although that would be cool). But I do need it to last. I've been looking into Framework, I like the fact that if parts break you can replace them or upgrade them if you need more. But I don't know much about the brand quality. I've heard more about brand like alien or predator but want to make sure that premium price is going to last and not just for a cool design. My ideal price is 1500, but if it's really going to last and be an investment I can go up to 3k. Thank you in advance!!",1,"{""subreddit"": ""SuggestALaptop"", ""num_comments"": 0, ""type"": ""post""}"
2026-04-06,reddit,Consumer Tech India,ASUS,"[WARNING] My terrible experience with ASUS Zenbook under warranty (4+ repairs, no fix)",https://reddit.com/r/laptops/comments/1sdw112/warning_my_terrible_experience_with_asus_zenbook/,user_d7b1aa3974,"[WARNING] My terrible experience with ASUS Zenbook under warranty (4+ repairs, no fix) I want to share my extremely frustrating experience with my ASUS Zenbook, hoping someone from ASUS or the community can help or at least raise awareness. Device: ASUS Zenbook 14 OLED (UM3406HA-QL096) AMD Ryzen 7 8840HS | 16GB RAM | 1TB SSD From the beginning, the device had a recurring issue. I sent it for repair under warranty more than 4 times. Initially, the authorized distributor in Dubai told me: “If the issue is not resolved after 3 repair attempts, we will proceed with a replacement.” However, this never happened. Every time, I was asked to send the device again. Each repair cycle took around 3 to 4 weeks. After receiving it back, within less than a week, the same issue appears again. In total, I barely used the device for 2 months over the past year, while it spent most of its time in the service center. Now the warranty has expired, and the problem is STILL NOT FIXED. This has affected both my studies and my work. I paid for a premium laptop and received a completely unreliable experience. I am extremely disappointed. Has anyone else faced similar issues with ASUS Zenbook or ASUS support? What are my options now? I would really appreciate any advice or if ASUS support can look into this case. \#ASUS #ASUSZenbook #WarrantyIssue #CustomerExperience #TechSupport #LaptopProblems Check my comment for full t",1,"{""subreddit"": ""laptops"", ""num_comments"": 9, ""type"": ""post""}"
2026-05-13,reddit,Consumer Tech India,Apple,"Best 20,000mAh Power Bank for MacBook Pro &amp; Phone?",https://reddit.com/r/GadgetsIndia/comments/1tbqdd3/best_20000mah_power_bank_for_macbook_pro_phone/,user_016db7e8ed,"Best 20,000mAh Power Bank for MacBook Pro &amp; Phone? Looking for a good 20,000mAh power bank that can charge my MacBook Pro and phone. Preferably USB-C PD, reliable, and travel friendly. Any recommendations from personal use?",1,"{""subreddit"": ""GadgetsIndia"", ""num_comments"": 2, ""type"": ""post""}"
2026-04-04,reddit,Consumer Tech India,Lenovo,Help Help,https://reddit.com/r/laptops/comments/1scm867/help_help/,user_699ffb73ba,"Help Help I am getting confused too much between these laptops. Please help. 1) Asus ExpertBook P5 • Price: ₹1,03,990 • CPU: Ultra 7 258V (Lunar Lake S2) • RAM: 32GB LPDDR5x 8533 (soldered) • Storage: 1TB PCIe Gen4 • Display: 2.5K 144Hz IPS, 400 nits (❌ OLED) • Touch / 360: ❌ / ❌ • NPU: 47 TOPS • Build: MIL-STD-810H Aluminium ⸻ 2) Lenovo IdeaPad Slim 5 AMD • Price: ₹93,882 • CPU: Ryzen AI 7 350 (Strix Point) • RAM: 32GB DDR5 5600 (SODIMM, upgradeable) • Storage: 1TB PCIe Gen4 • Display: 2.8K OLED, 120Hz, 500 nits (✅ OLED) • Touch / 360: ❌ / ❌ • NPU: 50 TOPS • Build: Consumer ⸻ 3) Lenovo IdeaPad Pro 5 • Price: ₹99,389 • CPU: Ultra 7 255H (Arrow Lake S2) • RAM: 24GB LPDDR5x 8533 (soldered) • Storage: 1TB PCIe Gen4 • Display: 2.8K OLED, 120Hz, 500 nits (✅ OLED) • Touch / 360: ❌ / ❌ • NPU: 13 TOPS • Build: Semi-Premium ⸻ 4) Lenovo Yoga Slim 7 • Price: ₹1,03,491 • CPU: Ultra 9 185H (Meteor Lake S1) • RAM: 32GB LPDDR5 6400 (soldered) • Storage: 1TB PCIe Gen4 • Display: WUXGA OLED, 60Hz, 400 nits (✅ OLED) • Touch / 360: ❌ / ❌ • NPU: 11 TOPS • Build: Premium Yoga Aluminium ⸻ 5) Lenovo IdeaPad 5 2-in-1 • Price: ₹96,232 • CPU: Ultra 7 255H (Arrow Lake S2) • RAM: 24GB LPDDR5x 8000 (soldered) • Storage: 1TB PCIe Gen4 • Display: WUXGA OLED, 60Hz, 400 nits (✅ OLED) • Touch / 360: ✅ / ✅ • NPU: 13 TOPS • Build: Consumer ⸻ 6) Lenovo Yoga 7i • Price: ₹1,00,990 • CPU: Ultra 5 125H (Meteor Lake S1) •",1,"{""subreddit"": ""laptops"", ""num_comments"": 1, ""type"": ""post""}"
2026-05-04,reddit,Consumer Tech India,Apple,Where can I get the best deal on a 16” MacBook Pro base model,https://reddit.com/r/GadgetsIndia/comments/1t3dgr5/where_can_i_get_the_best_deal_on_a_16_macbook_pro/,user_4276db6f2f,"Where can I get the best deal on a 16” MacBook Pro base model So, same as the title I am looking to get a 16” MacBook Pro base model within the next 2 months ie. till July for college purposes so it would be a great help if anyone can recommend where to get the best deal FYI - I live in Delhi and don‘t have a GST Number",1,"{""subreddit"": ""GadgetsIndia"", ""num_comments"": 1, ""type"": ""post""}"
2026-05-14,reddit,Consumer Tech India,Apple,Recommendation,https://reddit.com/r/laptops/comments/1tcmcq3/recommendation/,user_64b446681e,"Recommendation I need a new Windows laptop soon for business/work and some personal purposes. It needs to be an all around great laptop for everyday use, whatever i have to throw at it. Crystal clear screen, HD clear Webcam for zoom calls. Powerful enough to do video editing as well. Something like a MacBook is but Windows. Thank you in advance! Wanna add price shouldn't be a problem, just powerful, and something that will last me a few years. Thank you again",1,"{""subreddit"": ""laptops"", ""num_comments"": 3, ""type"": ""post""}"
2026-04-04,reddit,Consumer Tech India,Lenovo,Confused between laptop,https://reddit.com/r/laptops/comments/1sc98az/confused_between_laptop/,user_699ffb73ba,"Confused between laptop Here are your exact laptop requirements: Primary Use Cases &amp; Goals \* Longevity: A highly reliable, future-proof ""prosumer"" ultrabook intended to last 4 to 5 years without lagging. \* Daily Tasks: Office and productivity work, heavy web browsing, and seamless multitasking. \* Secondary Tasks: Capable of very light, occasional gaming and future light AI tasks (no hardcore gaming or heavy video editing). \* Purpose: Personal use, but must be future-ready for potential side projects or a startup. Strict Hardware Specs \* RAM: 16GB minimum, with a strong preference for 32GB. \* Storage: 512GB minimum, with a preference for 1TB. \* Processor: Top-tier Intel Core Ultra (5/7/9), latest-gen Intel Core (i5/i7/i9), or AMD Ryzen (7/9 or Ryzen AI). \* Exclusions: Absolutely no ARM or Snapdragon chips. \* Design &amp; Build: Premium build quality, good battery life, and overall reliability. Lenovo • Lenovo Ideapad 5: Ultra 5 225U | 16GB LPDDR5x (8000 MT/s) | 512GB SSD | IPS Glare 2-in-1 Touch | ₹68,566 • Lenovo Thinkpad E16: Ultra 7 155U | 16GB DDR5 (5600 MT/s) | 512GB SSD | WUXGA IPS | ₹82,991 • Lenovo Yoga Slim 7: Ultra 5 125H | 16GB LPDDR5 (6400 MT/s) | 1TB SSD | OLED Non-touch | ₹88,991 • Lenovo Yoga Slim: Ultra 7 155H | 16GB LPDDR5 (6400 MT/s) | 1TB SSD | OLED Non-touch | ₹88,991 • Lenovo Ideapad Slim 5: Ultra 7 225H | 16GB DDR5 (5600 MT/s) | 512GB SSD | IPS Touch | ₹90,021 • Lenovo Ideapad 5: Ultra 7 255U | 16GB LPDDR5x (8000 MT",1,"{""subreddit"": ""laptops"", ""num_comments"": 0, ""type"": ""post""}"
2026-05-14,reddit,Consumer Tech India,Apple,macbook neo,https://reddit.com/r/GadgetsIndia/comments/1tcoqje/macbook_neo/,user_2e2411469b,"macbook neo should i buy the macbook neo 512gb rn or wait for the apple back to school sale? im getting it for ₹69990 after student discount please please help me decide im probs only gonna use the macbook for assigments, writing and maybe some other uni stuff",1,"{""subreddit"": ""GadgetsIndia"", ""num_comments"": 13, ""type"": ""post""}"
2026-04-23,reddit,Consumer Tech India,Apple,Suggestion,https://reddit.com/r/GadgetsIndia/comments/1st6jug/suggestion/,user_c9aeed44ba,"Suggestion Hey gadgets community, I am a BBA student and currently using iPhone 12 as my daily driver and I will upgrade on Saturday from Cashify. I had planned to buy either 15 pro max or Samsung S24 ultra. Which one should I go with? What are the things I would gain and miss if I go with the android set? I use my phone for calls, use camera for videos and taking photos (hobby type shi), use AI, take notes in college and sometimes play games when I get bored. Please clarify it so that I can buy either of these 2 phones without any issues And please don’t type to say to increase my budget a bit more and buy the latest gen phones. I have saved up my money and my budget fits both the smartphones. I am getting the 15 pro max at around 72K and S24 ultra at 67K. Kindly give me your suggestions so that I can buy the phone without any regrets in my mind.",1,"{""subreddit"": ""GadgetsIndia"", ""num_comments"": 7, ""type"": ""post""}"
2026-04-01,reddit,Consumer Tech India,Lenovo,Laptop suggestions for remote working Lawyer? Budget between $800 to $2000,https://reddit.com/r/laptops/comments/1s9ps1t/laptop_suggestions_for_remote_working_lawyer/,user_f6d6b2e0a7,"Laptop suggestions for remote working Lawyer? Budget between $800 to $2000 I work mostly remote and use a high end gaming laptop I bought in 2021 (Legion 5 16 gig Intel i7, Nvidia GeForce RTX 2060) but it's getting outdated, laptop is too heavy, and battery bad. Thinking of getting a new laptop that is light weight, good battery, and good ram/memory to handle having open 20 tabs, several excel spreadsheets, word docs, PDFs, ability to remote in via VPN to my work computer in the office, etc. I don't really game as much now, so I'm looking for a mid tier or slightly above average laptop to use for the next 5 to 6 years. Here are some preliminary thoughts I have that I would be interested in having your input on: * Thinking of getting a high end Chromebook - Lenovo Chromebook Plus 14, ASUS ExpertBook CX54 * I use Gemini everyday for personal matters, business matters, writing articles for business development for work, and for research for work. Chromebook is integrated with Gemini premium and Google apps, and I have a Samsung Galaxy s26 phone so it pairs well * Worried about what I mentioned earlier above having bunch of tabs, Excel spreadsheets, Word Doc, PDFs, etc open and how the chromebook will handle it. I understand Chromebooks are marketed towards students or senior citizens and not for work, but I found the AI integration with Gemini appealing and coordination with Google drive, docs etc. Alternatively I may get a Samsung Book5 Pro since it also inte",1,"{""subreddit"": ""laptops"", ""num_comments"": 12, ""type"": ""post""}"
2026-05-13,reddit,Consumer Tech India,Apple,I want to buy an iphone,https://reddit.com/r/GadgetsIndia/comments/1tbsybg/i_want_to_buy_an_iphone/,user_94b6da0cfe,I want to buy an iphone So guys I am 19 and last year my mom bought me an s24 FE And this year I want to upgrade to an iPhone but I don't wanna ask money from my mom So should I buy an iPhone 2nd hand or brand new? which models would be good for 2026 and so on? When should I buy ? I earn bout 10k per month from gigging My intentions of buying an iPhone is to get the log feature and better camera and video quality Currently my savings has 20k,0,"{""subreddit"": ""GadgetsIndia"", ""num_comments"": 11, ""type"": ""post""}"
2026-05-11,google_news,Consumer Tech India,Apple,"How timing, efficiency, and price are driving Apple's MacBook Neo success - Business Standard",https://news.google.com/rss/articles/CBMi3wFBVV95cUxOWjA0bFJHeG53dklnVUZqMDhkLVZ5RzZDbnBONkJIaTZjQlZFOTRrR2Fzak83TUVzQjJRZmVUakFsRXFYWFBnd01CNi1VYWxhSUxLYnRGMVRiMmwtS09iTlpEaGF0bWZBZXRYUGlHSDRua01kTm5PT1plWWFramwwSF9rQ0E0OXZqeU9PMnc3ZHdveGdyMjNEcEhTVHZfYWItMmt2ckhqQTNBaVVGM0E2bjF3dXozNE9abGRtdUs0eklld3Q3ZmowbXNvdFhIMFZlaURuX2c2NFZlS3BKeE5R0gHkAUFVX3lxTE1rYTFUaGE5XzIyQTlTNEpQazN2Yi1jSC1lV0pYZTFvWllseUFEMUJKczU2QkVGSzhWZDN4Y1VmdDBjUDZidWFKYll2b2p2MXN1MkV6WjZZOWRpaDN2TlVqZXZHMHJKYUo5YklqZ1dEaXgzOEVEcFJfZjhjTHVDUEpzRTdzWVZERFd4WXNWd3RZd3E5bWZ4WVUtSWhsRHBpQjVvemh1U1J6d3FBWXZjbnBCaDkzenlnQUFhcW1GY1B4ZU9HdUF5U0l3ODBZNGlCa0ZkN2ZLaXgxaEhyZFVhWGNabnBSNw?oc=5,user_gn_2b0f241a,"How timing, efficiency, and price are driving Apple's MacBook Neo success - Business Standard How timing, efficiency, and price are driving Apple's MacBook Neo success &nbsp;&nbsp; Business Standard",0,"{""publication"": ""Business Standard"", ""headline"": ""How timing, efficiency, and price are driving Apple's MacBook Neo success - Business Standard""}"
2026-05-11,google_news,Consumer Tech India,Apple,MacBook Neo now available at its lowest price yet in Amazon Great Summer Sale 2026 - 91mobiles.com,https://news.google.com/rss/articles/CBMiiwFBVV95cUxOUHNSVFlDZTI1YmlmckVYVVV2Rzk4b05PeEdJcWY3YU42QjFGX09jakM2dlVCRFpReFlSN01JaldLZ0RqbzNsaTFzYWFQakN6TzVvaDBWQzJRVXJtSXFyWjdNV0F4SmxXSy11NDM1eVplbF9SQnZIU19BVGRnUnoyUUxEU09zMW9veXZj0gGQAUFVX3lxTE5KLU53WllOdjdITTBCVWtZbkJqNnJJVUg2VHVBUUV6UzJnUlhJdVBQY1RmZjBla2VtWmp3VS04cTNadVFWUkgwZS0zNXJPRXVfbWpEQmJ5YXdnOUZZaDJXMjBYVnhqamdsaFBvcUVucC05NlNpcDZaUTJ2d3lOWUh6WWstTHNXZzB0VURCYTZyUw?oc=5,user_gn_e27a9753,MacBook Neo now available at its lowest price yet in Amazon Great Summer Sale 2026 - 91mobiles.com MacBook Neo now available at its lowest price yet in Amazon Great Summer Sale 2026 &nbsp;&nbsp; 91mobiles.com,0,"{""publication"": ""91mobiles.com"", ""headline"": ""MacBook Neo now available at its lowest price yet in Amazon Great Summer Sale 2026 - 91mobiles.com""}"
2026-04-14,google_news,Consumer Tech India,Apple,Apple MacBook Air M5 review: Perfect laptop for everyone - India Today,https://news.google.com/rss/articles/CBMiwwFBVV95cUxPVmVOMHJaNFZCWjdGUWFiREx3YVdkUWU4T0l2NlRnZUZyYThuZVJNYUJjNFk4TlE5bXJmMWRZOU94NFg4Ujl2TzY3UGs2cE9pOWFJbEpsYk1IOG8yd0FBMXRQTWFUU0ZjTHNINGlGX0RYNjFTTDJaMkxERG5GY1BXWnZaZEhXemNXYmFjajQxSlBfRUkxQ1hDVVpCWWwwY2hsSkJMNHRnVWNPUmIzRHV4TDUtdXo4Zy0ybFZQeHQwWDZOaG_SAcgBQVVfeXFMT3lBdXJCd1E2VzZEeFIzZ1hHc0RwTDhCcVNNakcwX0tLOGc1c0ZNMFdXRU9jZVZJTDI2RXJydk5kMnlYYkdBUzlmemo1UnlsWG5JaEx3S0VVQ0VOYXJ6Mk1lNVNoaDdTUVRQUW5aektmN2JOYjBjZENlM0c0ZTBtZU82eGlTa3RZejJGOU9HbE9yT21neU4tOXc0dGthSXAwOE1jRVdScUNxVGphQTlXc0NEdmxMY3FkVndUTlNCNTZMSFZETl9FRHE?oc=5,user_gn_a9372d6d,Apple MacBook Air M5 review: Perfect laptop for everyone - India Today Apple MacBook Air M5 review: Perfect laptop for everyone &nbsp;&nbsp; India Today,0,"{""publication"": ""India Today"", ""headline"": ""Apple MacBook Air M5 review: Perfect laptop for everyone - India Today""}"
2026-05-12,google_news,Consumer Tech India,HP,"Croma slashes MacBook Air M5, iPhone 17 prices in India - MSN",https://news.google.com/rss/articles/CBMi3AFBVV95cUxPTEtsUGF4dW9HdnFKN2NGS1FrdEVBaEo1SVJ5Rjd4STJzQzd0cUs2TW91UlUzNi1DdkxoeGZGSnJvRlk5U3otWUVmLVJpbjBpeG9VZVVSMUozMnZjSjUzRG4wLVY5VllMRTEzNEh2Ym1FTm9lRmNubjNLWHpfOGdBQ3lSTFV0bGlBRmpYSE5EOTBjakVwNXVRclQ3emVmaU85UDFNVF9mRTNxcUNheXN6THUzZmtkTHNsNDFST3p3ZTVZNW9sb0ZvTlRqbDhpR0JMQk9uSUk2TG04ellI?oc=5,user_gn_9cafcaf3,"Croma slashes MacBook Air M5, iPhone 17 prices in India - MSN Croma slashes MacBook Air M5, iPhone 17 prices in India &nbsp;&nbsp; MSN",0,"{""publication"": ""MSN"", ""headline"": ""Croma slashes MacBook Air M5, iPhone 17 prices in India - MSN""}"
2026-05-10,google_news,Consumer Tech India,Apple,MacBook Neo Affordable Variant Could be Discontinued: Report - TelecomTalk,https://news.google.com/rss/articles/CBMimAFBVV95cUxNdzFHcjNTc2lsLUtXVmJrTmFxZ1Q3QWdvN2xIMjk0TFBaTFNCZDdRUEhDaEFnNGp5TW1xUTJrdkN4NnViOE1zME0waHljTnlKWE5NUFJ0TkhUN2piVldSUk1qNE1nWExLN0hCWGhMNXhDS0dGSFVQRWVvVHJJaEY2SnF6ellEYk5mSnZ3dzZ0bGpfcXBrNlI4VQ?oc=5,user_gn_eaed473d,MacBook Neo Affordable Variant Could be Discontinued: Report - TelecomTalk MacBook Neo Affordable Variant Could be Discontinued: Report &nbsp;&nbsp; TelecomTalk,0,"{""publication"": ""TelecomTalk"", ""headline"": ""MacBook Neo Affordable Variant Could be Discontinued: Report - TelecomTalk""}"
2026-04-07,google_news,Consumer Tech India,Lenovo,"Lenovo Yoga Slim 7x, Yoga 7a 2-in-1, Yoga 7i 2-in-1 Aura Edition, Yoga Slim 7i Ultra Aura Edition and IdeaPad 5 2-in-1 A",https://news.google.com/rss/articles/CBMi6gFBVV95cUxPX2xzcUdwdUNLVW5rVHpPVU01Wk5uSzM4eWlKQzFNNWMzelc5ZktFaUNRLWd2eFU5TjlBN2tzbzVibDdLS1dvUmlmLWtPM2ROMEdNZ0NWOHVHR21ZS0dHOExHeXlTWkNxblA3UkF3a0Z5VlVwUkxiZkMyVVRtZlVpSURWd3VDV2o1aVp0d0JsS19KNm1wMko2cVl2elB6MG4wbnBqSkV6a0tqcXpqanlQN0NKY0NQNlhxUEdFRUNQbXVnSFBSRkJmQ0FOWU9LVVZNd3FVZFFzblViRHp1bDhNZVkyX3cySGtnY0HSAe8BQVVfeXFMTXVKZVhUNk5jYTBZVnBNYVRzazlwRHA4UnVZQjIyWEdES0I1TFNON00tWlFWUUJFSWhpdGR6UWJBT0E0M05TNE11Y3hvNWFhZHVFYkN0ck9LV3ZMODJUYkZwYzl6eWJyaC1MWHFiMS1SQlBDQ1ZMQmNlSlRmTnZhckFNTzBIN0NDejdUeHdzblF3cXRpOWgzOVBYUEdNbUdBdzVwNkFiNVVQUlhDSnE1NHVwUHhtVkZfSXNqV3k3V0NFaVR4OTc2Z05ySlU2SnB2bUxLV0J4TFgwaTJPTmFNclIxaHAtX2U2TklSeEJSMFE?oc=5,user_gn_1a446be2,"Lenovo Yoga Slim 7x, Yoga 7a 2-in-1, Yoga 7i 2-in-1 Aura Edition, Yoga Slim 7i Ultra Aura Edition and IdeaPad 5 2-in-1 AI PCs launched in India - FoneArena.com Lenovo Yoga Slim 7x, Yoga 7a 2-in-1, Yoga 7i 2-in-1 Aura Edition, Yoga Slim 7i Ultra Aura Edition and IdeaPad 5 2-in-1 AI PCs launched in India &nbsp;&nbsp; FoneArena.com",0,"{""publication"": ""FoneArena.com"", ""headline"": ""Lenovo Yoga Slim 7x, Yoga 7a 2-in-1, Yoga 7i 2-in-1 Aura Edition, Yoga Slim 7i Ultra Aura Edition and IdeaPad 5 2-in-1 AI PCs launched in India - Fone""}"
2026-05-11,reddit,Consumer Tech India,Apple,Need help!,https://reddit.com/r/GadgetsIndia/comments/1tabcpw/need_help/,user_f5edbdd6ac,"Need help! I was going through Flipkart sale and saw few good deals Vivo x200t - 50k after discounts Iphone 17 ( base model) - 74k after instant discount I saw that IPhone 17 doesn't have telephoto lens in its base model. Which one to go with? Also I have been using my android phones till now, iPhone would be new for me.",0,"{""subreddit"": ""GadgetsIndia"", ""num_comments"": 2, ""type"": ""post""}"
2026-05-10,google_news,Consumer Tech India,HP,"MacBook Neo gets a massive discount during Amazon Summer sale, available for ₹57,990: How the deal works - Mint",https://news.google.com/rss/articles/CBMi_AFBVV95cUxOa0pVX3RaYXl3S2QxWmk1c0dFalUxM1ZsWGdlTU9qdThXdkcyTWRUcnR6dThjMUNkakVheFUxMm9pSGNLZHRPbXVhUmM5NFQzWDYtc3pZc3BqNHp0VWdOQnktazhfcUgyaGJ4b3FyM21Xd1pPZVJvMXlUNWE4RXpyaldjQ2hQS09PYXhZdndMVWpEbUd1SDFoeGQyaWxLYXE1RzZ0NWdhcHhPeEg4aFJ4ZlFkc3JvVDI3c2tMVmg4d2FWOTJ6SFRSOFdOMmY5VHVuU0Nna0NnUHA0UXZteGQ0LTl3ZGdzS2pNTjJNMnVrbTQwbGxXZ2JLU09ZU2jSAYICQVVfeXFMTkNmODdmVE1qNmc0OVJrUUpJN05RUzdYdkR2NHpodEtSTW5FOWUyU09FR1V3VFAyNlduR3p0dnZ5dWdWSkFyTDdTZFJYMnpVS1lkMTU1NzZia1ZKVm1QaWFVWnFSODVlbzJudGpKc19JdG83YjJDT1RyTHBRS2VRdEF3SjhJdUxQVUx0bm0zUXh1aEZacGxsZU54MHZ3S3RSaWJqbm8zMTlsS2Z6TGxySTFaczY4U1A4bFcwU3Y4c1Ixcm5jSXhab2FaUXlCU3RnU20ta05wTG9zVzJkU1V6Rm50SEE1ODZoNXhfN3lSWFpjMGdmNEIzOVFaTTVWN3paeW5B?oc=5,user_gn_ca8a196f,"MacBook Neo gets a massive discount during Amazon Summer sale, available for ₹57,990: How the deal works - Mint MacBook Neo gets a massive discount during Amazon Summer sale, available for ₹57,990: How the deal works &nbsp;&nbsp; Mint",0,"{""publication"": ""Mint"", ""headline"": ""MacBook Neo gets a massive discount during Amazon Summer sale, available for \u20b957,990: How the deal works - Mint""}"
2026-04-07,google_news,Consumer Tech India,Lenovo,"Lenovo IdeaPad 5 2-in-1 Laptop Launched in India Alongside New Yoga Slim 7, Yoga 7 2-in-1 Series Models - Gadgets 360",https://news.google.com/rss/articles/CBMi9AFBVV95cUxOSDIwbVZWWXJwMGpxMmVSbEtPSUdsSUVZcG94X00xUmwySHFsOXVyVHNSSlVSWF9reFhiSS02eDk4RjlqckNtUHZpUVhXZnZPOVd0M2tKRDRtZlpQbGJKbkZ5ZzJ4ZkJhMENYYllfdGtIYlc1clRsWVBhWXA4YWx0Ml93bnZOZ21UTWZjVjFSMWxrLUpTZTYxX3hVRXBtYVJLWVFQUkVWM3oyeHJGcjFpVFUzWTJHM21naE96WUVxcHJYS2NvMVNQVDc1X3JONkoxdjZCRUhXZEY3YVlTajdsbGo4TXRfanprcVp6T3huSGJ5cDFh0gH6AUFVX3lxTE1mbWVrZ2cwdHJuRmRZV3d1TFBKcHo4Zk9iMWZNY3c1c2JZb3lzcTJJaUxjQUg2ajAyZG9pdTlmYUh4ZEE5TXpoeS0yeFB2bU1rT1RkU3h2VUdya2tjcldYSERDWE5zQ09OcVNJNFBsUWhzaDFIOEhKWFJRZXRGMnJyM2Y1Q0VHRHdNS2ZKWlJTQWdWZlNVMmRnbElrendOWWZ2OTFTOGpuTFJTZ2x2OUdxd21QVDhMWjFmc3Q2NW04b0xVVFRQeWx2ZVdRN1ZyTE5HSnBOVWZ0aktuR04xbThVSW5JaXhJU2NVdjhyNTdVc3JlODdKbzJ4NEE?oc=5,user_gn_364ae27e,"Lenovo IdeaPad 5 2-in-1 Laptop Launched in India Alongside New Yoga Slim 7, Yoga 7 2-in-1 Series Models - Gadgets 360 Lenovo IdeaPad 5 2-in-1 Laptop Launched in India Alongside New Yoga Slim 7, Yoga 7 2-in-1 Series Models &nbsp;&nbsp; Gadgets 360",0,"{""publication"": ""Gadgets 360"", ""headline"": ""Lenovo IdeaPad 5 2-in-1 Laptop Launched in India Alongside New Yoga Slim 7, Yoga 7 2-in-1 Series Models - Gadgets 360""}"
2026-05-12,google_news,Consumer Tech India,Apple,"Croma Everything Apple sale: Huge discounts on MacBook Air M5, iPhone 17, iPads and AirPods - News9live",https://news.google.com/rss/articles/CBMi2wFBVV95cUxQbmFrdmhsLUwtUjkwR01wYTJuaGxRU3dQZXZuYjJLelctVkE2by1SX3dEaU9ybW1TbzlPTTVkVHRsN0pNRTBtcEZwczFQZGVLVkZUclN4bVR5dzlocXM1dU5GdjlEOTl5NmRTRmRrLURFaFRHRzdzV29PVmJrN1pXaVVhWW1kV2lqSGItVG1lVW9UZEFoN1lfM0NQQkp2RWlTYnJqM2M0ZGtGbW4za3dKMXpSLVEwSXRxQUxUdE5seTRvbVhRbDdOOUNVZjhvNWhVaUVtTUNra3pkMTDSAeABQVVfeXFMTUVIQnpGWmlFV3VjaU81SmhBdWNJSkEtV0ZCVy1QWVl1OHZzeWQtRlBuREV5NUtpSS1YR2FrdEMzZTdkczAwdnN4OTBKbkNVbExPYjdKai01Zm05bHRHZms5Y1AzdG52ZFZLLTJ3YmR0ZV9IWWtqdlh6enppaEZ0ZTdZU3dPb0R4M0dBZ3EydTZUeThsRlBvQ0VFcFVGU2RqbW9Tb3RNdzdXdWhkNHFBVUdlbFNpdEdZUm95dkZtQUlPNzhWbkZ5bm05VzN2c0FYWU9XblFNdjhhV0tjOVUzeEs?oc=5,user_gn_6e508708,"Croma Everything Apple sale: Huge discounts on MacBook Air M5, iPhone 17, iPads and AirPods - News9live Croma Everything Apple sale: Huge discounts on MacBook Air M5, iPhone 17, iPads and AirPods &nbsp;&nbsp; News9live",0,"{""publication"": ""News9live"", ""headline"": ""Croma Everything Apple sale: Huge discounts on MacBook Air M5, iPhone 17, iPads and AirPods - News9live""}"
2026-05-11,google_news,Consumer Tech India,Apple,"Apple iPhone 17 price drops to Rs 44,768 in Croma Everything Apple sale - Moneycontrol.com",https://news.google.com/rss/articles/CBMixgFBVV95cUxQZ1FTUDQ0REJicEdjNEhTb29DdEt5SV9LLXQ1bHhmSXB0XzFTQy1HTHlsWm5Pc1Q1NF9tTkp3WlUwYVFOeEV0UnlWVjhIUEtDcUJpOU5Mdnhrd3U3VkFyZGp1aHh4Y2tsaVpGdUtjZVlsVWdjVXlGVGJwUmM1a3Q4Z0QzU3BwRVBMMV9OUm54RU5FaXJMc0hQbm1HTl9sY1FMZ003WkNWaERjYkh5NXo4Z0VPZHlhQkdqeTZXNmpxZGV3akhIM3fSAcsBQVVfeXFMUEtudDJtVE5TNWJfOTZJQm1ISDR0WmZQb29kUWQ5RVhIbHJVTUh2ZExjd1hOeW9RUlZhOU1tejN4T0hNMlJDcUlYWl95UWhwenZPTWdMM21DQ3NjbjE1VEJsSHhORHhqSVRRRzF2NDR3bW51MXdfZi0tUXlLRWc1R0JxcWVJaXdkOVl1WFNmYng1b01hUVI0aHNKdWNaMC1FMXBRMU1LaldDa0prY284UHMxQTgxeVpCTjJhRjdjWEs4R1l1QnBXYk5Ucnc?oc=5,user_gn_c3adeb9d,"Apple iPhone 17 price drops to Rs 44,768 in Croma Everything Apple sale - Moneycontrol.com Apple iPhone 17 price drops to Rs 44,768 in Croma Everything Apple sale &nbsp;&nbsp; Moneycontrol.com",0,"{""publication"": ""Moneycontrol.com"", ""headline"": ""Apple iPhone 17 price drops to Rs 44,768 in Croma Everything Apple sale - Moneycontrol.com""}"
2026-05-13,reddit,Consumer Tech India,Apple,Need help with buying a phone with budget of under 70k,https://reddit.com/r/GadgetsIndia/comments/1tbsb9w/need_help_with_buying_a_phone_with_budget_of/,user_cc4d66d284,Need help with buying a phone with budget of under 70k I have been researching for a phone to upgrade from my realme 7 (using since 6 yrs) Need it for: Long term use (at least 5-6 years) Good camera and videos No gaming Good battery as I have to use it in hospital for full day for reading/studying (intern) I have looked in local stores in pune S25 for 61k along with samsung charger (added by the store) S26 for 70k final price with all cc discounts Vivo x300fe which will be released this week for 72k I was biased towards s24ultra but its nowhere available in offline stores Many of the stores are discouraging from buying oppo/vivo if im going to spend this much amount of money Pixel 10a at around 70k Iphone 17 at 80k Any other phones you can recommend or comments on the above choice of phones Thank you,0,"{""subreddit"": ""GadgetsIndia"", ""num_comments"": 5, ""type"": ""post""}"
2026-05-08,google_news,Consumer Tech India,Apple,"Apple's budget MacBook Neo laptop is selling like hot cakes, company plans to double production - India Today",https://news.google.com/rss/articles/CBMi8AFBVV95cUxNMHpmWXBhOEdBUjFGSWpXY3YyV3AzUTVoazZPbnJpTUl0V1VuMURDRjZxSTJmVzhtTUZLZ0VZTFZRS2NaTElyR3pYUTlyVkFieGZDVDJqNlNTa2RscUJrblM0N2hTQ0QtNnFpeDZXYmkwTUhrbkRvWl9BRGdNdEpYUE9GRk85NWdyM1ktQWVKOFR1bUhSSzNXcksxbHVJYk9TQnRlT3dxYm1WYkViamxlTkNZaGMzdFVUZEhpNTJaMEtOaUpQVVpkVmZvZjFrWW1xSWpfZDc4bWNqMk12dDlDM0FiS0E0cVBwRkdBRTB6VVTSAfYBQVVfeXFMTUpNSEd2WDctckZWanpDQkhEVC1EcnZXNGtXS3JkVkttbEJfNUIwakdIU0JKVncyLTIzT1ZsbmFEMHRhWktwa29CWVExYWIyRWdYdl94aWhjT0ZMRDFIUGNEZ3IwUV8xQ0taSE10YUpSZjQ0WHBBb05TUHBfQnpmNE91Qzlxb2FjWUZqZXk0VTB6a01kc0RYMTJfazFuY3NQbHQzUXAxbkdYWVRzRmhySUt2S3RBZVVlWVVJSW9VSVhXVG5MZnA2b05xa1ZfQWtoa2NYTWtpM1dDenVLMDJpN1premRwNHRUYzhZSkxnamIzMXFfZUJn?oc=5,user_gn_a9372d6d,"Apple's budget MacBook Neo laptop is selling like hot cakes, company plans to double production - India Today Apple's budget MacBook Neo laptop is selling like hot cakes, company plans to double production &nbsp;&nbsp; India Today",0,"{""publication"": ""India Today"", ""headline"": ""Apple's budget MacBook Neo laptop is selling like hot cakes, company plans to double production - India Today""}"
2026-05-13,reddit,Consumer Tech India,Lenovo,Lenovo’s fully transparent laptop concept anyone know why it fails,https://reddit.com/r/GadgetsIndia/comments/1tbnrkx/lenovos_fully_transparent_laptop_concept_anyone/,user_b758d33d1f,Lenovo’s fully transparent laptop concept anyone know why it fails,0,"{""subreddit"": ""GadgetsIndia"", ""num_comments"": 6, ""type"": ""post""}"
2026-05-06,google_news,Consumer Tech India,Apple,"Apple MacBook Neo review: Intentionally provocative, thoughtfully brilliant - India Today",https://news.google.com/rss/articles/CBMi2wFBVV95cUxNVFpPT2hSZ3RQejcwS0g3TElYZ0R2aTlwWVFQOGFYT1d4ZjRYc0E2NWdOREl2OURIV25TUVRZQmFkOVNlT0g2RU5PM09CU2RzeWx2OW9XMUZQb0FsdzVkZGU4SDlOX0I1Q1VLMFVka1dsVGFhOTFtQ29MNkVNcUtfa1Q1TTVJMG4zTVRfYkJEQUFGT1hJNVA1dE5fUFQ2QTBJbzdYcnlPRUtRZVRnNGNNSEl3SGFLNkdBZkd2VmNCM3FUTU5NYlF5eDJsQ1hpWEhaSzhGZVY2MTgtZHfSAeABQVVfeXFMUGVuSTYxai1RT1J5SVpLNU85WGtDbEJqckV2TEoxXy0zSVlVMHF1LWRELXZtNTc1UFQzRHZHUHRzOWVCaEFDYjJocUg2ZHpSZ0wzRkR5SUxxdmk2SDIwYnFydTNfaUxhZmROTDJZdzJmSGJqWWlQM2QzS2F6alFJd3Rwc2JkeDRuMFpCdzNRdkxpWFFLMUJLLUR2RDRKWkVSbVNwdUNudnJETGFmT1NtRi16cmNQOGs2RHNDUGMxUWk0aE1wYjk1OFZnQ0tFcllURy15M09iMVR1cHNrcmpxeW0?oc=5,user_gn_a9372d6d,"Apple MacBook Neo review: Intentionally provocative, thoughtfully brilliant - India Today Apple MacBook Neo review: Intentionally provocative, thoughtfully brilliant &nbsp;&nbsp; India Today",0,"{""publication"": ""India Today"", ""headline"": ""Apple MacBook Neo review: Intentionally provocative, thoughtfully brilliant - India Today""}"
2026-04-03,google_news,Consumer Tech India,Apple,"Apple 50-year anniversary sale: Up to Rs 10,000 discount offers on iPhone 17 series and MacBook Air - India Today",https://news.google.com/rss/articles/CBMi9wFBVV95cUxNaXBpSnViZVJ4TDV0ZGRzT3lySHhVNl9aV0RZWDUtVnRYb0RfUVZjeEx5NjJNVmhqWVVtTEdDOUxWdlJMb19IQTRsb2piUHc4Y3JsQlptcVZhUDltM0xSaVJmUW9xVGRKcDJqa0NOYzhwcURxRGp5cHZGdmVCdEFTVzFsWHVJVmhraE9pOUUxbjJRbGpibk1ONjMyYkUzWHRzd0l1Z3Q2TGxHU3FHZDJCWUc0QVg0OEo5NlBMZ21MbEZKdHpRUTRCRThlWi0tUG5PZDR3c0w5aHdsUy1QZk9YZy0xaHh5UVltRjZQbE9LOVhYYURxTFZ30gH8AUFVX3lxTE9LTGwxOUdlemc2QUtxQlkxM05NRmpGSERQX3hCNzFiYVRXUzJWNXp3bkh5M0ZSWV9fTlhwZG1VWjJNLV9EbndRZC1sNk9JTU90WWx2VDVQYjFBSFRuVEVxUTJIZnhiXzYwa2JnaGZNaEJzWmVZMDBFb1dVT21vekZaY0lxakNPaGxnMWxMcmhabEQ5Z0pXSWVlTG5fTTk0b3F5eFNlRjBFeVd6RjRkU2lyTHFpRlczdDlacFFwc0ZTUklUTVlxREJ1LXY4LXp1U1pCZFJreDNsa0ZJaWRxcElldGlBU21FZ0lZd0NQSTdaQ004WmhSMHlWNmtzTw?oc=5,user_gn_a9372d6d,"Apple 50-year anniversary sale: Up to Rs 10,000 discount offers on iPhone 17 series and MacBook Air - India Today Apple 50-year anniversary sale: Up to Rs 10,000 discount offers on iPhone 17 series and MacBook Air &nbsp;&nbsp; India Today",0,"{""publication"": ""India Today"", ""headline"": ""Apple 50-year anniversary sale: Up to Rs 10,000 discount offers on iPhone 17 series and MacBook Air - India Today""}"
2026-04-08,google_news,Consumer Tech India,Apple,"Apple may have a big problem with MacBook Neo, it is selling better than expected - India Today",https://news.google.com/rss/articles/CBMi4AFBVV95cUxNLTk0ZDdxWFA5czBBTkwzaFlJNXdTd0dhMXhMUmJ2UXQ3ejNvaHdHYWdmRHg4TVdvU05jVE5NekhlaEkta0RZVVRwQ0ozTUVDRk0xR1liSGJ0Wk8zdG5ac1ppLVNNMlVPZ3oxVUdLaXc4SUlaRU1HSWhzQ1diN2hoZDVJZEJZcTlCSWtDLWN1Q1BEVUtEa3VTZUFZYlkwRmVRTUdhQk1kNHJqQUlhY1Nick5oQlBZekZycFM2MzNwVC1oRlh6b0Y5TnRja2t1YmdCMHdPVGFZTkZKeWhVUjR3dtIB5gFBVV95cUxQS2MtT003VWtkdzZjZGpiY3E4OVlJc3BWYmRwLTh2N1JFUGN4UGFXejJlQ21tOUZVU0VqQkxtZW82VWtGZm9aWVdZTThIbm5SRnV5bEs2YUlUdWxOX1RXa2NXLWZwY3k4dk9DN3NhRmI4WDlOZW9lX0xZRHlib2dIektXVU5KVGlMb2RSVUF5ZWFFTnNwUlZDN1NhTnBJNklPc1RDRFRFaGh3LWZUR2ZyalJLdEQ3anh4WGFZTmhlVUpMWG12WUtqYW5qeVlfcUhXQVZLTVl6cXVaOE03Z2Q0c21YaGVzZw?oc=5,user_gn_a9372d6d,"Apple may have a big problem with MacBook Neo, it is selling better than expected - India Today Apple may have a big problem with MacBook Neo, it is selling better than expected &nbsp;&nbsp; India Today",0,"{""publication"": ""India Today"", ""headline"": ""Apple may have a big problem with MacBook Neo, it is selling better than expected - India Today""}"
2026-05-09,google_news,Consumer Tech India,Apple,"MacBook Neo Price in India Discounted by Up to ₹11,910 in Flipkart SASA LELE Sale 2026 - Gizbot",https://news.google.com/rss/articles/CBMivAFBVV95cUxQaHExOVpFd2JXV2tzWEFDemVaaEI3TEM2SkhvMzdZWnFVYWhmdC0xQkhUYWVFa3ptUElkTGNfT1FFZVhKS2xVWHJLM0FVNElqOWkxdGpZbVZ5RDlDVV9yZG5jQTc5ZUtQbUJ6ZXZoMk1IdVdqbTRMSUU5Y2kxaUlUQVUycTBseTdPb01xY0VybzBIRFNRbG13czg3Q1BBYldoTUlVYXdQaE9PZDRpcm51elp2aWxrNUVxanRneA?oc=5,user_gn_d885d4ff,"MacBook Neo Price in India Discounted by Up to ₹11,910 in Flipkart SASA LELE Sale 2026 - Gizbot MacBook Neo Price in India Discounted by Up to ₹11,910 in Flipkart SASA LELE Sale 2026 &nbsp;&nbsp; Gizbot",0,"{""publication"": ""Gizbot"", ""headline"": ""MacBook Neo Price in India Discounted by Up to \u20b911,910 in Flipkart SASA LELE Sale 2026 - Gizbot""}"
2026-04-20,google_news,Consumer Tech India,Apple,"Apple preparing major MacBook Pro overhaul, launch timeline leaked - India Today",https://news.google.com/rss/articles/CBMizAFBVV95cUxOR2lBc3NkVzBIaC1hNGdvY2xLVXljZEloeHVGaUt0ejR0dXc5MC1RVjRqTXBGeVl2OW1pYmsyeldfNVNJVmhlSmxsQ3otUVpONEcxNk5SeHB5c1VCNXl3Z1VOdGRTWG9Sc190Qm5mRWZSbmczd0lIbUsyZDhhcTlRMW9XQUJBVmFOMVlSOXhBd3FSLVJHbzlDTXBkSE05LVlHb1pUN1UxR0hyX2drT1FRYy01Mm90TndUZnl6dTkxa01qMUFRMzJCWkU5UnLSAdIBQVVfeXFMTmJHVGhtTkV5QV9HVnJ4ZW9lS0dJOERVMTRWRWd3bVVBVGZLaDZLbnJqdVJ5ekI5SlZJTHpyLW0yaE5hVU5QMFR1cndRVHZEbll5R3lkMzRKVlNjRkkyVWRwdVRVbEFOdUE2bXRLWVlvYk5YVWZsLVNMV0laaHZQaVF5RUhFQmVyamE2RDVMLTRCcVNPSkJGaDB0b2lXQnFUZUw0VFZJOU9fTDN6VVBsQ2xSTkp1LTIyZUhDOThPcDdwMGlidTJ6T2hnSXB0UkJXVkF3?oc=5,user_gn_a9372d6d,"Apple preparing major MacBook Pro overhaul, launch timeline leaked - India Today Apple preparing major MacBook Pro overhaul, launch timeline leaked &nbsp;&nbsp; India Today",0,"{""publication"": ""India Today"", ""headline"": ""Apple preparing major MacBook Pro overhaul, launch timeline leaked - India Today""}"
2026-04-17,google_news,Consumer Tech India,Apple,"Apple’s MacBook Neo Is Sold Out For The Rest Of April, Both In the US And India - smartprix.com",https://news.google.com/rss/articles/CBMirwFBVV95cUxOdTJmWHhrS0EyajRYaWdibmJWUE95OW9iS1pjMGdILTlrbDk1Z1M3ZndZYVpRbFZoTW5kbVZ6NkFNeTVGc192MXgxN21QMjVia0xSS1RZZDJqQnloR2poZ3ZjRWI0TVF5bFdxMFFjVGVSeUZ4eG5kRS1udTZQTV93VGlqUEk4VGI3SnpqTnNXREFUMkk4UzloVHhHUE1hU2lndUZydFVoQkxyYVhPeVRr?oc=5,user_gn_ef4ec5aa,"Apple’s MacBook Neo Is Sold Out For The Rest Of April, Both In the US And India - smartprix.com Apple’s MacBook Neo Is Sold Out For The Rest Of April, Both In the US And India &nbsp;&nbsp; smartprix.com",0,"{""publication"": ""smartprix.com"", ""headline"": ""Apple\u2019s MacBook Neo Is Sold Out For The Rest Of April, Both In the US And India - smartprix.com""}"
2026-05-11,google_news,Consumer Tech India,Apple,"Apple MacBook Air Deal Drops Price Under ₹58,000 - My Mobile India",https://news.google.com/rss/articles/CBMikwFBVV95cUxOcGJ5S1BRX3VVX1A5MW9HN2NzVmhILUNacUJBLURvem11YTlNaTNsOU50d05ZdU12Zi1sSGk2ZjM4T0toczJMOVJsUHItM2lmNGUyT3M3aVlNeDdqanJQZDg1d3BhM2pCaWszTWxXUU5wQzZ5UEM3WmloamVaUmhOcld5aVUxem5wTlpfTWIydC1iZ2PSAZMBQVVfeXFMTnBieUtQUV91VV9QOTFvRzdjc1ZoSC1DWnFCQS1Eb3ptdWE5TWkzbDlOdHdOWXVNdmYtbEhpNmYzOE9LaHMyTDlSbFByLTNpZjRlMk9zN2lZTXg3ampyUGQ4NXdwYTNqQmlrM01sV1FOcEM2eVBDN1ppaGplWlJoTnJXeWlVMXpucE5aX01iMnQtYmdj?oc=5,user_gn_8a34b6c5,"Apple MacBook Air Deal Drops Price Under ₹58,000 - My Mobile India Apple MacBook Air Deal Drops Price Under ₹58,000 &nbsp;&nbsp; My Mobile India",0,"{""publication"": ""My Mobile India"", ""headline"": ""Apple MacBook Air Deal Drops Price Under \u20b958,000 - My Mobile India""}"
2026-04-06,google_news,Consumer Tech India,HP,"MacBook Neo price drops to under Rs 40,000 on Croma: 4 reasons to buy and 1 to skip it - India Today",https://news.google.com/rss/articles/CBMi8AFBVV95cUxOTF9DUHBET1Frdjl2SUxQUjl3VjBaZk40cFJUQU9qVVgzcHl0VWpkMFhFTjNCSktwb2NwbmdNUEprSTVQWjR2ZFI4QXB6RkZkeG9xdlhYZ2s1NE1qeGU0NzNaWU9DaG5QYzRGc2U3VTlpYkVpalVYX0RXUjBhZFB0cE1EWjB2akVGQ09sc3Vjd1p3RWp3Ul9YRi1Nc1pWcUFBWXFXVHZ2NE44ZkZsQzJoNWhkQmE5UF9veTdIZFA5TWIxSm5lYURCUjZpcmhLdzZyM0ZiV0dCMFNEak9qbEFETDdhWmJYS0czNWQxOXN4aVXSAfYBQVVfeXFMTm80RzVOMWpOemZSWXlRX0VDN2RDaUFDcUlfZUQwRjhPSHkxMy11X0lJc29FVGdFTWJqUDNEbXAwQU9EUXBqdmg0ckdJN25LclE3TnhPMm0wYnJXWXB0MnNDejR6QXFTbWVtYldTeTRpTmdCaHVIbVZwVEFCbEtOMHJkZjhTSDFBRUhoSHVyZ25KdTctclNUWVRsdHlaMnN0ZzYwSWt2UWhwRE9nS2FXWGxaaDdMUHNmTE10alI1NUt0STR5eDVlVXUzMTJaVms3UWtpelFsc0tvYkVKejZSUXE4R25XQTBVYzN2LXItQW4tcmJLSXhn?oc=5,user_gn_a9372d6d,"MacBook Neo price drops to under Rs 40,000 on Croma: 4 reasons to buy and 1 to skip it - India Today MacBook Neo price drops to under Rs 40,000 on Croma: 4 reasons to buy and 1 to skip it &nbsp;&nbsp; India Today",0,"{""publication"": ""India Today"", ""headline"": ""MacBook Neo price drops to under Rs 40,000 on Croma: 4 reasons to buy and 1 to skip it - India Today""}"
2026-05-08,reddit,Consumer Tech India,HP,Tell me what am I missing here?,https://reddit.com/r/IndianGaming/comments/1t76o4q/tell_me_what_am_i_missing_here/,user_aff21c3208,"Tell me what am I missing here? I am here to tell you about a strange experience i encountered yesterday I posted a 1650 super for sale around 7.5-7.8 ( no warranty, no bill) And people FREAKED THE F OUT. People started saying things to me i couldn't believe, people started cursing me , one said I hope you are never able to sell this bs. One said bro take a moment and look at yourself and ask why are you doing this , are you Being ethical? And I was like What the actual f . I didn't understand what and why was this happening Because to buy the same card it was costing me around the price I asked. Now take a look at this All of these guys are of pc parts reselling groups and communities which are of all over India . A lot of people with pc parts shop , a lot of individuals. In total these groups have around 2-2.5k people. These are the prices 1. 1650 super , no warranty no bill selling for 8500 + shipping 2 . 1650 , no warranty no bill no box selling for 7500 + shipping 3. The third guy which was selling a 1650 , no warranty no bill no box for 8k , ASKED FOR 1K MORE for a box that's of a DIFFERENT company and a DIFFERENT card....... 4. The fourth guy which was the most reasonable of the guys selling a 1650 super no warranty no bill no box for around 7.5 told me the same thing about the pricing that I was getting. These are prices going on for this card currently and PEOPLE ARE CONTINUOUSLY BUYING. 2-3 people bought it for 7-8- to even f'in 9k infront of",0,"{""subreddit"": ""IndianGaming"", ""num_comments"": 15, ""type"": ""post""}"
2026-05-04,google_news,Consumer Tech India,Lenovo,Lenovo Yoga 7a 2-in-1 Now In India - Dailyhunt,https://news.google.com/rss/articles/CBMitwFBVV95cUxNdk9za25EVjMybi1qYzdyeDcxcEpZTnZVTnJsMXpOMXpmMGlOam5hSzA2ZGRfVTNrUE1uNGFEbG45TzBsSTVrMllHQVpsejFtSThmV04yRGc2LXVXSXZWdUEyTmRCeFZFRzdOS1p5aS1KTnZtT0hPa2dMZnFlNXVWUDllZFBBTU1JRzBSME1oNGZTTWt3dGdacVR2WGFPWnVPY3NlRFh5S1NVZUJoMk1xalFZa2JyU2s?oc=5,user_gn_5941181d,Lenovo Yoga 7a 2-in-1 Now In India - Dailyhunt Lenovo Yoga 7a 2-in-1 Now In India &nbsp;&nbsp; Dailyhunt,0,"{""publication"": ""Dailyhunt"", ""headline"": ""Lenovo Yoga 7a 2-in-1 Now In India - Dailyhunt""}"
2026-04-07,google_news,Consumer Tech India,Lenovo,Lenovo Unveils New Yoga And IdeaPad AI PCs In India - BW Businessworld,https://news.google.com/rss/articles/CBMimwFBVV95cUxQX25qM19GUmNjZWxsWkVkSWV3ZXg0VDVOd1lTd1JkbDRDQkVYM0hfb1JmWVBtSFFaYkMwbjJXVURCOFVsblFZMHJLQ1hnRFFSd1J2SnR6cDJaMVNjeHMwN1hvRTdDU0NGb01LekZJMUI3SjJValdHcDZsWDcxalFfeUY4dVZBbDFjZDhlNDhhbUFEOW9FQzBPNFoxRQ?oc=5,user_gn_3768c6e9,Lenovo Unveils New Yoga And IdeaPad AI PCs In India - BW Businessworld Lenovo Unveils New Yoga And IdeaPad AI PCs In India &nbsp;&nbsp; BW Businessworld,0,"{""publication"": ""BW Businessworld"", ""headline"": ""Lenovo Unveils New Yoga And IdeaPad AI PCs In India - BW Businessworld""}"
2026-05-11,google_news,Consumer Tech India,Apple,Indian app developers showing global impact through Apple ecosystem: Global VP Susan Prescott - Moneycontrol.com,https://news.google.com/rss/articles/CBMi6gFBVV95cUxPV2dMN2lWc1YtSnFmTkRFdExhZ29oRWM3X2dzcG9UdVlxM1hUMkhEWmIwMVloS1JGVEdnY1RIWlNxUUI1ZzlfSUtVN2ZRc255ZjFTVG1IaEc5S2FQdjI3MVFmaHF6RjA4Sm45c1ZVNWRXVUg2LWEySlJWb1I2dlZ1TVJQbF9SZ09rNGNkazFmU3ZmalpJM3lZZmU3N2VhVVlXc040Rk1GQjVOeTZaUW94OHFZUHJYcjF3cmhEOTlJZlMtdGktZkpFMllFMHdDLWJuNnlJT3IwQmNKR0t3bnJ6WDM5MGd6SEIwX0HSAe8BQVVfeXFMTl9ZY1ZiSU5UR25HMFJHeEtLWkVEZG5uaUhKXzhfWExfTkFmeGowY0dsRW0xdktaQlFNdF82QXZGWXVTVHVoYlVfTExZRDZITF9DSFFlcjJzQmR0NWZ0MFh6NDdsWWl0UzJRemVQbU5YaklnV04yTjVYSUZJcF9KWmtoV3E2Ym5TamlJSnNoaVg1UHhnMEpYMFR1LXQ2Tml3LXY0VnA4MktUTlFVck9SMnhOa3Y1Vl8wd2JpaV9OWDVLdkU5anBVd0NKVU83aVhuZmliUU1pYlNkemhCSFZBV0hLWEFua21Bbm9LQ2JabVU?oc=5,user_gn_c3adeb9d,Indian app developers showing global impact through Apple ecosystem: Global VP Susan Prescott - Moneycontrol.com Indian app developers showing global impact through Apple ecosystem: Global VP Susan Prescott &nbsp;&nbsp; Moneycontrol.com,0,"{""publication"": ""Moneycontrol.com"", ""headline"": ""Indian app developers showing global impact through Apple ecosystem: Global VP Susan Prescott - Moneycontrol.com""}"
2026-05-12,reddit,Consumer Tech India,HP,"[SALE] High-End Workstation/Gaming PC | i9-14900K | 128GB DDR5 RAM | RTX 4060 Ti 16GB | 34"" Curved Ultrawide",https://reddit.com/r/IndianGaming/comments/1tbhbhj/sale_highend_workstationgaming_pc_i914900k_128gb/,user_fa016d491c,"[SALE] High-End Workstation/Gaming PC | i9-14900K | 128GB DDR5 RAM | RTX 4060 Ti 16GB | 34"" Curved Ultrawide **• CPU: Intel Core i9-14900K (24 Cores, up to 6.0 GHz)** **• RAM: 128GB XPG Lancer DDR5 5600MHz (4 x 32GB)** **• GPU: MSI RTX 4060 Ti Ventus 2X 16GB OC** **• Motherboard: MSI PRO Z790-P WiFi** **• Storage: 3TB Total (1TB XPG Gammix S70 Blade NVMe Gen4 + 2TB WD Blue HDD)** **• Monitor: Samsung 34"" Odyssey G5 Curved Ultrawide (LC34G55T)** **• Cooler: Ant Esports ICE-Infinite 360 ARGB White (360mm AIO)** **• PSU: Cooler Master MWE 750W V2 Bronze** **• Cabinet: Ant Esports Crystal White AESP0229** **• Peripherals: HP Gaming Keyboard &amp; Mouse (KM-300F) + Finger UPS FR-1250** **Reason for Selling: Personal financial situation.** **Invoice/Warranty: Original invoice from Cyber Peripherals available.** **Asking Price: ₹3,40,000 (Slightly negotiable for serious buyers).** **Note to Buyers: As most of you know, high-capacity DDR5 RAM is currently in extreme shortage and retailing for massive premiums. This build is perfect for AI development, 4K video editing, or high-end rendering.**",0,"{""subreddit"": ""IndianGaming"", ""num_comments"": 6, ""type"": ""post""}"
2026-05-01,google_news,Consumer Tech India,Apple,"“I am over the moon excited about India,” says CEO Tim Cook as Apple looks beyond the iPhone for growth - The Times of I",https://news.google.com/rss/articles/CBMiiwJBVV95cUxOVWJUMWM4SHVsME1tTTVEdElFRzYteVI3TGpyaW1WUnZ1WHc3NUlxNkRIclo1RUZCQXdhLW0xSzAxZDBxRFBQcDY4NjhpU0dtaWRMb2pvT0NneUdSUndTMUFab3pDU0dCdEwyYnQ3OGx1N0x4aWxSNHpDOXJzdGUyd2NrY0hERU1fSDRmRzZGcEdwV080TmxpQXRkRU16ZXpidkJPcTBwZlpuOUJER2JlT2lKZ3R0WVhWVlhHRERuejY3YV9JNm5YNTFfX0ZjNzlWOUFoa3hvZ05RUEVmaGpRTlJrSlRJMnhMNDB3V251bm1HTnYwSHNlTnE4SDRXbTU0ZVc4SnpqM3lZZ2_SAZACQVVfeXFMT2x6cUhNU3dVODc5NmNjdnpfS3pSYXlBWVVLblhzOGc2U3dZWmdWNExpM1hPbkJRMGJmTkp5NVNSTnYxM1U1Q2s4a3hpS2lyWXRJNm5PcHJWSnpSQXcxbDlsQjduOGtrSUN5QVhDSFhocmNGQ2RzTTBZanhEVGRhM0lpcVpMMERtYjlLbDV1S3BPZGhraVNGY3FtbG1IQ2hSdFZHRkJZM2d1MllwUTVqLThMVWYwUmpKaURLOGxKcllrM09Sdmd2ZU9XR0NRbTFQbnB3OWdkYkQydGt2aVQ1bWMxRTZPUnk4VDNMR19OMTQzNEdLMEpndnd4bU9ONkxRRHlsYVhuR3lZdkluUE5XbE8?oc=5,user_gn_5ae29786,"“I am over the moon excited about India,” says CEO Tim Cook as Apple looks beyond the iPhone for growth - The Times of India “I am over the moon excited about India,” says CEO Tim Cook as Apple looks beyond the iPhone for growth &nbsp;&nbsp; The Times of India",0,"{""publication"": ""The Times of India"", ""headline"": ""\u201cI am over the moon excited about India,\u201d says CEO Tim Cook as Apple looks beyond the iPhone for growth - The Times of India""}"
2026-05-12,google_news,Consumer Tech India,Apple,"Apple MacBook Air M5 price reduced to Rs 74,619 on Croma: Here's how to get the deal - Moneycontrol.com",https://news.google.com/rss/articles/CBMi0wFBVV95cUxNTzdyQmF4emdPNHZ1cTlQWkFxMmNOLTB3M2Q5Zy1vU0RMbTljNHg2MDZxYjF2TU42bHNEZjZaRUg3RTlMc1dBTFR2SUxTeVI3S1VCdDd0azg3aVhEdTRjckhPbXBhU3hmbzEyeGNMVEc4NDZESW9VVmJ5VzJsTm5YazhRTWZNVDkwS0xLT0NIR0RCcG82N1JvYWZNcmhaX2pybjEzeV9GLW9WeEQ3QTJNSDBKYkxDQzZvUVJTU05RbEpEYXhhak5Pb05odG54RGVmVVFB0gHYAUFVX3lxTE9iUUNGaDNfTjV1SWwwQkNRTm1fVVRRM21kLTFMcDlrSnpORWZ3OEZEV0pvTFFaWGY4Z2NHT1dxOFVxYVlKakI2Z0dqSU5SX2lYNUVnWm54eGNoNXZtRmZQeW1kb2tPOHFjVm1feWRCTkVLODJ0clB1RmdCeHJNYTNySXAxSUdNVkIxcTRfZTBlaGJqSFJqREFFRDV4WTBwbHdMYUtCOWcxN0RjZ2x6N1ZfOWpCbDQ3T1pHVnQzUmFMVzR3S2FSYlNRSWE0eXRqdVNvUTM1c2l3Rg?oc=5,user_gn_c3adeb9d,"Apple MacBook Air M5 price reduced to Rs 74,619 on Croma: Here's how to get the deal - Moneycontrol.com Apple MacBook Air M5 price reduced to Rs 74,619 on Croma: Here's how to get the deal &nbsp;&nbsp; Moneycontrol.com",0,"{""publication"": ""Moneycontrol.com"", ""headline"": ""Apple MacBook Air M5 price reduced to Rs 74,619 on Croma: Here's how to get the deal - Moneycontrol.com""}"
2026-05-13,google_news,Consumer Tech India,Apple,"In Apple’s world of code, India’s young creators are finding their voice | HT Tech Insider | Technology News
(HT Tech) -",https://news.google.com/rss/articles/CBMi5AFBVV95cUxQZUhFMDE5eXFCRldOcHpuU3dwb1ZoY0ZLSlNvNU9kNnA1WTFqLS16RTlZYmJucFdlSmtDYld6VURIRzFmcXU2ME9XUHNIUDJZcm5vc1dNT0FTUjJVY3JJUXRqeXV3NW42TFNwLVJ2bENDNFFIM3RUWkZMb3JfZGozUUJlbEtmeXM1SmUydkZsTDNJZl8ya0JkNG5qYTQ2aXFjeEVXWElPZW4wbjVCZXF3T0RXQnczdlZVeU55ZEtaZDJ2ekp5bjh3a2p4R1VRVlBmOUZ0VVdURHdMdmxTWUk4U1FIbXHSAeoBQVVfeXFMT01RekV5c1J3bW91Yzgwb0NFNDI0SmpMNm9GZFJIa3VIdHViV21QOWdiQTAtRlE3ejF4Vm9hSnZtOXFRNFFqNmo4Q1ozY1VLOWJUVVZTRG5BMEItbkxxbG1sQ3ZMYXdydEJVZHRRNlFIb0NLalh6Ty1BZzc5SGxJaU1vdFBTdk95R0JhTUdBLV85ek9uTWZPOTh0M0x1TFVoM0VtV2IyRHhGVUFtU0liZlltalk1Vm1JNWxSekFEVEwzNTNULWhnbHNJZEMtZ0l4ZFE2d1BYXzRiUlh6Ymp0aTZWZVRsYzNoUUpB?oc=5,user_gn_99971f10,"In Apple’s world of code, India’s young creators are finding their voice | HT Tech Insider | Technology News (HT Tech) - Hindustan Times In Apple’s world of code, India’s young creators are finding their voice | HT Tech Insider | Technology News (HT Tech) &nbsp;&nbsp; Hindustan Times",0,"{""publication"": ""Hindustan Times"", ""headline"": ""In Apple\u2019s world of code, India\u2019s young creators are finding their voice | HT Tech Insider | Technology News\n(HT Tech) - Hindustan Times""}"
2026-05-11,google_news,Consumer Tech India,Apple,India emerging as a hub for app innovation: Apple - The Times of India,https://news.google.com/rss/articles/CBMizwFBVV95cUxPaWY1ZFdTTUJDaVh2c0ZDM19QQ01xanJIMGxKQUItWHlKQlRWWFdFM3JtUnU0TGg5X0pCWXBUaWpXbTJxSlNNOVdoNGZ0Z1R3eFZXdkNsbUstWk5ZVENyNDJjMTV3Z3pvVUxzZWU3Z1cwdmluTGZidEV2Y0JzSGU1YjYxUndMcl8zQ3BTVEMzMHN6TlVLbEpVUm1Oc3BlbmZVR0ZObURWX1EyVlE5b2NYV2x1djZHTGhadFctVlk4b1pxa0RsSUNESGtEdmVzbWPSAdQBQVVfeXFMT3ZNSG9HVXl3YlVqdE9udkdTTmpUN3JQVUcwVjZnWnhweDI4NDQybS1QWkhiTmJ2NVNFMzdERnhCZjA0RFREWjVVd0U2QkJCMWc0SW5vUW55N3dTdHVQdUNidVFCejdoMFdZd2tWZVlOWEwwU1Zaa1FFNWlLRG1PVFJ4RWN0dWh1QXNyVVZyaFRxcHNWdzRNbDQzMl9Hbm5MMnhzc1ZuYmEwdnNaMmJ3eU9FUWJyaUlyX3c0Z0JNUXEzcXBmNklya29va3pNQ3JzZmhiYWU?oc=5,user_gn_5ae29786,India emerging as a hub for app innovation: Apple - The Times of India India emerging as a hub for app innovation: Apple &nbsp;&nbsp; The Times of India,0,"{""publication"": ""The Times of India"", ""headline"": ""India emerging as a hub for app innovation: Apple - The Times of India""}"
2026-05-12,google_news,Consumer Tech India,Apple,Apple Commits Rs 1 Billion To India Clean Energy Push - Construction World India,https://news.google.com/rss/articles/CBMi2AFBVV95cUxOTVBoQjlNVTVfWi1FLTZvUUkyYXlMX2pfeEJWTGNleUxQTkhQTzZ6LWJhVUY4Zk1rb2RJZXBBQURNRXBKNXBUUzV3dTlJNUlpR3pjQXRueE9RdTU0LWlUc1g0ZVFUSDdTNnZBOTZrMGVaem5GX2FxOExkR1VaWkJ3bk1HUS1zMjNybmNBSW90TWNfUVk5VVZTdGdVTXA4My1HOThETkxiSDZobGpoTW9fMHV2a0UtUVNIRVRvV2xpVUpNNjJVaXUtSUdnQWVfVFNpT1FmbWlicVI?oc=5,user_gn_472b359c,Apple Commits Rs 1 Billion To India Clean Energy Push - Construction World India Apple Commits Rs 1 Billion To India Clean Energy Push &nbsp;&nbsp; Construction World India,0,"{""publication"": ""Construction World India"", ""headline"": ""Apple Commits Rs 1 Billion To India Clean Energy Push - Construction World India""}"
2026-05-13,google_news,Consumer Tech India,Apple,Delhi High Court issues notice to Google and Apple to act against obscene apps on their digital stores - The Statesman,https://news.google.com/rss/articles/CBMi6AFBVV95cUxNaUhiZ1RyalpZUXhkZTJwR0x5ME93Ql9DU2w3bnZ4cXp4YjE1ZTFOUnJMNE9HSHU4ejZZTkxZS2NHemtZNS1fbXZmR21NR2R2Z3hvLUlMemdyeUpvZUF0WGVyamJJTWtCSGxWM1dqMlN0dnhGUUV6WF8zN3hJS0lPZnI2YlN5UDFQT180MmFNRUIxV1FxWnhaV1QxQmo3aUxtUGF2STl4ejlKdnM5T09PQ01wdzZHVUFXcFdYblNDeHhSUjcxaHV0VWpHUmN5QnVES0tQQzdFbXRYaTc3dTFXSVpHdDNIVjVX0gHuAUFVX3lxTFBrZFd0SE5sMFliMHlnNElfMnJxUGU3TC1pbWxRXzFoMzZTV3VIdjU4UmcwYkVnbGt3aTBmZlRtRllBWlZVQmk1N1VkWW45Y2hWWU9YSnJsZXdHVzBMcWxRSGJzSTBLWWpIdTlHclZUaG1ZV18zak1kQ0dBZmlCaHZHT0NPcjA3TUM4MWRUU2Nxb1BDN002MEZGNndOU3ZDNFBpYW1NR1hyMTFjNTdHWnBNYmx2Sm5Tb3JRdGYtYzkwVGxycmNiNExhQkFkRkxJeU85Q0lJZW9tMTU5RDd3aXRpSDl2TUdXMXgyc2NtRkE?oc=5,user_gn_90209550,Delhi High Court issues notice to Google and Apple to act against obscene apps on their digital stores - The Statesman Delhi High Court issues notice to Google and Apple to act against obscene apps on their digital stores &nbsp;&nbsp; The Statesman,0,"{""publication"": ""The Statesman"", ""headline"": ""Delhi High Court issues notice to Google and Apple to act against obscene apps on their digital stores - The Statesman""}"
2026-05-13,google_news,Consumer Tech India,Apple,"Delhi HC directs Google, Apple to act against apps promoting obscene content | India News - Hindustan Times",https://news.google.com/rss/articles/CBMi1AFBVV95cUxQT0RLSWZ2blFCS3pORVBIY0VTZEQxWUYtVURUc1czNFBDTURnTXVBUXFrbGVsZldVeW1nWVFJRlUxQTZDMlZ5ejV5Yk00WmZTWXhQd3pxR0FlUVNudVFXN3VRZW5IQVlkdGdjMFhsNzFNd0l6YmJ0N0w0NF9Cem5CQm5wLWtJc01iS0FIeEVWNDNidXpBeldtal9wZy0yMUtRM1R1TFBVREI0XzEwVjBfTXRsaTRLRzhsSEEwbGh6dVMwcnEtZi1CUTNiN3VHQkpVY3lCZtIB2gFBVV95cUxPMmFsdDFGTV92RXprY1A2cVl4c0t6czlOb3ZuOHo3UjZRdGttQjhvM3NLQnI5clZsTmhhcDRGS3RRNHJyVXRhUlJDQ25iU2VoN1RJTVludnRLWkp0QU96aGxXMk0xejdZbDZadV9FMkFYZ0hFMDVmcG5IdnNxazZMRDY5VFRoemZXSWE4UHVOcTdpOE5HLVk0QWlJcDQwQnVjRHhXTGNPV0JydHRBYlNDVUtXNER6UFdyOFZpQThsbnkzdmxIbVBwUE1ZX3FTNkEwVk0zLVczMGYzQQ?oc=5,user_gn_99971f10,"Delhi HC directs Google, Apple to act against apps promoting obscene content | India News - Hindustan Times Delhi HC directs Google, Apple to act against apps promoting obscene content | India News &nbsp;&nbsp; Hindustan Times",0,"{""publication"": ""Hindustan Times"", ""headline"": ""Delhi HC directs Google, Apple to act against apps promoting obscene content | India News - Hindustan Times""}"
2026-05-11,google_news,Consumer Tech India,Apple,"Apple sees growing global impact from Indian developers, says Susan Prescott - Storyboard18",https://news.google.com/rss/articles/CBMivwFBVV95cUxPRDQ5Zm5wTXYzNm10WTQzUkxWazBjY2NZVkU4QmcwSjk2Vk9oSVRyLXNiNmNQYkJmY1JTbW1hWjU3MUlaVHd3UjBub1lkcTkySFVxTncwcXZhc210QUsza0J5OElPdVMzOFotaDMybGZUOFJmcldENkFTQXY3WTJ3NDg5MFUtM3BCdGxWUXEybW1oR2s1Xy14TjFWRHg5T3VTZWUydjUyM0c2NngyLVZfQV9laGNILWwzYVh0NjY3RdIBxAFBVV95cUxQS3pIaXlaVWZ4aHFqdGd1MDU1NWdvNUYxd1M3SEE1QWYxb0ZBX0dNdnJ2UDh6OHROcHpVdVpYYUF3MnJ0dzloVEJOWDZvdjF2blJocmt2NkNDUmtPOTVQeHo2NWJlNFBNVkxZMU5MOVNzMkxpU19yc3lfV3l0Q2lqcGtVbXRiZG9GcW44ZEszOW5La3hxS2txaVB6U0gzbGFaWXYxOXFKR3Q5OXFKWHVjMXd4dV9DUFFCOXU5R2tqQWhvMXY2?oc=5,user_gn_1c190966,"Apple sees growing global impact from Indian developers, says Susan Prescott - Storyboard18 Apple sees growing global impact from Indian developers, says Susan Prescott &nbsp;&nbsp; Storyboard18",0,"{""publication"": ""Storyboard18"", ""headline"": ""Apple sees growing global impact from Indian developers, says Susan Prescott - Storyboard18""}"
2026-05-11,google_news,Consumer Tech India,Apple,Apple signs 150MW renewable deal with CleanMax in India - Data Center Dynamics,https://news.google.com/rss/articles/CBMioAFBVV95cUxQRDN5eERxVXVEMGhmRjNSS19TQ1hVMk16YUkyS3dITHoweUYxaHJTajl3QUpQRWMyemdPSS1ZWTlsMXRZRER1OHA1Yl9ZMEZRaG04MVFXajAwaWFFR1dBaDdpQXdYSVVLLVdzVlh2ZFdBVHZXUjRwcUYxUkNYV2hNblBPelFuU3NnZWFoWDBIQy1jUGk1amx5cGxqakZ5SUhF?oc=5,user_gn_af867569,Apple signs 150MW renewable deal with CleanMax in India - Data Center Dynamics Apple signs 150MW renewable deal with CleanMax in India &nbsp;&nbsp; Data Center Dynamics,0,"{""publication"": ""Data Center Dynamics"", ""headline"": ""Apple signs 150MW renewable deal with CleanMax in India - Data Center Dynamics""}"
2026-05-12,google_news,Consumer Tech India,Apple,India must replicate Apple story many times over: NITI Aayog's Rajiv Gauba - Business Standard,https://news.google.com/rss/articles/CBMi2AFBVV95cUxOWVhvbmwzRWpMX3gxYzRqMXE5WEE5WEhMV1dDN0dOOUZibHZzbnFEbnhFVG9tcWRxbHZJS1JmT21hbUZBUjVSVUNKWnBCbGhfQTk0cENtSEpiY1RTbUw5U3NZaEJEM09lNUFQZV9hUDVncGV2bnFPamliQnhRTUptb1lIbE1CRy11RVRQWEVGS0RTQkFfU1VXR05wbEg0ZGk2bnFLakx4RTFFT0NGRjlIS2R2SnI4NUhGcjdmSkVrYkpWMUVOYk5vY0dKLUQ0WE5DNHBhWXl1LXbSAd4BQVVfeXFMUFlCNk5MTDlXV3JiS0RkWW9iS2VBajczNHYwU2VKc2o4VU81WWFyNnFnNGk0eUpDVXVYS09KVGlWck5admtyT2lHVjUxU0s2UHhGeDhrQUNBeHJEc254bHNxbmlOZzY3SWdJTUI3RXczdXNOVVlnbnFadlJ4eV9UYUhoRUMzWTBBNmk5WklXQUFLYjJEeEY3SkNnbXJnLWE0Q0Q5LXpBSUh2X0xkM05VREhpWmhfaWNJazBFOU1aN2t6eW9kam9BSzhsRU04OWdleWo4Qy04bG5DNU5Ba1V3?oc=5,user_gn_2b0f241a,India must replicate Apple story many times over: NITI Aayog's Rajiv Gauba - Business Standard India must replicate Apple story many times over: NITI Aayog's Rajiv Gauba &nbsp;&nbsp; Business Standard,0,"{""publication"": ""Business Standard"", ""headline"": ""India must replicate Apple story many times over: NITI Aayog's Rajiv Gauba - Business Standard""}"
2026-05-13,google_news,Consumer Tech India,Apple,Apple's first foldable iPhone could cost over Rs 2 lakh in India: Here's why - MSN,https://news.google.com/rss/articles/CBMi5AFBVV95cUxNWTdnc3NpSVVRb3NkTFhoODVtN1U3M0RiUk5BelJsTzAtOThXZHlJQXM1ZDhFakFLTFR6ZG1fdFJ1M1hZLTBjTVpqdXFOdksxSEg2eDFudm1UOE1ZcWNOeTR5WS1peVhpM1l4TV92T2l0ZTR4eFdRaDhrTXA5Q3l5Tm5iMU4xN0cwRzhPbG9penNFSF9WMlE1QTVuSkh1eDM4Z18zY05ONHpJbUdvUGhpNVQ4dlA0NFM1SEJOa2liX1dSZU1scHpJeG9MbUthY1I4U2IzR1BndHVRdEtBVFF4YXdvOEk?oc=5,user_gn_9cafcaf3,Apple's first foldable iPhone could cost over Rs 2 lakh in India: Here's why - MSN Apple's first foldable iPhone could cost over Rs 2 lakh in India: Here's why &nbsp;&nbsp; MSN,0,"{""publication"": ""MSN"", ""headline"": ""Apple's first foldable iPhone could cost over Rs 2 lakh in India: Here's why - MSN""}"
2026-05-13,google_news,Consumer Tech India,Apple,Apple’s India Clean Energy Push And AI Plans Test Investor Expectations - Yahoo Finance,https://news.google.com/rss/articles/CBMigAFBVV95cUxOTjBMR2JxNWN1V2M5bjFsTnIteC1yRVBIQ3Rld2FBZTBVaE1PYWJqQXhlRnUwQVdPcjRtNFVIWE5OYTc3Y3EyVFVUWXNsck1Wd2twYk9wbXFkQThybkx2TUhTQ0FKTGw1VUpncHNqUVFiNTFlSy0zbEJYRnJwQi1peg?oc=5,user_gn_f9d4710e,Apple’s India Clean Energy Push And AI Plans Test Investor Expectations - Yahoo Finance Apple’s India Clean Energy Push And AI Plans Test Investor Expectations &nbsp;&nbsp; Yahoo Finance,0,"{""publication"": ""Yahoo Finance"", ""headline"": ""Apple\u2019s India Clean Energy Push And AI Plans Test Investor Expectations - Yahoo Finance""}"
2026-05-13,google_news,Consumer Tech India,Apple,Porsche 963 Apple Computer-inspired livery image gallery - Autocar India,https://news.google.com/rss/articles/CBMipwFBVV95cUxNMjR1a3FKUUV0Xzhpd1VZQWFBSTZfbFIyTFo1cC1BUnNUcDhpb0kwZXpGZHNuRThtZExxbGx4RjdkLXlETWY4X3BJaXlyWm9abU0zSWhaNGx4bFhoYlJ4QkUxbi1XRUxjaE9ETC1QRHRTRWI5dEtaZTZKblZDN1dLZHZfWlIxNWEzVng5R3JFdXREd1ZrVXAzZnFNUjB0M2cyeVBsbGU3MNIBrAFBVV95cUxQdWhxN1BLWnEwYlRRcVhSR1RFc09mbFZzYmllRjVFd0xkcXhNMWg1eUNlVjdXMFVhaHJ2VjIxTzYwU2YtWlUtVXZ4VlNQYmNXUzQ1U3Fod3RhdTVaSWY4TU1rNUhZRzg3bWRUOXlhTzNmRmozcnJqVWtINF8yczZXSkpBbTVpZkZQUWwydW9ZMXRXV2VIdmRTVFhqZmJsQURIeE9IMVBNTWJyZ2cw?oc=5,user_gn_3594869e,Porsche 963 Apple Computer-inspired livery image gallery - Autocar India Porsche 963 Apple Computer-inspired livery image gallery &nbsp;&nbsp; Autocar India,0,"{""publication"": ""Autocar India"", ""headline"": ""Porsche 963 Apple Computer-inspired livery image gallery - Autocar India""}"
2026-05-13,google_news,Consumer Tech India,Apple,"Curb dissemination of pornographic content through apps, Delhi HC tells Google, Apple - The Hindu",https://news.google.com/rss/articles/CBMi2gFBVV95cUxOX2VoTERHNzZwVnRoTm1tVG45V3k3TGJSVGs1S0R5Zm5Na2s4STdGXzFoa1p2UmtfcldDRW1VR29UbWU3N1pQYWJoOEMyeFhKblFlSlE4SWFDXzdoOVFjcV93ZUFJNnZhZ3czQ2lMaVpESGN0QWhoLUdkcllhMnQ5TlpmRVRGOERQSEc5VmpldFpxSnB6VnBvZ2pVVm16eHpWdlpGajY5M0JJRzExQVV0dEJLa0NsX0VkSy1xLUphNV9wTmtPVk1UT0RrRG40UWlhUndtWEgyb3FyZ9IB4AFBVV95cUxNVm5mT2daTW0zdVRzVldkLVJVS05ESks0RzFyQm90VFE2d1MyMDZSRjFnMTB2ajdLOGJ6ZGhZWmE0Sk5QcVRfMWplSHdmemJoclpLalBFdEZfTkZkOUVsNUplRTlzaHVhTnBaa3dBN3Zrekp2RWU2VjQxMXA3cnUxdVFwUW9tMzhObE1xR1hFSGk5Z2REZnJkQmlKdUxjNUEtUDhDVDhCVkprd3NSWnFEeE80ZnY0Sk1TNzRHeU1GX3hBZmxlY09XTTRsWFg4ZDVnaHhuTWFrZGxqRVFqeU4wTg?oc=5,user_gn_4a7f5160,"Curb dissemination of pornographic content through apps, Delhi HC tells Google, Apple - The Hindu Curb dissemination of pornographic content through apps, Delhi HC tells Google, Apple &nbsp;&nbsp; The Hindu",0,"{""publication"": ""The Hindu"", ""headline"": ""Curb dissemination of pornographic content through apps, Delhi HC tells Google, Apple - The Hindu""}"
2026-05-13,google_news,Consumer Tech India,Apple,"Apple iPhone 18 price in India: Pro Max rates, launch date, camera and specs - India.Com",https://news.google.com/rss/articles/CBMi-gFBVV95cUxOVWtpS04zVFZDNHdUTWluTENlWTc0a2tycUhmbUFLM3M5RmRnUWxUNTJuM3JGc2w4bWxxZEQ0Tm94VVBlUXdtMzhFcHprck1rdEJMM0RTTElrRTE0bFVCYnhaUE1aemh3MlhUZmxFLXZmSHFNSGkyX0QwZ195U0ZlMndhUl9zczBNbWZMUjN5MHBYejEzT3NYUkJ0MjVUaWo0akliMEtMcGhjS1h6RFFpV3FXVVVwel84V1FOdjJIeDhYMjVINnRXMjBKS2pNNDM0Rm4tWmtQMzdHc2xmTUo0M3U4YTlLMXpyNlFMVGt1NmI2NV9FYUl3eUpB0gH_AUFVX3lxTFBqUFdSRUZ3M0wzQkU5STU5RlhBNVJlQVpxZVBaX2VyNGQ3c3dDekVzb3ZUSkYycmZuNDRrRHdJVVQxY0JDSnJOUFQxdUdHSGZuSTNvbnBsMUJGTVJqTEJaeTdyU3BzUV94S2FQUzFGdUZCNFlGSUJJWEkyQlFoSVl6dkV1dExsOFo4aUVNaFM2eENWTXlWZ2VvMDdaQW8wbTA0THJFeF90VXhscWpKcHN4Y3FrZjc1U0d4eVJ4RGZPeGRoMmZaUnRiZXdVZ2VLQlZCSXJueG5kS3JZVnFZTEx3QjFVYndLRUtpYjcydjJVeHlOSC1zbUc2enNWLUVNdw?oc=5,user_gn_1a2f7dff,"Apple iPhone 18 price in India: Pro Max rates, launch date, camera and specs - India.Com Apple iPhone 18 price in India: Pro Max rates, launch date, camera and specs &nbsp;&nbsp; India.Com",0,"{""publication"": ""India.Com"", ""headline"": ""Apple iPhone 18 price in India: Pro Max rates, launch date, camera and specs - India.Com""}"
2026-05-14,google_news,Consumer Tech India,Apple,"Remove porn apps, Delhi HC orders Google & Apple - The Times of India",https://news.google.com/rss/articles/CBMiswFBVV95cUxNcGgtSVVFdFNuVUR3Z3BuWklIVG1xaHNLaDNBczJ5a2dDY1dOQjZtZ0ptVWNUdHVjdzBsVzRVWDFJSF9hbHNMZFdXaC1xQUxFS3l4Y1NRQXF2SWZ2el9BSWJxV1o2ckN3bVNpckUtZ29oOENJbGQ1U3F4RzdNSDJzWXFHcWhpa3VfX0hHNEEwV0ZHVXpwYUNlVlY2VEpNZ2hqOGxFOTJ6VXowQkc4Qndkc2FPa9IBuAFBVV95cUxONzFTd1hnSmZibGg2bnJRSGdYQm1ubDktVG5RTWlOWXpGY0tORDNRSnBWdVMtUHJLMlV3T29lZlFLWnQwelp5bDdqU051SU0teDRfVE9xd3V5V0FpU0N3LWxxYzNJZHVuMTc0aERCdm5xLVlBLWVENFFQbmtQR196WmFfYnZCSWgtU2w0V3NSa0M2b0ZHNEtJMXJ3NFJrQVpHVE50M2ZnU0FLWDJjaGhjZVBHZ2F4YjlP?oc=5,user_gn_5ae29786,"Remove porn apps, Delhi HC orders Google & Apple - The Times of India Remove porn apps, Delhi HC orders Google & Apple &nbsp;&nbsp; The Times of India",0,"{""publication"": ""The Times of India"", ""headline"": ""Remove porn apps, Delhi HC orders Google & Apple - The Times of India""}"
2026-05-13,google_news,Consumer Tech India,Apple,"Apple Backs Clean Energy, Circular Economy Projects in India - ESG Today",https://news.google.com/rss/articles/CBMijgFBVV95cUxQdmFnOFZ6Tkc2dEJxdFdxMWx0dnc3NW5pVHU1TXo3ZE13c3kzY0RpNnRKbmpoUDBSY1dfZGh4UFB0SGliWVdFZEdnR2dlQkoxQ0VlUDVsZ2Qza3JKLXJuaVpZSGpBbXZYSjdWYWxqdm5PMWdMbEt0WDRINm9pbUJ2cVRxS0hTVF9KOUtnQjBR?oc=5,user_gn_6f141a49,"Apple Backs Clean Energy, Circular Economy Projects in India - ESG Today Apple Backs Clean Energy, Circular Economy Projects in India &nbsp;&nbsp; ESG Today",0,"{""publication"": ""ESG Today"", ""headline"": ""Apple Backs Clean Energy, Circular Economy Projects in India - ESG Today""}"
2026-04-10,google_news,Consumer Tech India,Lenovo,"Lenovo Introduces IdeaPad 5 & Yoga Slim 7 Series: Latest Processors, AI Features And Long Lasting Battery, Check All Fea",https://news.google.com/rss/articles/CBMiwAJBVV95cUxNWGcyazN0UUg0U1E4QnRoQTNjTEhSeTNVRV95cGZfczJhbGtRV0tFcm9ZakZfME8wd1JDYUJoSXk3U3FyVURJU3REMHBSTWtRN3ZWQXFfWmdSWFlnUnV6TFlSVWctdnBuRWhBLTdyY2hINS11NG1jR0pXZzJJOVJYUFI5czluNkRoTkVidWZqd0xONnpaalJYVy10LUl0YnJVWUl1dHZycnFhYW5hc2FHLU5iS3FVRlgyd2oyRFB0WkJwZTJyNXdkVURsOVVKc0ZmVlVsYndlU0tZdVBjWjVkWk1Ndnp5empaQjhWRzJtdHF4Z1UtWjNuUk9PNmE2bTZ2UmZPMkFvWUVUZjY4VmtQaFJiT29uMTVKQmpGcTNINzNHQkVWTzNCcW50ckM4aEk2Sm9XNlc3S0VNQnlQSnV5bg?oc=5,user_gn_5941181d,"Lenovo Introduces IdeaPad 5 & Yoga Slim 7 Series: Latest Processors, AI Features And Long Lasting Battery, Check All Features And Price - Dailyhunt Lenovo Introduces IdeaPad 5 & Yoga Slim 7 Series: Latest Processors, AI Features And Long Lasting Battery, Check All Features And Price &nbsp;&nbsp; Dailyhunt",0,"{""publication"": ""Dailyhunt"", ""headline"": ""Lenovo Introduces IdeaPad 5 & Yoga Slim 7 Series: Latest Processors, AI Features And Long Lasting Battery, Check All Features And Price - Dailyhunt""}"
2026-04-07,google_news,Consumer Tech India,Lenovo,"Lenovo Launches New Yoga, IdeaPad Gen 11 AI PCs in India With Intel, AMD, Snapdragon Chips - Republic World",https://news.google.com/rss/articles/CBMivwFBVV95cUxQYWdUV1N6cWI2RzB2aENTQjJXekVsdG1DaFdoQUJUc1ozYlpDbVB1R1NaSGM2dXRZaVNOSGJiX3pDdDRYSUhjY2RWT3NhTzc0Rm85dUlWdks0Mk53dE1tTnJHLUV2eWhwLXoxTTJRaXZUVmdYZGZQVms4Ml9ITElPSjlXOF81eW9KVkN0aTdYSjNvQ2hwZHA1UU1lN0QyTmU5QzNtMDhFeGRrUk5adDEwUGM2TjgtTmpXVUstMVpEY9IBxAFBVV95cUxQcU9WQUpENEl6S01ZVWJ1bXRPNHVMcG5iR1lQT3lGNkg3R0tDTk9qazR5NEFYSGFIUWQyQmJrMDdoMVhvLWZqOS1sQkxwcmlpWjdYc0V0c1dRUklJSU83RU5QOWY4X3hoT1BCT0JOWVFYQVNkY3JWYWZZNzlKeWFZSEE1TWRqcWY2Q0RZUTVfNkdHcURCSFh5clFRTHFJYTBvcFAyX2hIVGNFcnF5MGtQX0FOd3F4bGpoSFpHbDNTVzA0ZlMz?oc=5,user_gn_7d963e80,"Lenovo Launches New Yoga, IdeaPad Gen 11 AI PCs in India With Intel, AMD, Snapdragon Chips - Republic World Lenovo Launches New Yoga, IdeaPad Gen 11 AI PCs in India With Intel, AMD, Snapdragon Chips &nbsp;&nbsp; Republic World",0,"{""publication"": ""Republic World"", ""headline"": ""Lenovo Launches New Yoga, IdeaPad Gen 11 AI PCs in India With Intel, AMD, Snapdragon Chips - Republic World""}"
2026-04-23,google_news,Consumer Tech India,Other,Motorola Edge 70 Pro+ India launch soon? New renders show big upgrade - PCQuest,https://news.google.com/rss/articles/CBMisgFBVV95cUxNYndKVHR4WkNJRzNaSmlQbmNRd2VuR2hNZ2RBb3R3TlgxZDh4Vlg1UnM5WVFFa1VYc1U2Tk1zSWxDMkRjeWMwOW9pR1EwOVI1bzJuRENydzdPX3d5YkJ2OGhKNVFqNFBXWDRQVk83cUE1ZVhZZHlHMXlkWllKNVVscExBSkw4VUxLS291dTRNT2E4QmNPNFE2eWYtWkp1SDI1ZXUxQnRSYmNnX3phWmtTYy130gG3AUFVX3lxTE5vaGNlekw5QmRfeTE4LWNTZjRTMWNKM2lZOW1RRl9fX2dDbThDVnpSUl90VEVNbU1ydGxTb0c1OFNHMnhwMGdYWjJXckJfX1FsZWxUcGg1OFpWSURpNEh5c0M0SExUbWdVTTZZMXc4Mlp5MHNVWU1ITmhXVVozRFltMjMyUUFsdzZlTk12aVNfWGdNZU1oVkxxVkhQb1JDbk1wWm94Snp2aXlTLWtZZzJqV1hUMmg3VQ?oc=5,user_gn_bfe2725f,Motorola Edge 70 Pro+ India launch soon? New renders show big upgrade - PCQuest Motorola Edge 70 Pro+ India launch soon? New renders show big upgrade &nbsp;&nbsp; PCQuest,0,"{""publication"": ""PCQuest"", ""headline"": ""Motorola Edge 70 Pro+ India launch soon? New renders show big upgrade - PCQuest""}"
2026-04-07,google_news,Consumer Tech India,Lenovo,Lenovo launches its latest Yoga and IdeaPad Series in India - Technuter,https://news.google.com/rss/articles/CBMiogFBVV95cUxNNjVpZ3h3bTUzTk16blZHWUt3YjdnS1ljVTdYajd2ZUlySmN1Z2ZsRHNaWHFaWVNlQng2Ukl0S0t4ay0teElrWGZVanE0SDBOMGluWXpfaWRkRndnOUhjWFF6VEVDYUR1LVhNUlo2VDZWY1lzVDFPR2dpUEZGbEZRc1BmTngyQW1ESE9EYi00dXhVd2pnb0Jja1VGdmFnSWtJY2c?oc=5,user_gn_a6a388f1,Lenovo launches its latest Yoga and IdeaPad Series in India - Technuter Lenovo launches its latest Yoga and IdeaPad Series in India &nbsp;&nbsp; Technuter,0,"{""publication"": ""Technuter"", ""headline"": ""Lenovo launches its latest Yoga and IdeaPad Series in India - Technuter""}"
2026-04-07,google_news,Consumer Tech India,Lenovo,"Lenovo launches IdeaPad 5 2-in-1, Yoga Slim 7 and Yoga 7 Series in India: Price starts at Rs 1.19 lakh - India TV News",https://news.google.com/rss/articles/CBMi9gFBVV95cUxONUJBWmJxaFExcmlaMDlRaHQyUDBQdE5ScXRBY0JpZTlTX3NXR3NUUnRCMkwxUTNXZldVdWhReW4ybmstSkF0S3ZZUjQxc3UwcVhPSm1wUGVqUmNReElvMk40N1MzbnZIMk1rdmxkVmNFSHEtZlYwNUpTSjMwbDNlUGpHODkyVnBXbTA1NEh0VWdDcTV3VkpPMVh1VVZ2dFpRX203ZTI3RnRFbFVTTzZIOXdESGN1MUYxTkNIZElyVmhtTEFWSVBadnR0UHdTMkR5V0xoV1Q5UUpmMWZhWjVJM1VxeUtVcHR3YlVwWExVT2FKWFpIMEHSAfsBQVVfeXFMTXRkVUhmVFFaOHBSM0p0VEd1MU1meXp4Mi1CdXNHU3pFRG1pTlgwR0tBMU15allqNUxsbERUQmpwaURucFRlV1ljRFFtYzYxR1pPTGJCYUMwWTh3WVB3UVF3UmRtZlUzam1OMF93eWgxdjl1RjN0Q29wYzdMMHVqSU1qWUhobkI1Q21hZlBPVDVuWlh4U19yVHRNV3l0bnNLMUFxRExBSUpwT0FvQ25SY3p1SDFJUWxZaUE5d2N5QWVlWEUwV2VsdzJRMVhPRWdzbUdYUjR2VjhwWW84STVEU0ZrSzh6U3R3SUJ1WDNHYUZhcVh2WlFVRjhHU2s?oc=5,user_gn_dfbada2d,"Lenovo launches IdeaPad 5 2-in-1, Yoga Slim 7 and Yoga 7 Series in India: Price starts at Rs 1.19 lakh - India TV News Lenovo launches IdeaPad 5 2-in-1, Yoga Slim 7 and Yoga 7 Series in India: Price starts at Rs 1.19 lakh &nbsp;&nbsp; India TV News",0,"{""publication"": ""India TV News"", ""headline"": ""Lenovo launches IdeaPad 5 2-in-1, Yoga Slim 7 and Yoga 7 Series in India: Price starts at Rs 1.19 lakh - India TV News""}"
2026-04-28,google_news,Consumer Tech India,Apple,Top 5 thin and light laptops under 1.5kg in India: From Apple MacBook Air M5 to Lenovo Yoga Slim 7 - Mint,https://news.google.com/rss/articles/CBMinwFBVV95cUxOUExXZGNqSDBKV2VNc096QU1RY1Z2LWVrSEl1RElnTVFfbFgxUElrYUxlTTJ3QkdWaUFueWFFQTJWMzZHQkhTTzJRWXhkNkJGamFkZTZ5djlyTmgwalA5OUlsSGNwb1o1WW5IQzl3bDk5d3dTaks1VmI1ZjI2SVJXbHYxZDctOGhRcWdjNjZWT0lkcXpTX3FwMnpSQ3p3Q0HSAaQBQVVfeXFMUFM4TWI2MWRiMkVsVXdFamVVZjl4NndlSng2RDZqN0pndzBBWV96MU1KWVQ5TUMxNmFZdDZKTW9xLTZDT2Q1NGljSWk1QlhqQUVjR0o0ZnBZczlPZHBlU2F5TmZadkdLWEFmcnBTSEs4Rm1mNk52Rm9sblFBN25NWVBCTVM4enhxeFpQN1pRYmhDWXhseHVtX3ROT2tYVU1HRmwxWE0?oc=5,user_gn_ca8a196f,Top 5 thin and light laptops under 1.5kg in India: From Apple MacBook Air M5 to Lenovo Yoga Slim 7 - Mint Top 5 thin and light laptops under 1.5kg in India: From Apple MacBook Air M5 to Lenovo Yoga Slim 7 &nbsp;&nbsp; Mint,0,"{""publication"": ""Mint"", ""headline"": ""Top 5 thin and light laptops under 1.5kg in India: From Apple MacBook Air M5 to Lenovo Yoga Slim 7 - Mint""}"
2026-05-03,google_news,Consumer Tech India,Lenovo,"Lenovo launches AI-Powered Yoga Tab Plus tablet in India: Price, specifications, and more - MSN",https://news.google.com/rss/articles/CBMiigNBVV95cUxPdW05QjdIQ05idGIweU1qUXlrM1l6cHFOSE1Jc0psYzY0bjB5Q0xrT0Vuajh2LU1iYUlCZnpWRnNzRVdXeXFrWjVOOGVmd05vNWk4clhNVTZtWkVZbGplc3RFNW1rVmlxTzZFZ3ZVbnVPMEJSVVBaaVNocjl1dEFUbU5GNVlTMTVfY054RTdVdWdrNGhIMXBFbmVWVmFWV2h1X0wyX3pxdHY0cUx0TWFFOE5xOUtqR1NuWWJxUHl4a2Y1WW83OUJSVjlzemt2X0hoX3Z5NllteUUwSW5kUzVLd3NkZmZIMG1KVWY5OFNDLXlhbjFwaU1hbk9SbjhxcmQwZlFObE85SlA1UkVXWjhreFhOTFVIVTFYSG44VmNPbnJHbnhyWVZjMW14bzd3dVpCckIwY0hJSXc1TE1CdVZ0LXFidW9sNTRmQmZ1aEVaUjdVN0FlQmxmRlVJNEpab2d4RDk0VHdFVThvR3pybHIxTVpsOHZxZFhLeG5oYkpteHJKWV9ETG5ERElR?oc=5,user_gn_9cafcaf3,"Lenovo launches AI-Powered Yoga Tab Plus tablet in India: Price, specifications, and more - MSN Lenovo launches AI-Powered Yoga Tab Plus tablet in India: Price, specifications, and more &nbsp;&nbsp; MSN",0,"{""publication"": ""MSN"", ""headline"": ""Lenovo launches AI-Powered Yoga Tab Plus tablet in India: Price, specifications, and more - MSN""}"
2026-04-07,google_news,Consumer Tech India,Lenovo,“We are building technology to enable all people”: Chandrika Jain on Lenovo Yoga - PitchOnnet,https://news.google.com/rss/articles/CBMiwwFBVV95cUxOWTBlblNENGl0M3FwWFhHSGtBUG1xZ3FmTjR1emVuX3FPUUdtZ3J1TmZHY0JxOThHZHRuczRPZFNDcklUQl9xUDN6cW5LYWhoLTd2N2lkSVREWGhTMXVWZHA2SXJpckRzbEhXaklveGs3ZHpUeGJNUlpOdElmeUlhelhKdHBGYkJ2aTBXRXJOVmpzTGpaTjJJSncyNlVOVVZnYXZ0djhIeWxxdU1pWmswMjAxUm90WnRQcEtWeWY2cW9lbkE?oc=5,user_gn_49ab2452,“We are building technology to enable all people”: Chandrika Jain on Lenovo Yoga - PitchOnnet “We are building technology to enable all people”: Chandrika Jain on Lenovo Yoga &nbsp;&nbsp; PitchOnnet,0,"{""publication"": ""PitchOnnet"", ""headline"": ""\u201cWe are building technology to enable all people\u201d: Chandrika Jain on Lenovo Yoga - PitchOnnet""}"
2026-04-11,google_news,Consumer Tech India,Lenovo,"Gadgets Weekly: Lenovo Yoga Launches, Ambrane Battery Tech, Samsung Fridges - Deccan Herald",https://news.google.com/rss/articles/CBMi2wFBVV95cUxQc1ZfVXdNTHdZZDRrT0JoekZ1dkoxaUN3MF9hTW9XV2dwX2pyVEVpNUZqUTFBZ2dfRlJlQ2JId3dKSjBVUjM0MllhVHJ3WWtZR1lJTW03NTBZUUVyQ2ZsNzJiSkpGX1VaNnR3VVRMSkVFZUtWWVVuSThNaFh1amZ6MzRkcWhIOUVabERsZzYwR25MT3d5d1hSVnNXY2twT296N1cyUzlYNnU3RFlHemVkM0pDWnlxN1dhSUdkay00bTFmb3c1WnNaZ081WXR4bHN1LWtRNVpCSFVkc3c?oc=5,user_gn_2a48f7b1,"Gadgets Weekly: Lenovo Yoga Launches, Ambrane Battery Tech, Samsung Fridges - Deccan Herald Gadgets Weekly: Lenovo Yoga Launches, Ambrane Battery Tech, Samsung Fridges &nbsp;&nbsp; Deccan Herald",0,"{""publication"": ""Deccan Herald"", ""headline"": ""Gadgets Weekly: Lenovo Yoga Launches, Ambrane Battery Tech, Samsung Fridges - Deccan Herald""}"
2026-04-09,google_news,Consumer Tech India,Lenovo,"Lenovo Introduces Yoga Slim 7, Yoga 7 2-in-1, IdeaPad 5 Gen 11 Laptops in India - Gizmochina",https://news.google.com/rss/articles/CBMilwFBVV95cUxOSnlpckxFcktSbFU5SUxuckRZOVhtUE1ySGlhUVBJUVdOV0ZaR2pBVkZVblMwWElrWkI4c2t0X1hFMDNCaFNrS0JvTFRsWGlKWTdBM0FoalJkVVJLSkMtY1pHSHAxSVlSazdIUkJBV2s5cHkzMmVuREU0OWQxaW14Zm9fNEhCajlkaTFlamMzRG1BbUpUZjA0?oc=5,user_gn_7c7b6431,"Lenovo Introduces Yoga Slim 7, Yoga 7 2-in-1, IdeaPad 5 Gen 11 Laptops in India - Gizmochina Lenovo Introduces Yoga Slim 7, Yoga 7 2-in-1, IdeaPad 5 Gen 11 Laptops in India &nbsp;&nbsp; Gizmochina",0,"{""publication"": ""Gizmochina"", ""headline"": ""Lenovo Introduces Yoga Slim 7, Yoga 7 2-in-1, IdeaPad 5 Gen 11 Laptops in India - Gizmochina""}"
2026-05-10,google_news,Consumer Tech India,Apple,"Apple MacBook Neo gets cheaper by Rs 11,910 on Amazon sale, how the deal works - India Today",https://news.google.com/rss/articles/CBMi2wFBVV95cUxQZDF5aVZGaUU4Z1hsZlpNSUw5ZExGWUVmelpldnl6eWNhSDQxdE1oRjJ5TnNBYkVjMFpUMEFoVE8zRDhEV2pwbGY4bVAxS2NQQXI1cXEySVNJVzh2bm9EaTM4T1NfVzRSSlhPaDZ0b2pEYVVDSjloSDlzNDBpUU80X0VuRFU3TVJkRnpNam5DUmkzeWxuTGFPbm5pVnBqdHlRNTk5WWJwMGs2NWNWQTNxWkJoNkZ2Mk5lOEJCdUxubEFZUmJJUHlCUkpHMGRHTmZ6ay02LUp4NllKNjjSAeABQVVfeXFMT3R2dmwtZDVmNGYzZUlBSDRISVpxcDIwU2h0N19hVld6eHhCN2o1R3Z0Rjk1WkE4ZnBRbVoybFZ1dzlrOFRnZXBwOEdRY2UxRGdyNER2bWRZRmM4R2JERTlkQ1BsNFRadkNiel9CYzFOcjBoTVhwUWNadHkyZm5kTkVicm1IQzlSbjlPNDJRZldRQkRDMmp2WlhvTXBmc0RkMThIbm9teEtDbGFZWUthRFNNZERodk1neHlMQnh1TmxOaW45MWdlNEhqWGQ5R1pHNWt0UXQtdFdtLXFWSmpBNWQ?oc=5,user_gn_a9372d6d,"Apple MacBook Neo gets cheaper by Rs 11,910 on Amazon sale, how the deal works - India Today Apple MacBook Neo gets cheaper by Rs 11,910 on Amazon sale, how the deal works &nbsp;&nbsp; India Today",0,"{""publication"": ""India Today"", ""headline"": ""Apple MacBook Neo gets cheaper by Rs 11,910 on Amazon sale, how the deal works - India Today""}"
2026-05-07,google_news,Consumer Tech India,Other,I'm a laptop expert and these are the 12 best laptops money can buy - TechRadar,https://news.google.com/rss/articles/CBMiggFBVV95cUxNb1l0T21NOXRUUkR2cWU2eWp2UnpzMGdtYXBMaTFKalo0TnNjWHRYQ2c0cmJObUdCT0k1ZXlDYk9kTHV1Y0Y0bWthWFZKaEV2ZUVjOVpTLVNXN2VtbmxTSkRINV96QWs1dFNVS0JTVGIyWWFLY0JRUHU4b3d1aHVpMzZB?oc=5,user_gn_edd2a0fd,I'm a laptop expert and these are the 12 best laptops money can buy - TechRadar I'm a laptop expert and these are the 12 best laptops money can buy &nbsp;&nbsp; TechRadar,0,"{""publication"": ""TechRadar"", ""headline"": ""I'm a laptop expert and these are the 12 best laptops money can buy - TechRadar""}"
2026-04-01,google_news,Consumer Tech India,Other,Our experts have spent months testing smartphones to bring you the best for your lifestyle - The Telegraph,https://news.google.com/rss/articles/CBMib0FVX3lxTFBOTmpkdnRfeHNYVmU3U3U2bXI3azRBUFhDRzNEbmNKS19mSHdwMjVUenZuNU52amNsekVqa2RpdlM4NlhBQ29oRFJab1A4Z05vWDhOYVVGQWxYTk1ZblRRMVczM3VMXzNtTnp5M2sxRQ?oc=5,user_gn_07056eda,Our experts have spent months testing smartphones to bring you the best for your lifestyle - The Telegraph Our experts have spent months testing smartphones to bring you the best for your lifestyle &nbsp;&nbsp; The Telegraph,0,"{""publication"": ""The Telegraph"", ""headline"": ""Our experts have spent months testing smartphones to bring you the best for your lifestyle - The Telegraph""}"
2026-04-10,google_news,Consumer Tech India,Other,"MSI launches Prestige 13 AI+ and Raider 18 Max HX with an RTX 5090 in India: check price, specifications - 91mobiles.com",https://news.google.com/rss/articles/CBMipAFBVV95cUxOQkFKYXI4eU1fUGU0OTMwLS1raFRPejY1bEY2YnZhazZuWHUya2o4cUNBQXNYdUxsS19BWjhrdnozbHM2TEtVZnlMbmZMYm16TXZfVHRMaU9wSHZwZmdHdGNPeUQ2ZnJkRk1lZHctRk9QdVVBR0VrLUNDUHZFRmlCa28tZmw3b0hrM2ZjdFdKb1RnVlhneXgtNUxpX2lZWDhsOTlYQtIBqgFBVV95cUxQcGluMVdFLV9yOTZiM3RtZVBvQ1ZzWGFrbV93SDhQTng3dVZBU2RTOGJyRHZUMDVHZDlCRk9GcWlPWGMtMndNeGpJR19fTmxhejI1b2IzMkxIb1M0ei1VcEd4aVJ0NldPdDhLcmR2VHJlWE12Y1lKMV9HZWZsejBaN3NrVWpBNDZjdDF5WFFkTDB1OFl2OXR4YTI1NVIzakJoSHExRW1CTkloZw?oc=5,user_gn_e27a9753,"MSI launches Prestige 13 AI+ and Raider 18 Max HX with an RTX 5090 in India: check price, specifications - 91mobiles.com MSI launches Prestige 13 AI+ and Raider 18 Max HX with an RTX 5090 in India: check price, specifications &nbsp;&nbsp; 91mobiles.com",0,"{""publication"": ""91mobiles.com"", ""headline"": ""MSI launches Prestige 13 AI+ and Raider 18 Max HX with an RTX 5090 in India: check price, specifications - 91mobiles.com""}"
2026-04-03,google_news,Consumer Tech India,Other,Digit Research: 73-percent of Indian laptop buyers ready to pay premium for on-device AI - digit.in,https://news.google.com/rss/articles/CBMiygFBVV95cUxNUG9Yc0FhQ0RKaEZ4VzNTb3phRG5XdDVvQlRSX1VEdExhQmNWcVVubVVScFJKcFhkR1A2NjJ0VFI0S1A5X1dfY29SbkhudnlyRFp3dGVCYlJlVjhkTU9OVDR5ZzVFc2xaT2FNckFwYXJENDNaZmJHQzJzcDRGcG5mazV4T1RldU01MXBNOGhEWm5XSy1pblBhMkctZEZOSlNhRTBTSXlvLXB2NHIxX2hYb281RzhiNThjUTBxUGlxOGdhU2xIT0NWd3RR0gHQAUFVX3lxTFB2bFlBelk4OVgzaEs0aVl5cW95bmJtSjRFR0FlZjRzNXptTm5veEs5SmUzZm9RVjJLNUc2UDlZRE9ZRTlMMTVFRExIYXJmTEVXcGx1SmxNdk9qRS1iSlhJOGJqTS1sQ3MzNVBQeGc0N0ZPQ0xEZGJpWnZNcXkzWDBqTnRlZ1hZeUU1NlJCMi1keEVEcEZaWXE3NnZ4REFDb0Y2dlZ4ZkdOTTlpQnd3SzJsd01pMzRRNHR5eUczV0pkM3pjWFJ2ajNUUUJad2pPUmk?oc=5,user_gn_f26e555c,Digit Research: 73-percent of Indian laptop buyers ready to pay premium for on-device AI - digit.in Digit Research: 73-percent of Indian laptop buyers ready to pay premium for on-device AI &nbsp;&nbsp; digit.in,0,"{""publication"": ""digit.in"", ""headline"": ""Digit Research: 73-percent of Indian laptop buyers ready to pay premium for on-device AI - digit.in""}"
2026-05-12,google_news,Consumer Tech India,Apple,"Apple releases iOS 26.5 with encrypted RCS messaging, Pride Luminance wallpaper and more: Supported iPhon - The Times of",https://news.google.com/rss/articles/CBMirAJBVV95cUxQdmh6ZFNoWHo0eVlyc0xuMzJ2aHV2ZUR5RTV0bHJBa2lLdklEbHhfelZjRlFEOXBCdGlTTkxXUFFNMWNHTlZkckhtMkdSUVFHTVppNktjN0FDSF9iWFdlS0FCM28tOF9yV0VyOGdEWHNSV28xOF9hdkZHM09rY0dqOF9CdlJ1eWtwQU1iX0g5akUwR1c0bEFXSDlCVkxldlE0SFF0RFFYa3BNVkZMblh3ZVZGZ0Q1bm1aWHpSM2tETDQwSW03cnBaSHhVeXJ5UVlPWTVwWW5yWmw0QmFxLXFlTUdYVGJ0azM5bVc1V29NdGMtcFZid0thSmFocHNzYjl2TkNQOElQdmxsdUR2ZklVYXVKOGZSY1ZpS040TzFPQ3FTY2NHLUdYN05XekXSAbICQVVfeXFMUEdVWllDelp1TDhmbEJlRHZCTks4NEQzOGc5ak5felNGN25Ta3pwVkVLUmJiRHBwbU9ZdUZJR29MUDI4b2l2VC1HeFNlaTRwWUpFek9VdUM2aDhCWlM0dk80Y0JBMnJET3pJQ04zME5OMnFiTXVkMzVmakgtelJzV0U5WG85OThBN0hnenRfdVpTeC14ZWdLUTFNdXFiZF9mdDZZT0JFRUF6RlcyTzdFQlhVMTduU3BuQlN2MU5FOVZUVFlfRFBmVXVTRUVmWVlkYW5XU2dZdzJmLUR4RG5vNGZ2SGhVdmxKTkh1dnZNS25fYmtXVVlSdlJ6anA4V2ZJTmk2OVZ4S1dGSWNHdV9KcXVIRzlXMER0ZkcxV3dRemNaeFJoclBzWjZaUWR4UlQxYXlR?oc=5,user_gn_5ae29786,"Apple releases iOS 26.5 with encrypted RCS messaging, Pride Luminance wallpaper and more: Supported iPhon - The Times of India Apple releases iOS 26.5 with encrypted RCS messaging, Pride Luminance wallpaper and more: Supported iPhon &nbsp;&nbsp; The Times of India",0,"{""publication"": ""The Times of India"", ""headline"": ""Apple releases iOS 26.5 with encrypted RCS messaging, Pride Luminance wallpaper and more: Supported iPhon - The Times of India""}"
2026-04-21,google_news,Consumer Tech India,ASUS,ASUS launches Zenbook and Vivobook laptops with AI in India - NewsBytes,https://news.google.com/rss/articles/CBMiqgFBVV95cUxPSWd4LXh4eHB0aHRVTUFNdXktRnYycFFzWEFtNFl5ajdCMnlDRlp0Z2cxSmZIMVdYSUJMNl9DcWxDUHBDR2FtWmFGenB6cEZGQ1ZDcVdDRnBueHduSmF2N2xDRjJ3NUhMZ3RqSEJuVHJ6OG9TWi13d0NMRHoyWnpDQm9rdzlTWm1Tb1RUX0pGazktV2MtbDkzcktCTVpYVXV6bGZKaHZwMEMwZw?oc=5,user_gn_ac0164f2,ASUS launches Zenbook and Vivobook laptops with AI in India - NewsBytes ASUS launches Zenbook and Vivobook laptops with AI in India &nbsp;&nbsp; NewsBytes,0,"{""publication"": ""NewsBytes"", ""headline"": ""ASUS launches Zenbook and Vivobook laptops with AI in India - NewsBytes""}"
2026-04-07,google_news,Consumer Tech India,Lenovo,"Lenovo Launches New Yoga And IdeaPad AI Laptops In India: Check Price, Specs, and Features - Gizbot",https://news.google.com/rss/articles/CBMilAFBVV95cUxQOHMwS3VYdXVxWlF2S1prdTRlOG9SNjFZazJkR3ByQjMxY0o2WVVQUldnSm91anREZ3RNRWk5QWw2ZU1ac1AyRElERnd5ek82aWNubk12bnQtOXhBU3FJTWYydE9oRVZpdFhaY3NZRkNJTDFSaVBQdHZfaU9xYU9Za243RWI3Y21FYjdkdFlySkR0TnVo?oc=5,user_gn_d885d4ff,"Lenovo Launches New Yoga And IdeaPad AI Laptops In India: Check Price, Specs, and Features - Gizbot Lenovo Launches New Yoga And IdeaPad AI Laptops In India: Check Price, Specs, and Features &nbsp;&nbsp; Gizbot",0,"{""publication"": ""Gizbot"", ""headline"": ""Lenovo Launches New Yoga And IdeaPad AI Laptops In India: Check Price, Specs, and Features - Gizbot""}"
2026-05-13,google_news,Consumer Tech India,HP,Google just Introduced the Googlebook – An AI-First laptop that works like your phones best friend - Zee News,https://news.google.com/rss/articles/CBMi3wFBVV95cUxQTXlhblEtOHRMN1ZqSkc4UnhMN296dkdINVV1Nzd6V1hhR2NyRXFwS2VQN1ktbFdyaDlaNzFiNTFVOFl1cnJiWlV4Z0taWXQwSEtVWVBBM2FTRUpGbG9SSHlJVmp5ME1xd3hEV19qd0o5NEFtTUgxdUVUOGZOSXFsRGpLeEZCejMySFNZRjk2YWhnU21EbG9lQk52MTl0S2EtQjBQcDRYZ05NMEtrUWZvbVAwbVo2eEhuLWdyZUtRTi11YngydEphd3FocDFXVHVKN3ZrWThPejZkemJOMGs00gHkAUFVX3lxTFBVQmZZV0lGdnNXM3Z6TDZNRGdZRlIxUngtcUF1UkdERTZXa1FIb0FneG9zX2hJMzVWbmRFQUVfWC04amVud2poOHNjMVRWM2gzc19fSVZMRkJGcXgwX1ZqZ0o2a2JtNXAzcEZISTNNd3UwdHBwbnpLWmZOTmRLSXBTLUxzMDZSd3lmTTZtMDdSQ003ODNxMDg0M3RYSmlweUJlUzlOMGViSkpvdHBvQWR0TVFqTllLN0tZdVJ6T0pYbVd3LTdXN0dUSFJJTVllMjN0aWlQQ1RKTG1XS2ZBMzl3czZ2Rw?oc=5,user_gn_9415ed08,Google just Introduced the Googlebook – An AI-First laptop that works like your phones best friend - Zee News Google just Introduced the Googlebook – An AI-First laptop that works like your phones best friend &nbsp;&nbsp; Zee News,0,"{""publication"": ""Zee News"", ""headline"": ""Google just Introduced the Googlebook \u2013 An AI-First laptop that works like your phones best friend - Zee News""}"
2026-04-17,google_news,Consumer Tech India,Other,Amazon India Just Productised The AI Buying Confusion In 2026 - BW Businessworld,https://news.google.com/rss/articles/CBMiqAFBVV95cUxOX2Z0NTlaUV9abUcxdTZEWTlCUVMwM3k1aUJJU2VTeHE1QlNKUDZYYWRxSEZsbmYzekRvLWYzZ0JUbm5HdjVvcWdjYkJZeGc3X2Z2QjQ5ak1venlLV2ktLXRhd0E3LTZRQ0dhSmh5RjdiMVI3SWZBbmxCc21nTV81SG9oYkI5eFN4VzNJWTd2aHBoTm8wd29jTmo1ZWtIR3E4Vk5jVkttMXY?oc=5,user_gn_3768c6e9,Amazon India Just Productised The AI Buying Confusion In 2026 - BW Businessworld Amazon India Just Productised The AI Buying Confusion In 2026 &nbsp;&nbsp; BW Businessworld,0,"{""publication"": ""BW Businessworld"", ""headline"": ""Amazon India Just Productised The AI Buying Confusion In 2026 - BW Businessworld""}"
2026-04-21,google_news,Consumer Tech India,Dell,"Dell 15 laptop launched in India with Intel Core Ultra 2 series chip, price starts from Rs 69,699 - digit.in",https://news.google.com/rss/articles/CBMizwFBVV95cUxPaThTUXlWSC1OSXItXzk1QXBvZEtXNWNlZVIxSzgtMXdNdnBEOWlRTkhGQnkwQ3hJNkJGaVhwa0dzT0tYSGJueG8tSUNHakVHdjFfWVdyUXR3VnhjTHZTOXRhSUh5S1lNUXNyQ1lTQkFDODBHT3YtRDFmMVFyU1JkYTZzRmlaa2RaNW9pcFozZFA4QkJoM0FMWVVtYjV1WjNVd2JrV05SUm5UWjQ1bUpNb3FsQ3FuaUJlTmcyOWJvd2I5Z1BfTTAyZkF2T3o1SXfSAdYBQVVfeXFMTk5FQmVfSTFWUjlrNWZ0YUgwd3RvOHdOM1cyeGRUTHhQaXExLWdtQk1ScUpKVlQ4TU5hT0xJR05yd2lMbjk5Z0p2cmlDUGE4NXFpaHFqVXBVcTZKQ1BTM2Z3dXVPMUpZVF9MYjZ1RC1EZDZhcFkwNUxfTm9xZWxaN0ZvSVU1OUgtTkRoV0lQeDZhLUFSZHRCMkxJOXJZNnA4cDFkWmhuVHVGdUlHVFFhM2JEcUViMEh0d0ZxYUdTb3NXMkZTTlM1NmR6ZVVpb2NOcXJONE43QQ?oc=5,user_gn_f26e555c,"Dell 15 laptop launched in India with Intel Core Ultra 2 series chip, price starts from Rs 69,699 - digit.in Dell 15 laptop launched in India with Intel Core Ultra 2 series chip, price starts from Rs 69,699 &nbsp;&nbsp; digit.in",0,"{""publication"": ""digit.in"", ""headline"": ""Dell 15 laptop launched in India with Intel Core Ultra 2 series chip, price starts from Rs 69,699 - digit.in""}"
2026-05-11,google_news,Consumer Tech India,HP,"HP EliteBook X G2, EliteBook 8 G2 and ProBook 4 G2 AI PCs Launched in India - Gadgets 360",https://news.google.com/rss/articles/CBMi0AFBVV95cUxPcnRLYlktbXV3Z3Q0Zk13Nk40UkVGVTlZazlXYUxoNGUxbGJrRGstckFvTlF0MjUwUHY3VU5wamxNaHFZSVpOa0FXY3BkWnBQSkQyMTVWZlFselF3Nl85OUNQMDJ3X3VRVy1SVldlbmZPY25QUU5sR0RCUWpab1lERndhMjh0ejFwbWthUVlEa04yendtZ0RWcGNjTHJXcE5paEpMYmcyWmFmWXBvVzh4Rk1IOHlXMkVITEtCdWpEcVlpWTR6YkhoeWJOM2lLUTNj0gHWAUFVX3lxTE94R2xGR05NQnp2bS1qT1gycTZWUzdVT0pKazFhWW9CNEVWX1JVWnctdmhKRGphQWwyZVFBSXZHUmtJTDBaQTNnMllVZ3RPMXdrTF84UHUySjl1NTk1VkhNWi1rYWNTQ0RPazJ5SVRuU21YbFpvMXd2czh2eDlWZ2xuRVZmZVR1UU1XRnVvZ0VKbzZfVmNOaHFfNGhsYXR6UUlIME1DX2lEU1M5eWlPYVNETnR1MXhwWWRVNHB6RmxGNEpaVi1ObHplLW5LSHVscHJISzVqWVE?oc=5,user_gn_364ae27e,"HP EliteBook X G2, EliteBook 8 G2 and ProBook 4 G2 AI PCs Launched in India - Gadgets 360 HP EliteBook X G2, EliteBook 8 G2 and ProBook 4 G2 AI PCs Launched in India &nbsp;&nbsp; Gadgets 360",0,"{""publication"": ""Gadgets 360"", ""headline"": ""HP EliteBook X G2, EliteBook 8 G2 and ProBook 4 G2 AI PCs Launched in India - Gadgets 360""}"
2026-05-14,google_news,Consumer Tech India,HP,Lawsuit blames ChatGPT maker OpenAI for helping plan a school shooting - The Times of India,https://news.google.com/rss/articles/CBMi6gFBVV95cUxOalp5dGxkaVZqZERBLW9HU3lIT2htcUgyT2RaZC01QTYtWWt3ME5IVGtoUjhvMnVwMDZwTlpYZHNwejdvVFVXY2RvYWc1RU1VMlUwSThxXzRUMmlJUG9nY2pVS0lXQWNCTEJ1ZVNXczNvcE1jNlJ0bjlHZnByb0F3WDZIYzFpdkR3NXpqZXJrd2VQU1AzSC1tTXlEMEJXUW14QzAxcGpvV3ZNaDJtczF3c09xRVVXYTR4VlA0SmVGQXZISzR0WDRieDN4eTBWek4tZXk3T01rWHJnSkRES0QxZ1lQYlNJXzFVb2fSAe8BQVVfeXFMTTBBQXZrLTVJYnJSSVEtaXo5UkIwTk5UOGJmbTYwMDlxT0pBREVlYlNVVWxIUllFWTkteF8wb1hvenFlOVRNZHIteTNfS1ZlYllSRXJxZm5GTk9BOFZwVldzMlhVZUhpSHpDUlpEZXFvVC1QeWtXQ25YZTl4WDl2ZXlDY2M2U0dUcXc0WVp3anpXbl95ejdSRTZsOVQtaTJlN1lIUk5PX0FPbXNRS0w4SWF4LUMwOUZSdDdnel9GV2daVjRObS1QOGpUbm54MUluRU1ybjRRTEZXUkZFRnZ5Y1RodnBZdzROb1RmZkl5RFE?oc=5,user_gn_5ae29786,Lawsuit blames ChatGPT maker OpenAI for helping plan a school shooting - The Times of India Lawsuit blames ChatGPT maker OpenAI for helping plan a school shooting &nbsp;&nbsp; The Times of India,0,"{""publication"": ""The Times of India"", ""headline"": ""Lawsuit blames ChatGPT maker OpenAI for helping plan a school shooting - The Times of India""}"
2026-04-07,google_news,Consumer Tech India,Lenovo,Lenovo introduces next-gen AI yoga and IdeaPad PCs in India - Manufacturing Today India,https://news.google.com/rss/articles/CBMic0FVX3lxTE5Tb1ZlV3J0Tlh2eTFwX2NFWTRRS3NMZ29KM2E5N245Z1htTjdJV2JidTN1V0FtMmZNcThIcThCendvMWZhU2dDM0NYOUxPN1Q1OUtnRVVzb0pqa0tXamhZY28yMTA0bzZCMDB5LVpUclVhQms?oc=5,user_gn_c45b3728,Lenovo introduces next-gen AI yoga and IdeaPad PCs in India - Manufacturing Today India Lenovo introduces next-gen AI yoga and IdeaPad PCs in India &nbsp;&nbsp; Manufacturing Today India,0,"{""publication"": ""Manufacturing Today India"", ""headline"": ""Lenovo introduces next-gen AI yoga and IdeaPad PCs in India - Manufacturing Today India""}"
2026-04-17,google_news,Consumer Tech India,Other,Amazon introduces AI Store to simplify discovery of AI-enabled devices in India - FoneArena.com,https://news.google.com/rss/articles/CBMickFVX3lxTE9qYm45ZkwyVzRQeVdpeTV6X1l6ME42QmdIWmFXdHM0cTdTZm5OVDdvN19XOG5wNGtnRG9WMV9lZEdVLUJUNTBCc3Z3T01UcHVjcC1JalBlc2FNaHhmcW1kN21wYk4zeW56MnJPbTdfYU83d9IBd0FVX3lxTE1lWko2c25yZlE0WGdwOEdra1BuSk1Mc2M0QU5BRkNJV01HWm1KUXltUUVsU19QWWgtZzNoY3dwSjhnNVdXRk1EVVJmdllnRkpfNURnRWt1Q1RmYS1QcUJGS3h6Njc1bWx3bEdJZ0w4Z1JDRXZ0Z1BN?oc=5,user_gn_1a446be2,Amazon introduces AI Store to simplify discovery of AI-enabled devices in India - FoneArena.com Amazon introduces AI Store to simplify discovery of AI-enabled devices in India &nbsp;&nbsp; FoneArena.com,0,"{""publication"": ""FoneArena.com"", ""headline"": ""Amazon introduces AI Store to simplify discovery of AI-enabled devices in India - FoneArena.com""}"
2026-04-22,google_news,Consumer Tech India,ASUS,ASUS ExpertBook Ultra Copilot+ PC India Launch 2026: Flagship AI Business Laptop Unveiled - Electronics Media,https://news.google.com/rss/articles/CBMinAFBVV95cUxPeFE5aWRuNFJiZS13YmlBMHYtU1lmYWFoUHdsN0NGeFpPMUNIclRrQ0U4ZVdOWC12NkUzaURDdW5hY3RaTWtoeXNZRTBXdFVFMjZOS1R6cU9QT3FzNGxpcWNwU1NNQU9wM1lSaldSN1pPamw5c0t4MjJwVzVPWi1JYnJzYkJiaVNVdUdfVXpWQmoxaE11REt2ZF9OMmg?oc=5,user_gn_b86335b7,ASUS ExpertBook Ultra Copilot+ PC India Launch 2026: Flagship AI Business Laptop Unveiled - Electronics Media ASUS ExpertBook Ultra Copilot+ PC India Launch 2026: Flagship AI Business Laptop Unveiled &nbsp;&nbsp; Electronics Media,0,"{""publication"": ""Electronics Media"", ""headline"": ""ASUS ExpertBook Ultra Copilot+ PC India Launch 2026: Flagship AI Business Laptop Unveiled - Electronics Media""}"
2026-04-15,google_news,Consumer Tech India,HP,Asus launches new range of premium laptops in India including Zenbook Duo - The Hindu,https://news.google.com/rss/articles/CBMi3wFBVV95cUxObWpGWDg2R0dIcWQ1MlJ0Wnl1aW1Wd2lWMGJiQy05NnNNbmhPUHRxdWE1dVZ1N1lTazdBTXRwUzR4aXRIN05YX0xVQzZLVlFTd2lHT3BYcE1WUVlkOFN2VFZWTjdKcUFETFhkdDRrcnF5ZWZBd2UzZG1xNVRpZ001SV9PUVQwaHRrT2xwNkljOTRwbzRMR2IxbXlfNnJ1SkhSR082NXBodjExSDBUcng1ckNjWHFvN2p6d2hfU0Q2U3FkQXlOdGwyaFJHSkRiT3RuX0pMeUlsVlFzVGFuVzk40gHmAUFVX3lxTE9NRUpNMnVKaTJqelhjTi1oLUt3LUZuRW9maDk0VFFHdVNFcV95LXhKWnBmM2RwbFZ4TThWN1hRazhoSm9pbTlTOWdmbm1PWEVtMEJDaU1pQThOYkhSZnZCZm9faGV4bUNXRnRPcVNEblp2ZEdISG5DblVtRjJidjBmZ3ZsdC1RVFRnQnpSV0pKbE55Yzdhb1NiY3liOGRDQ0ZUMTE3OTYyYk5CSzhSSkxhTzk2bzBIX2VxREZ0Z3F5RFpidk93dWFFek83NHNKbFNBbkJ2M0FkVUdFQWJvRk55RTBycDlB?oc=5,user_gn_4a7f5160,Asus launches new range of premium laptops in India including Zenbook Duo - The Hindu Asus launches new range of premium laptops in India including Zenbook Duo &nbsp;&nbsp; The Hindu,0,"{""publication"": ""The Hindu"", ""headline"": ""Asus launches new range of premium laptops in India including Zenbook Duo - The Hindu""}"
2026-05-11,google_news,Consumer Tech India,HP,"HP Launches Over 20 AI Products in India, Including an Android Tablet and a Keyboard PC - Republic World",https://news.google.com/rss/articles/CBMivgFBVV95cUxQak5qREowUTNlcWtTcmhKN2ZRMjlKRktCTEdvbkppSFNEakdWc1QtVlBuOTUteHJPTWN3ZUdiTjhzWEVRMGFwdjMzZkNITXdHekdLaWl2b2t6SlB0ZWZuMk1jRk5nMmhNVGY0N1VKbzB1ZXhiWkJTajBOeDM1bEZsc0lxYjNaUDNIVVBwQ1RhVWxqcFU5UHlfMWNZeWJNbWcxVk9XN3dzbC1tbzJfYTBBaWoxMk9BS3hOampWQzdB0gHDAUFVX3lxTE1LX3BBTFhYSlJfYzIyMUowUjFDLXpIMUNrT2k4aXVCSW9takZUYzUxZUxCNjBsTVhPenJ6MHpFRy1YaURmR19ObldwTk1RZnU2djEzVVBLUGUzRk15dUxfcDNVR3lIUGI5NlV4QU83c09PbzFQOHlaYXhpS0hFVWZWV0dSdWNlVDNGTktzYkVhdkFXUV9adEpMY3N0NzJ0bGtnRGNpRFpkWFRiSkNFQUxURHZodWtCRURGTGtvOG1MU2liMA?oc=5,user_gn_7d963e80,"HP Launches Over 20 AI Products in India, Including an Android Tablet and a Keyboard PC - Republic World HP Launches Over 20 AI Products in India, Including an Android Tablet and a Keyboard PC &nbsp;&nbsp; Republic World",0,"{""publication"": ""Republic World"", ""headline"": ""HP Launches Over 20 AI Products in India, Including an Android Tablet and a Keyboard PC - Republic World""}"
2026-05-12,google_news,Consumer Tech India,HP,"HP launches over 20 products and solutions including India-first HP OmniPad 12, AI keyboard PC in India: - The Times of ",https://news.google.com/rss/articles/CBMisAJBVV95cUxOQmJ6LXdad3Vpc1JsSHdXeHlpNDZidWd5RVZqNkVfemltN0VxYjBYaDBSVlJsZ3V6eTVKT0NFWElqT1RVVzdsX195WmJTclRGSlFmSUNodzBrVEJJdEFuZFJRczREQkh2YlpZQ2ZpZGc0UE5ValJ3YlViSTZoSElwU29NWUpLbFJOZ09HQmNhMEdvX1VBTURkeTY5bVpLVWZhT2l2cGpIT19RVXVrLW15Zk9nN3dtVFd6WmpwRXpPOVhwQXhNdklzaEtXQnluQWE5NGtvNmNmMlNlbUJVaXBUVGs0dUtlZmVtQlZ2YmlyZzJXZ1EyWVgxcUItQU5fdnZjRWVXXzRuV2oyM0lpOVVlWGY0djZmcVhKTWRFSXJQM2I4a055LTZuRDlsdkVSTWFN0gG2AkFVX3lxTE1rdjVEcndXQzRnNXRKLUxGdUdVSXF2YVJpY01Jb2ViWGF6V3k5LUtrckQtRUV3S1RRVXI5bE9XdTZRQnJ5SDNTQjJtcG5BaVBfVTBoTkxtLVRXdnlxcmVvRWVCbWQwWUZGMHNHOGQ4SjF5QzYzZ2Y1M2N0c2I1WG10MUQybUV0Rnd6UEV2TTVkb0VhZWRaSDNXX2JMLXY0MlRjZ0s0NlN1R1VMcklHdDJwZTMxcm9nVHh3LUIweTlsV285aHczdko4R3Nnd0E5LXBEQnRIUk5DMnNGcm94Q2lkdWNGV0ZMUkdXUXQtbDdKWXUwR0tLdkkxbmNkWENIYmNhMDBBdkNldENjMldXaTJobnQxMUJGN0k0VFJ0eHdsQVZhRzVteEZmY3l0UnI0a2hCRWVsaWc?oc=5,user_gn_5ae29786,"HP launches over 20 products and solutions including India-first HP OmniPad 12, AI keyboard PC in India: - The Times of India HP launches over 20 products and solutions including India-first HP OmniPad 12, AI keyboard PC in India: &nbsp;&nbsp; The Times of India",0,"{""publication"": ""The Times of India"", ""headline"": ""HP launches over 20 products and solutions including India-first HP OmniPad 12, AI keyboard PC in India: - The Times of India""}"
2026-04-16,google_news,Consumer Tech India,Other,Amazon launches India’s first AI store as demand for AI-powered devices grows - About Amazon India,https://news.google.com/rss/articles/CBMibkFVX3lxTE0zOVNqb08xb0h0WnRjSlFmbGdMcHI3R0JDaFo2VG0xM1RLZm53dkF6bWZSQW5BR0NzTlNMWmdEak1TYnlESWoxSHh4RlVDNWNsclU0cFJJdW1FeDVDYXQwUS1adzZmZjFLeGVsTC1B?oc=5,user_gn_f7c07453,Amazon launches India’s first AI store as demand for AI-powered devices grows - About Amazon India Amazon launches India’s first AI store as demand for AI-powered devices grows &nbsp;&nbsp; About Amazon India,0,"{""publication"": ""About Amazon India"", ""headline"": ""Amazon launches India\u2019s first AI store as demand for AI-powered devices grows - About Amazon India""}"
2026-04-20,google_news,Consumer Tech India,HP,"Dell 15 laptops with Intel Core Ultra chips, Copilot Key and AI features launched at Rs 69699 onwards - India TV News",https://news.google.com/rss/articles/CBMi9gFBVV95cUxOMk5lYzk4MkNHLW4xdThFLUpvbGhqM182eGtfdEZrLXBVeXVEdHQ3RjU5Q0FHZmtNclFXVi1LcmlMdE02bUVGRzJuaExLSmZjRFlKNVJwdE1fbW5TT25KN3NBT093RDRnZG5qbENRZkFwbU1WbkdHN3hMUHVIUGliWlpxRVNxcC1HQkJGZ21PZ2ViYlZ6TjNLazFsYnVwSGNselgzN1RuOFBheVpLSVRUNVB1UU5LLWlqTW5UQjVkdFZxTnFKeGg5OTlhYVlPRmhvLWtjdXM2cDBsaVQ5UjJuWHJRNkFBTFZobU1SN1Utc2wyMGZPNHfSAfsBQVVfeXFMTWNmMmdKQkhpNF9TWHZ4NVMzTFlyTUxzUUROeUQyM1B0T3ZSVTBXTkNOb2gzeExKNVhMOFc0ZWxlallnVHhxMV9xbTkyTnNfX2xWUU4wV1RiOV96TEpYV0FzaGF5ZVhfYzF2Tmx6M3Z4aTNKWDN6aHVsZW9aUllTUzd4VHNyd09JNVJMamZ5MVVCazA3TGVYWXZQbHNrZ0lJcFB2dlQyendXektnSGtneUFRRzNpYTJOTjF3YzF4WGVkdThBUUpNeV9LanU3YWdHUVFMcUlxYnhPNmhaYWpBU2RraU83NWxsZmx4R0R3MnFOeEZ2cE1FaWRsU28?oc=5,user_gn_dfbada2d,"Dell 15 laptops with Intel Core Ultra chips, Copilot Key and AI features launched at Rs 69699 onwards - India TV News Dell 15 laptops with Intel Core Ultra chips, Copilot Key and AI features launched at Rs 69699 onwards &nbsp;&nbsp; India TV News",0,"{""publication"": ""India TV News"", ""headline"": ""Dell 15 laptops with Intel Core Ultra chips, Copilot Key and AI features launched at Rs 69699 onwards - India TV News""}"
2026-05-13,google_news,Consumer Tech India,HP,"HP Launches 20+ New AI PCs, OmniPad Tablet, And Workstations In India - Fossbytes",https://news.google.com/rss/articles/CBMikwFBVV95cUxNM045ODVLUGdya25Sd1dWUkl4RnBQQXZkY3NqcjRSWm1kRkJzX2JVcUlicmpwVU1Rdjh6X010QXhpSkFpTHZOSWs2ZHl6bEVFYjdjTENpeFJfY2phT2s3R3ZzZlpUZXYwUHhEUEMxaDVFajFkcVhWcjdabERqMGl3c0JmeXVBMjhKQWhaWXoxSXl5cHM?oc=5,user_gn_16f97497,"HP Launches 20+ New AI PCs, OmniPad Tablet, And Workstations In India - Fossbytes HP Launches 20+ New AI PCs, OmniPad Tablet, And Workstations In India &nbsp;&nbsp; Fossbytes",0,"{""publication"": ""Fossbytes"", ""headline"": ""HP Launches 20+ New AI PCs, OmniPad Tablet, And Workstations In India - Fossbytes""}"
2026-04-05,google_news,Consumer Tech India,Other,AI Laptops set to redefine India’s Tech Future in 2026 - varindia.com,https://news.google.com/rss/articles/CBMijAFBVV95cUxPQkZWYzlkRldtMmZzVEh5bWUzUjIxU3pVOHJLV2U0VE90MmEwNDBJRjI4c014LVpHTl9CUjBmOTdMUlFiczNUQ3p4SjF0SkJnZ0FqNDZHVEFGUGVla1A4MW5sc1pKYmFpWnVUc3lIVkxNdjM5QThJT3BYbzlmRmo2VnJ2WlhHVXB1bC1ueQ?oc=5,user_gn_576c2414,AI Laptops set to redefine India’s Tech Future in 2026 - varindia.com AI Laptops set to redefine India’s Tech Future in 2026 &nbsp;&nbsp; varindia.com,0,"{""publication"": ""varindia.com"", ""headline"": ""AI Laptops set to redefine India\u2019s Tech Future in 2026 - varindia.com""}"
2026-04-08,google_news,Consumer Tech India,Lenovo,"Lenovo launches Yoga and IdeaPad Gen 11 AI laptops in India, starting at Rs 1,19,990 - The Times of India",https://news.google.com/rss/articles/CBMi-AFBVV95cUxOajlfX0dlWjVLXzkxTVBnM1ZkOGFmbVpzdHUwSlNyTVZIVk9fMjZZY3RXOG9lU2xSUUJjS1pOX2lGNEFzN0hDUFJxMlNZODk4ZHRYU0JmRHBfTnRTU29IcTl4QXgwZVJFREkzenp4ZGUxNHByMk5idTkyRTJkR0lRcTJJQTh1Sy1wY2tMMU45d2czMS1uaU9QMWt0Q1hNOUY1cHZQZDE1WTIxN1VQUVpDTkRSVEFpV2VjMmtpRG5TOEc0X1VGZGNQUzYwc2ZoMjVsUy00MHpUeFhRTFVQV1BEajl0N3EwVm9haUJUQjN1d21ieGhPUEp0d9IB_gFBVV95cUxQYnotQ183MGpkNkRkN3RVYjNEVW4zTFFIbkVhM08tVWlWcW1wZUc0OUVmY3RmYVF5NWVVRVRHTC1tbnlXYTgyeVN0VzU2cHBDekVDbmZmTG9wUnc0czlJWDlVcFBTVHY5UDA0OXo4THpVbVQzWHZRbkJDbk93ZTFHbXZ2Q3U0S3N6Y0hBaHNOUmJ3Z3l3ZWVVaXlSWXBzQy0yNHBjNVhISVZkbHBVUXQ4MHZXNDhRTU1hYWhtekZsME9JZVp1V1M4Z1dxNS1OY1BUSnY3bTl3SVJQVjBzV3BKVkpibTdNc0V0dUN4YVdkM3I5UjNySi1xUVc0cXl1UQ?oc=5,user_gn_5ae29786,"Lenovo launches Yoga and IdeaPad Gen 11 AI laptops in India, starting at Rs 1,19,990 - The Times of India Lenovo launches Yoga and IdeaPad Gen 11 AI laptops in India, starting at Rs 1,19,990 &nbsp;&nbsp; The Times of India",0,"{""publication"": ""The Times of India"", ""headline"": ""Lenovo launches Yoga and IdeaPad Gen 11 AI laptops in India, starting at Rs 1,19,990 - The Times of India""}"
2026-05-13,reddit,Consumer Tech India,HP,My HP laptops usb mose isint working any im scared i hsve to get a new one.,https://reddit.com/r/laptops/comments/1tbjd7v/my_hp_laptops_usb_mose_isint_working_any_im/,user_96dcb68378,"My HP laptops usb mose isint working any im scared i hsve to get a new one. Hello, redditors. As the title suggest I'm having issues with my laptop's usb drive. Though I'm not building a pc, I was hoping to resolve this issue as soon as i can and i figured i'd ask ppl who are more equipped with the information than myself. Ive tried tik tok, google and unfortunately chat gpt as a last resort but didn't seem to figure out this issue. For context; I have a cheap HP laptop that I like to use to play games like the sims and roblox. It's not a gaming laptop, just a cheap HP with no other purpose but to entertain my girly hobbies. I keep my laptop beside my bed at night because im too lazy to put it away in case i decide i want to access it easy and play my game while its charging, so i keeo it under my bed for convenience. One night (not to long ago actually) i had a cup of water beside my bed and i was sippin it. It wasnt too close to my laptop but they both were on the floor close enough to one another. (You can probably see where this is going) my cat got the zoomies that same night and started running around the apartment. He knocked my water over and it spilled all over my carpet, however it didn't look to be spilled over my laptop which was a relief. I nudged the laptop to be away from the puddle while i dried it snd that was that. The most it was wet was just a little- what you could say it felt like- condensation on the bottom. As far as i recall it wasnt in an en",0,"{""subreddit"": ""laptops"", ""num_comments"": 1, ""type"": ""post""}"
2026-05-06,google_news,Consumer Tech India,HP,"Google Chrome is secretly downloading 4GB AI model on some laptops, here is what you can do about it - India Today",https://news.google.com/rss/articles/CBMi-gFBVV95cUxPeDBlMDVrZU9FRndQVEk0c3hTQk9YanpNVTNMcnVQWWxSWDhma2tsVTNsZ2MxRkNxcEVocTRXaktCZ3Iwb05rWktVUDhjMUowel9jOHRvbzBwN2RpeGIxd2NKaFVscmg5azRTUTFVLUhQbXhPQ2Fqem1pNi1hOGdQUUFUMlVmQURMZjdQZTRWSm5VUVdndHZtSHdwQTF0VEpUakZjQncwOFBaRVprSEdaTWFBZlJJU1JuM2ViMTFkdWRQLWFNZm5tb0tvcDQwRnNSVGxBSjdPb0ctSGxMTnVmNXowanhFZHZmLUJMQm5IWlE2Mkt4V18zeVhB0gH_AUFVX3lxTFBHOW9wQVduSDE2ZXkzdGZUVmFDMEJNTm4yUFRlMWM0NWlOZEhJa09raXdCWk1JLWNNRDctOW0wcmlSYTBzNWZ1MTZvVm5uVmdneWFGYjFiQmNaU3VSWW1sMFdjWUZjUDdicVJFVGx2WWVWY2F6ODFSVWNNQ2JoVThhS1JvQWszbVV6RGUyMDJONkc1V1dvRDJSOHZ4enBvVWV5Sng3Wk9VWGUtLW4yX3JRQkM5NXl0LTVQeC1aS0JRWU5mMFg1cGJxdl9LMmVmQWlac1hLWjVka0VLYjV0ZmtVMjNLQ1JYeWMtcjZZNDRfNWpRLTZkU014M0RLVGVKQQ?oc=5,user_gn_a9372d6d,"Google Chrome is secretly downloading 4GB AI model on some laptops, here is what you can do about it - India Today Google Chrome is secretly downloading 4GB AI model on some laptops, here is what you can do about it &nbsp;&nbsp; India Today",0,"{""publication"": ""India Today"", ""headline"": ""Google Chrome is secretly downloading 4GB AI model on some laptops, here is what you can do about it - India Today""}"
2026-05-11,google_news,Consumer Tech India,HP,"HP launches OmniPad 12 tablet, new EliteBook and ProBook laptops in India - India Today",https://news.google.com/rss/articles/CBMi1gFBVV95cUxPWmFCT1JiX2U3OUlBYjdITURJUDdlRC1uVVVoSTA0V3RvcnZIdDg3YXdReDVpdHdlRm9qdXdZaXNzVk5wdXFobGRWWU9ud1lKZS1ra2l1YjRDSWtUc0VQUC0yWFdvRExYX2YwZmsxc3dPYkRFZUVlNGdzdjExNzVWRVR1YmlNblhoZlc5bC10VmpzS2ZoZy1uVk50MTRaa2RfR2hBV0t4YUlycXpxTzAzTEpoZ0ROaU93VzdhMHFKQy1HUXVBVExXbXpJMk1KZHdXX2pfdHNB0gHbAUFVX3lxTE9STzZYblVfdWlNNzlnRTItS0xsd2dNN19XQ080ZWtubmZwdEpTVGxtbjFOczB4eVNMR05BUnNuMFNJaWhpQmhrVzNxMTQ2UHduTTg3LVRFSTlxbEh2OHRoRlFPZkRpa1BlUEl0OXBpZlFlZG1kYXJnbklGSjdDTjViMlRfTllRbG1EZmdYQTRsVDQyOGJjYVo4NUFDeFM5ejJiMVNYazFmYWJzbEl6dlBlOFVTc0xSeVgxMXl0WU1yUWQ1aXVzUGRBeFJwSi1sTnJkVHpDQ2JqV3dudw?oc=5,user_gn_a9372d6d,"HP launches OmniPad 12 tablet, new EliteBook and ProBook laptops in India - India Today HP launches OmniPad 12 tablet, new EliteBook and ProBook laptops in India &nbsp;&nbsp; India Today",0,"{""publication"": ""India Today"", ""headline"": ""HP launches OmniPad 12 tablet, new EliteBook and ProBook laptops in India - India Today""}"
2026-04-20,google_news,Consumer Tech India,Other,What is an AI Laptop? Should You Buy One in 2026? - Herzindagi,https://news.google.com/rss/articles/CBMimwFBVV95cUxNNTFVWktVUFlzcEtrWTVuZmFYQmJQaS0wajM0SUdOUm85RUUwVzlxclcxXzhwbjdxWkdDZ3dsem9iMnU4ZVRxRDZDSThjdWZzQmtKS1lQMmU1REZQRjM5eEstWkxQT2lKc2xYMG9OeHNGeFI5LXlJbDdPbHFWUzdlTUJpN0x3UEViNHFJOHhGUmQ5WDY3VWUyRlotQQ?oc=5,user_gn_98ee8d9b,What is an AI Laptop? Should You Buy One in 2026? - Herzindagi What is an AI Laptop? Should You Buy One in 2026? &nbsp;&nbsp; Herzindagi,0,"{""publication"": ""Herzindagi"", ""headline"": ""What is an AI Laptop? Should You Buy One in 2026? - Herzindagi""}"
2026-04-22,google_news,Consumer Tech India,HP,Asus ExpertBook Ultra laptop launched in India with built-in AI processing capabilities | Technology News - Hindustan Ti,https://news.google.com/rss/articles/CBMi5AFBVV95cUxPbm1mZWVySWNSSmhCYXV0NFdaNUJJYTBSSk9HcHc0NU5lVzJKZndlbWk3aUxNdkZwZ1lzNUNJdmtBRk5SeE52dUFTMDRkeTFQYUNxTnBJMXp1VHhDc2s3dXdfeWVxaTFDUVNVbVZxcTdVUkNpa3VPRXhCaEpDYzVBNEJkZDYwMElmbzJLRDJ2X21LUjBwM292ZUNLNDdMZVZtckJPQ3ZyeE1IWXB0UHZMWnR6MlBZcHNZeXkyVHlIcEp1SDFOQnZJR3R2Y0hpMG1qcVFVeUxsTFhQZ3JTVWJYaFYweknSAeoBQVVfeXFMTU0yMTVSUjFncnBfYmw5SXg2Q1VXeHJsQUYzc2ZUeFNEM0VmR1pNLUk4cU9BUnd4eHhpVnlKOWFSY2U1SnNRR0hiLUhwWVZjY050aTE0NlIyR2NnUlZqQmwxYUtwYzBEY3d2T3hDVEdlVjg1T3g1aDFuakZxMTJCM1EtN3NLcGNYZ2ZuMVBKN3FyZUpEVG96bk9lVWEyTVR5U1BlVnRtWVMxeVJ5bGlhdHJtU195VGptd0ZZWUZjdE1JZmhINFRZcWlMWDFoUzBjLTA2enVfMXRsMWRkVDhxMURyVmxnN1FOUjBR?oc=5,user_gn_99971f10,Asus ExpertBook Ultra laptop launched in India with built-in AI processing capabilities | Technology News - Hindustan Times Asus ExpertBook Ultra laptop launched in India with built-in AI processing capabilities | Technology News &nbsp;&nbsp; Hindustan Times,0,"{""publication"": ""Hindustan Times"", ""headline"": ""Asus ExpertBook Ultra laptop launched in India with built-in AI processing capabilities | Technology News - Hindustan Times""}"
2026-04-17,google_news,Consumer Tech India,Other,"Amazon India Launches New AI Store As Demand For AI Devices Grows: Check Smartphones, Laptops, TVs, and More - Gizbot",https://news.google.com/rss/articles/CBMisAFBVV95cUxQMTE5U0VsUmE4MEoxU0M5T0lSVDVEamlhdHdYMk5tYWE3cWFJc3hjb0lIdHBaM1NOY242eXcwZDJ4MGFRSE9vYWlNU3ZDejg2ZktxQ0NMYmlUVWlQT1I4NFYwWkNzQ0lRVTFjanFoY0VxMVdvcVNjckJveWNENGFmc0ZqUjNzQnFXSHM3SVNQS3cyQXg0MHRQek45dXFXR3RfMUFMVzFScVJheXNRbVZMWA?oc=5,user_gn_d885d4ff,"Amazon India Launches New AI Store As Demand For AI Devices Grows: Check Smartphones, Laptops, TVs, and More - Gizbot Amazon India Launches New AI Store As Demand For AI Devices Grows: Check Smartphones, Laptops, TVs, and More &nbsp;&nbsp; Gizbot",0,"{""publication"": ""Gizbot"", ""headline"": ""Amazon India Launches New AI Store As Demand For AI Devices Grows: Check Smartphones, Laptops, TVs, and More - Gizbot""}"
2026-05-13,google_news,Consumer Tech India,Apple,"Google announces Googlebook, a MacBook Neo competitor, that is built around AI - India Today",https://news.google.com/rss/articles/CBMi2wFBVV95cUxQeUxxekd6TUtjRVpueHRCVWl1WXlBWU02N1VPZThmc0lOVjl4dTU3a1FPQ1JOQ0JodkFMckpVck5HQy11X1EtVHVwMG9KSFVzeTZLM29vbUZIa0VVYU84Z1ctVkQwUjlGVW9pVjR3dldKT0g4eFRXemhIWkt4cERFSHJaLVV1Y0M0U2FXRF9weXl4Y1ZiM3VtRmoyejJkYVZzV0cyU0JsSUU2WnQ5ZFhUUU1LYllRZ1NQQ3NPVGxxU0FGemdEWW02M3ZjelN6ZlAyTXVIVEhscVZPN3PSAeABQVVfeXFMT2ROMUk3aDRrYXdDNE1DTEJXaFBLR29FdXM1dGpncnZDbmlkZUFaYWpLWFI2VndDVlN4VnNPVGtob09abFk2N0NsaDNhRkxCVS1EZ0ZJdjNBcGlxZi1JcWtYcXFWVmZWcUJ2ZHR0QlpJSm91Z1dvdUl6RjdmamlGY0tZWi1kOENVWWp2MnNpeXlacnlkY0dXeFVvcEp2ZFlWbnd3QlZIWWdWcm1yVUlnT3FMYmM3M2drR2pfUUh3OEl1N3lNLS1DN19uMFZ4aWd4NlNQeHhaeU9CcFRnU3A4S0g?oc=5,user_gn_a9372d6d,"Google announces Googlebook, a MacBook Neo competitor, that is built around AI - India Today Google announces Googlebook, a MacBook Neo competitor, that is built around AI &nbsp;&nbsp; India Today",0,"{""publication"": ""India Today"", ""headline"": ""Google announces Googlebook, a MacBook Neo competitor, that is built around AI - India Today""}"
2026-04-29,google_news,Consumer Tech India,Other,"AI, affordability reshape India's smartphone buying trends in 2026: Report - Business Standard",https://news.google.com/rss/articles/CBMi8AFBVV95cUxOYVhHSV81dFh5bm84ckRSRG9IQnJTZnpNaVdKM3NOM0xzTkxkNFpSVUNqRkZXb2FFbnJQaURBYklSbU5mOGFNSThUWHo0cjVmdndaaGcwcDNoVkVyRXhuZTVrOHVRekZHTk9JMmxidEJJci0zRll5TEx2ZFlQeDBvNmhCRDdkdUpCczlzWVhyWXpTMWNhQ3NkenluNjdreFlUOTZPemN3aF9HaGhZMUxaODV4aHltRWF0Yk5fQ3VOUnNNUVJyTGxGVi11R0N5YWQybElVZjN3OEk2TUktZnQwNlpMWE9RRzRrVi1TemI0TETSAfYBQVVfeXFMTk1sRHdObkE2Rlo1RTBiOTI5S2E1OWtFdFpCYW5BZ2dBU2tWa2tzaURXdkp0cndYcjlGc2Y2SkZZeDFERkVfSEttazl5bDZtQW9ocDVISTdBMTZOV2pqRkhHbFFQSFhKMHVBLTZFRUJtQnNuclMxWlZKcW52cXdKNFhoanZUbWNlU1lESkZGaHZoalZXNEI2QnFsWkdkdFZnekFlMVJfYXkwbk1vMnhMc3ZidlZKT1NGd0xlZnNjTTQzMXQ3aHcyN3hmcmM4WS1GOHVkZjFBdnpLNWkzWXdHZ29MXzhENDJPYm0xNzB1R1JUdTQtYmNB?oc=5,user_gn_2b0f241a,"AI, affordability reshape India's smartphone buying trends in 2026: Report - Business Standard AI, affordability reshape India's smartphone buying trends in 2026: Report &nbsp;&nbsp; Business Standard",0,"{""publication"": ""Business Standard"", ""headline"": ""AI, affordability reshape India's smartphone buying trends in 2026: Report - Business Standard""}"
2026-05-10,reddit,Consumer Tech India,ASUS,I want to buy Laptop...,https://reddit.com/r/GadgetsIndia/comments/1t8vpua/i_want_to_buy_laptop/,user_5ea023613d,"I want to buy Laptop... Here's what i plan to do in it - Programming (Python, Java, HTML, CSS, JS, SQL, Node js) - will prob use VS Code and Maybe BlueJ - Gaming: Minecraft, Among Us, some other games. - Game Dev: Unity or Unreal Engine... Maybe Godot also. - Animation: Blender, Opentoonz - Video Editing: Davinci Resolve, (maybe-&gt;) Premiere Pro - open many tabs (as many as 6) - attend classes So yeah.... Budget is ₹1.5L. However you may recommend laptops of ₹1L also if its good for the above purposes.",0,"{""subreddit"": ""GadgetsIndia"", ""num_comments"": 1, ""type"": ""post""}"
2026-04-29,google_news,Consumer Tech India,Other,Indian Smartphone Buyers Shift Focus to AI Features and Real-World Usage Over Raw Specs - Dailyhunt,https://news.google.com/rss/articles/CBMiiAJBVV95cUxPR2RvZ05NUWZTOU02TVRSRi1INXk5OGdzYUNBRlNBM0pabjgxSzNHRzNYSzcyVzlMOUJyYnVjd2hEcjYzU0NhUzBEcGo1MTY5eXJsRFdkeWlyNVBERks0TU1Ca3VNYkF1UUVYS3Y2RzR4c2xqM3BZU1d4Z2hSc1Byb2N5eGl3ME1HUkRUbXR4d004ZHMyNlpNZ2M3dm40d2QzLXF3XzQ3VlRQYk1jTVF6OXBrV3MwdUZEV1B2dlY2VU9mZ09FUEhsUnVhdVdYX3FBT213czViR3hfTHdmUWFNOTdtUnFacDR2c2lPQ1RWc1NOdGxSY2VCVmk5Y1M1U3BocFRNeVpTcXU?oc=5,user_gn_5941181d,Indian Smartphone Buyers Shift Focus to AI Features and Real-World Usage Over Raw Specs - Dailyhunt Indian Smartphone Buyers Shift Focus to AI Features and Real-World Usage Over Raw Specs &nbsp;&nbsp; Dailyhunt,0,"{""publication"": ""Dailyhunt"", ""headline"": ""Indian Smartphone Buyers Shift Focus to AI Features and Real-World Usage Over Raw Specs - Dailyhunt""}"
2026-05-05,google_news,Consumer Tech India,Other,Memory price surge drags India smartphone market in Q1 amid geopolitical tensions - IANS LIVE,https://news.google.com/rss/articles/CBMiuAFBVV95cUxQOGp2X3ZnVGFwdEZyVDN6QVBmNHJoQVY5S1FlOWRBNUhOZDBackN5WWdrSGZGY0RFbm5MWk82a05mb3p5WGFDczZHTzVzZmllVk9vOVM0OERHX0hOUG1GelY5UkdUZk9McUcya2Fta3FIa1htREVVRkxPZzhSSGZDdjBiRV9IU0pLbF9hSnlMZGJzMEIxNC1pd29vT1I0SEFZVTBaYVhuakgxWmRlXzV4d1hWSUdId0d2?oc=5,user_gn_c8c48f24,Memory price surge drags India smartphone market in Q1 amid geopolitical tensions - IANS LIVE Memory price surge drags India smartphone market in Q1 amid geopolitical tensions &nbsp;&nbsp; IANS LIVE,0,"{""publication"": ""IANS LIVE"", ""headline"": ""Memory price surge drags India smartphone market in Q1 amid geopolitical tensions - IANS LIVE""}"
2026-05-12,google_news,Consumer Tech India,Other,India’s Smartphone Market Slips in Q1 2026 as Buyers Delay Upgrades - MRAMC Media,https://news.google.com/rss/articles/CBMigAFBVV95cUxQTGtXbUhZYmVHemxWdEZxUjJFNkJUelYtZU5Xa0lKS1czcXVOa3JYdWNLN0d1SmkzSjVhcGQ2X29kOHdIX3ozZ2FNcFJnX1VieXZhVU5GUDBmcDR0Y0lOZHRzaC0zR3hULVQ2N0ViUm9fajF5SFhROUlfRkR3UHJfOA?oc=5,user_gn_91642d6b,India’s Smartphone Market Slips in Q1 2026 as Buyers Delay Upgrades - MRAMC Media India’s Smartphone Market Slips in Q1 2026 as Buyers Delay Upgrades &nbsp;&nbsp; MRAMC Media,0,"{""publication"": ""MRAMC Media"", ""headline"": ""India\u2019s Smartphone Market Slips in Q1 2026 as Buyers Delay Upgrades - MRAMC Media""}"
2026-04-02,google_news,Consumer Tech India,HP,India's 220 million feature phone users want to upgrade to smartphone - Business Standard,https://news.google.com/rss/articles/CBMizgFBVV95cUxQWlRsWW9taEplTzZVQUxzckNmVXRQU1VMMkNPSTVXREhlU01yT0daMVVVUlVWVnVOLVlzRDBPamh5UjA3NTZmaDBfekJhcVQtQndkNWZBYjhQOXBuZG9nOWllVWdYd0FBWnNpTnRPajd1RzJwSGk4dWlFajhRV19GOHhaOXBmMzRscktnY0tucUlBb25qMUthZGhDLWpqOFpwSWViNXE1bWlYQ2FfNkppaklWY01xUUpBSU52bDJNQWw1RFJyaDNtd2xVeXhPd9IB0wFBVV95cUxOcG1nT3RXUUxxWDdqWXJPUXM4a2NtVkZpQ184R2J4OUV6cEpvR1YyZmtfaFVpWTAtTEJsdk9scDZwWGJLWVhXYXQ3bDUzcXBZMUhUVVhWNHFFdkVCQTRsOFlUekpsU2R5TlhzVTNXTlpUb21FaFhPeTh4ZlNSWkR1T2tYT01wVzRfdVE0NVZOdDZZRG9vVl9seXI4SzdORFdaekZycDRVYTlreXZPeWlCSU5acDFfMXV5dEVRSXlmRlZwcHhEZ21OeEhpOXZTdHNnZWlF?oc=5,user_gn_2b0f241a,India's 220 million feature phone users want to upgrade to smartphone - Business Standard India's 220 million feature phone users want to upgrade to smartphone &nbsp;&nbsp; Business Standard,0,"{""publication"": ""Business Standard"", ""headline"": ""India's 220 million feature phone users want to upgrade to smartphone - Business Standard""}"
2026-04-15,google_news,Consumer Tech India,ASUS,ASUS Launches AI Powered Zenbook and Vivobook Laptops in India with Premium Features - The South India Times,https://news.google.com/rss/articles/CBMivgFBVV95cUxNdlRHX2pPcWpodEdvZkoxUmdFSVN1bzlKX1FZZWl5VkVLUkloSVAxdlZiYlFlQ21lRWJOejVzSUxVR3MxcDc5UjdjREdBY0NRZTc0R3NNTWNxMlRwbW5sWFpqXzhBU0J5NXJmSTVqLWVvVGh1Q2ctMjVzUGdiWDFDMjE1WmVxeE94NlZqSEJ0TzRlOVN4VDVTd09zV0xoQjNkV3c0SmZxaXlNdGsxS1hOcFkwSmlnX2xLTjF1eWNR?oc=5,user_gn_f06bb3f5,ASUS Launches AI Powered Zenbook and Vivobook Laptops in India with Premium Features - The South India Times ASUS Launches AI Powered Zenbook and Vivobook Laptops in India with Premium Features &nbsp;&nbsp; The South India Times,0,"{""publication"": ""The South India Times"", ""headline"": ""ASUS Launches AI Powered Zenbook and Vivobook Laptops in India with Premium Features - The South India Times""}"
2026-04-29,google_news,Consumer Tech India,Dell,Dell XPS is back in India but the price does the talking - PCQuest,https://news.google.com/rss/articles/CBMiqwFBVV95cUxOd0hxLVgzbFctX2pXSDZfYWdhUnMzT0ljR3VEdkF3c0NQa29nZnVCczBQQkh1QXFGazJuejZQajVSRThyYU1EWXJ0NHZGYjBoV0ZmVUxXbXZQcE5VbFBMVFlCRXNZd294LTNCbDJqdnl0NWM0c1R1SU5KdHlYbHh4ZkxoZEZwYy10d0J1WUZFZVNWb2ZISlY2VDVoZDhXTWxiQzNjUWk4Ml80U1XSAbABQVVfeXFMTTNyRDZnZno3VjdreE0yd3h4R2Y0ajY5UjVTVVJyTmY5dm1Ld3lrNkNibHhnbUVsNGltRUJtLVJ0SlN0MzFTdUlrRHBGZW0xRzdhVWhKcy02dTNIWURYVTI4MXM5cUZYSVlDTUZFMEgxLU9BT0k0ZkdoNmpvYXBTQ2lweFZFVzZZSUk3bTNEY0U5QXdZQkNETGFiVDhYc3ZMWWhvUEZGY2VuTkhkemx2UE0?oc=5,user_gn_bfe2725f,Dell XPS is back in India but the price does the talking - PCQuest Dell XPS is back in India but the price does the talking &nbsp;&nbsp; PCQuest,0,"{""publication"": ""PCQuest"", ""headline"": ""Dell XPS is back in India but the price does the talking - PCQuest""}"
2026-05-11,reddit,Consumer Tech India,Lenovo,Aah shit here we go again laptop suggestion needed 1lakh to 1.6lakh,https://reddit.com/r/GadgetsIndia/comments/1t9wvca/aah_shit_here_we_go_again_laptop_suggestion/,user_22f2196365,"Aah shit here we go again laptop suggestion needed 1lakh to 1.6lakh I am looking to buy a laptop in the ₹1 lakh to ₹1.6 lakh range and needed some suggestions my main use cases will be Gaming video editing and since will be using it for my btech in college so Coding general multitasking and long-term daily use I want something that gives a good balance of performance, thermals, build quality, display, battery (decent enough cant expect anything great from a gaming laptop so 😓), and long-term reliability. Which brands should I seriously consider in this range? Lenovo, ASUS, HP, Acer, MSI, Dell which brand is best overall when considering after-sales service in India for warrenty claim stuff if something happens Are there any brands/models to avoid due to common issues? Like motherboard failures, hinge issues, overheating, bad thermals, screen bleed, weak service, etc.",0,"{""subreddit"": ""GadgetsIndia"", ""num_comments"": 1, ""type"": ""post""}"
2026-04-14,google_news,Consumer Tech India,ASUS,ASUS drops new Zenbooks in India and the premium laptop race just got louder - PCQuest,https://news.google.com/rss/articles/CBMixgFBVV95cUxPNURfUDJDYlNydVhIYlNmN3lpbktzRm1yQS1DN3JRY0pLalZ0RXF1eFBjYmN3bUtTYjJsanZEZ2Q1TGlyVFpBS0RrXzEzSWp2Yi1SenNxcFZCRXdYLXFNQ1dnSmtZNFFPYkNBUm1vQmh2UVhUUW1ZMmlpbWt1OW51VjU5dnoxcVFibnk0S2Rsc2t3VjMxZC1rZi1aeVVxRXliNGNhYmVNdGVSZ21idzdTYUNWSmJENW5MS3lGb3l2VFNuUFg4OEHSAcsBQVVfeXFMTzFjZ0RoRmV4TzRBNXFwcFR4Ri13RTFPSVplbHhHS0l1dzduaWhKUjNwWkMxa1ZMbzk5V01ZaENFNG9XT0duZ2ZCZFI3MzU0TFc4QnRial9OdmhuNHRLbWF3M2VpdmRRSkpJN0t6ZmZBUTBPaTQzaVY4WWxHemFrMGhza0o0NEVxdS1xUjBVTnBQcmlDNlRvQkpZNDZmZGhlRVJ0c3VsZGtSZmRvVmpRaVdReFNZdWdZOUVqYVFOODl2V2ZvaTdrNzlELW8?oc=5,user_gn_bfe2725f,ASUS drops new Zenbooks in India and the premium laptop race just got louder - PCQuest ASUS drops new Zenbooks in India and the premium laptop race just got louder &nbsp;&nbsp; PCQuest,0,"{""publication"": ""PCQuest"", ""headline"": ""ASUS drops new Zenbooks in India and the premium laptop race just got louder - PCQuest""}"
2026-05-11,google_news,Consumer Tech India,HP,"HP Launches New OmniBook 2026 AI Laptop Lineup In India With OLED Displays And Snapdragon, Intel Chipsets: Check Specs, ",https://news.google.com/rss/articles/CBMigwJBVV95cUxQQVNGYktiWEZaU3FJQVp3Rlp4clZ5OEpINXJtdEtqdnRvbzlDaXJubVRvcEp3T1dEMWhDRTgyRTJVZzB3cjJXRDBFckpiZnphVEs4bFVBNk9hNnIyaWgyMFg0QlphVkdZckRIZG1wd3oxQ3p2YU5vYTI0bWtRc2Y2a1J0T1plT1dHNGZHbmNHR0Z5SHdCYXFMUnVyRnFBTHlfWlM3X2FlX3MtWjlBcUZPNGxPNkpuNHVYbWtUYVFkLXdvazRsOGUwU1ZFOVN5R01naUFEcjFkYVpzS1pBUTFJbTBMUGVfOGtyVW1XOUswdFZYN2VSRHZWYWEtd0dzdjhtb2lz?oc=5,user_gn_34bb3fc6,"HP Launches New OmniBook 2026 AI Laptop Lineup In India With OLED Displays And Snapdragon, Intel Chipsets: Check Specs, Price - The Daily Jagran HP Launches New OmniBook 2026 AI Laptop Lineup In India With OLED Displays And Snapdragon, Intel Chipsets: Check Specs, Price &nbsp;&nbsp; The Daily Jagran",0,"{""publication"": ""The Daily Jagran"", ""headline"": ""HP Launches New OmniBook 2026 AI Laptop Lineup In India With OLED Displays And Snapdragon, Intel Chipsets: Check Specs, Price - The Daily Jagran""}"
2026-04-07,google_news,Consumer Tech India,Lenovo,Lenovo Ultra-Premium AI PCs Launched in India with the latest Yoga and IdeaPad Series - My Mobile India,https://news.google.com/rss/articles/CBMitwFBVV95cUxOZVRaVWFpRGpnUENmMXAtVDVjUUNHeHVvQ0pBeHNwX01ZWDhZTzBQdFpmbldwYTA2TkZJU0JEM2dKZG0xM2hpUzlqendEQ0J6MXdpZ0VJZnpGTGxLaUJDX1AzQ1hqN2xZYlRiMGFJbDg1V3p3bEdFb2ZBTzNDdzZ4SjlGcmFnbVpud1hCcUxYUDNvSHhzV2w3OUtvNnVqZzgzMU1sS1diX2Izc241Ty1JUmpQUi1lNE3SAbwBQVVfeXFMTjg4bkd0YzQ5SUFKZnRLdGtCSlNwblVpT1cxbGFIT0MzQjdYbGU3Y0hmdVIzUFZ1ZlBwQXFZMkIyYWdjZmxnQ2RBTVlNYWxhYzVISThpUjh5ZXQ1MHFKb1RUcmd1c0d1YXoyUFhTeHZkbzVtSy1fMFJkSWMxal9fNEZlVVp3NzlSS1RlVm1OeU16UV9BUTRicXl1XzhrMWpNSGo4SFRCWG9GbjZFQ3RKRTVscDdmSXRLTUpFX3E?oc=5,user_gn_8a34b6c5,Lenovo Ultra-Premium AI PCs Launched in India with the latest Yoga and IdeaPad Series - My Mobile India Lenovo Ultra-Premium AI PCs Launched in India with the latest Yoga and IdeaPad Series &nbsp;&nbsp; My Mobile India,0,"{""publication"": ""My Mobile India"", ""headline"": ""Lenovo Ultra-Premium AI PCs Launched in India with the latest Yoga and IdeaPad Series - My Mobile India""}"
2026-04-13,google_news,Consumer Tech India,HP,Samsung Galaxy Book 6 Ultra Review: Finest Windows Laptop in India - BW Businessworld,https://news.google.com/rss/articles/CBMiqAFBVV95cUxNaDQ2eUZfc0UyQWdJTTV0QlVKbmo2al9OOWMzbXBQaE9zS0NQYWV1M1VLeEpFTmRMcFUwV0RDQ2VsYkJtVWNfM2UtVUNkZEhFTElqTGJtQzdnUnRfRmJzT0M3WXpFU3BVbUFGOE1acUFGTTdPZXdvME5naUUxZkRVN0lucUhxRmwwNkhpSWV3X0NZNmtxU1J0ZDlybHQyVzUxcnVQYmR4cko?oc=5,user_gn_3768c6e9,Samsung Galaxy Book 6 Ultra Review: Finest Windows Laptop in India - BW Businessworld Samsung Galaxy Book 6 Ultra Review: Finest Windows Laptop in India &nbsp;&nbsp; BW Businessworld,0,"{""publication"": ""BW Businessworld"", ""headline"": ""Samsung Galaxy Book 6 Ultra Review: Finest Windows Laptop in India - BW Businessworld""}"
2026-04-01,google_news,Consumer Tech India,Apple,Apple gets off the premium perch with Macbook Neo - Forbes India,https://news.google.com/rss/articles/CBMiogFBVV95cUxQMkhLVzFDWjhkUW1EVFVLRldsLTdhS2kyUUhfM3pKMExzQzJiTUdCTVVGSXVHOXlMX0NCTXdzWDczZVFfUDdaeFl1S0NxeUk5VEdFNWxReXAxSjhaSnpoVTliVF8xXy1aR3UzTkhvRndDbWZYaXpkWmc2eUp5bFZkeHVLQld4MTR4SGdIaWZmZUJST3REdkZWMmx4OHhBb2FkWHfSAacBQVVfeXFMTkRkVUg4OVh2Wks5R2t1SjI1TEM3NXMwMnFrSzJ6T2JpTWlQR2R3UlRDalBpaHlYZnVrZ2xWd3lGbFVfN21mMlEyM2ZDZTNlMFlRWlZTLUlEYmdaUkZXb0RONEhoX3R4TlY1ZlhxaEJRdmRIM1JxWmhqSnp4bGsxeEZfa1RkTmJhaHNkMUpQQ1hqTW9YN2ZDU2c4WUU2cGxKSUhOSDd1ZGs?oc=5,user_gn_9ee38de6,Apple gets off the premium perch with Macbook Neo - Forbes India Apple gets off the premium perch with Macbook Neo &nbsp;&nbsp; Forbes India,0,"{""publication"": ""Forbes India"", ""headline"": ""Apple gets off the premium perch with Macbook Neo - Forbes India""}"
2026-04-08,google_news,Consumer Tech India,Lenovo,"Lenovo launches new lineup of Yoga and IdeaPad series laptops in India: check prices, specifications - 91mobiles.com",https://news.google.com/rss/articles/CBMimgFBVV95cUxNVnpPOHN1aFZzWEQ4U0VGZHg4QUE5dkduN21VVGFqbUZPenlTaGMxYUprWTdDZ28tOFBMZHlLRWFVUHVJSm5KQVpwYTV3c3I0SVBLSjdQS1BQbjBZa2dVYU1xTWVFR1RfN2tUUU9RSFUza3dfWXRkdzRnREVsSXZKT01URDMyVjZvV3EzTVpZNS1xV19VWmxxSVBR0gGfAUFVX3lxTE5UQ3RQSkNPUFpQcHU2aUxQUTVtanVUN3RPSTgwTGNzY3pFcWI0cGF1bS16R2xfaklNcGlzTkRkaFpfUHVyUEV4X3lRLU5qTzYyTE1kYXBJanVqSEp5OXVSTUhYUFk3enNKSWU4cFp2ZEt5NjA5YWhpMHV4elpHRU5uMmFZQ045dnhobkx4M1RxZmdDNXZJYnVyUXBCR0hkbw?oc=5,user_gn_e27a9753,"Lenovo launches new lineup of Yoga and IdeaPad series laptops in India: check prices, specifications - 91mobiles.com Lenovo launches new lineup of Yoga and IdeaPad series laptops in India: check prices, specifications &nbsp;&nbsp; 91mobiles.com",0,"{""publication"": ""91mobiles.com"", ""headline"": ""Lenovo launches new lineup of Yoga and IdeaPad series laptops in India: check prices, specifications - 91mobiles.com""}"
2026-05-07,google_news,Consumer Tech India,Other,"Best Laptops 2026: Our benchmarked picks for productivity, portability, and battery life - Tom's Hardware",https://news.google.com/rss/articles/CBMiXkFVX3lxTFBKTFBUSE5GMnRDNUlZTW1iTjd3ZExaMWdabFNLNlBSMGwtRmRuR0FzZUdVci04YkJncGc0ckp1V0lHbWFYcHdWTnpZTDcwUlhtelBKV3hSLXJ4eE0zS0E?oc=5,user_gn_bb4f971c,"Best Laptops 2026: Our benchmarked picks for productivity, portability, and battery life - Tom's Hardware Best Laptops 2026: Our benchmarked picks for productivity, portability, and battery life &nbsp;&nbsp; Tom's Hardware",0,"{""publication"": ""Tom's Hardware"", ""headline"": ""Best Laptops 2026: Our benchmarked picks for productivity, portability, and battery life - Tom's Hardware""}"
2026-04-28,google_news,Consumer Tech India,HP,"Dell Launches Premium XPS 14 and XPS 16 Laptops in India, Starting Above ₹2 Lakh - Dailyhunt",https://news.google.com/rss/articles/CBMi9AFBVV95cUxNVjEydl9QQ1l3RUtCXzFCNUloaVJVWWZnNWpMa1FodGVCVENtMG05aHVBSTRtdlRQWlRXaVMzYVMtbWxoc25NeEpqTG4wRWFtMnNXaFhnbjNjNHdVeGJNV0RaU3VXQXdXNTN6cDZHYlBqTmVCeEExaElpN01hXzhpMUJxQ3R2YV9sU19RZ3NCbzBZRk8yXzJYeGJjdFZBSm5lb0dIenNEMDlaX0IySTRYRzFKNWNiNzhwU2lya3V5MEp5M1Ntc25fcE5raVktTWJHZzVqU2s2OFRVckcyWUZtb0NDR0NSd2ZPX1lhS3hWOEVLdTM5?oc=5,user_gn_5941181d,"Dell Launches Premium XPS 14 and XPS 16 Laptops in India, Starting Above ₹2 Lakh - Dailyhunt Dell Launches Premium XPS 14 and XPS 16 Laptops in India, Starting Above ₹2 Lakh &nbsp;&nbsp; Dailyhunt",0,"{""publication"": ""Dailyhunt"", ""headline"": ""Dell Launches Premium XPS 14 and XPS 16 Laptops in India, Starting Above \u20b92 Lakh - Dailyhunt""}"
2026-04-23,google_news,Consumer Tech India,Other,LG Gram Laptops Set to Return to India with ‘Made in India’ Push - My Mobile India,https://news.google.com/rss/articles/CBMimAFBVV95cUxQME1oZ0llaEhLUkptR0htVThib01JU3BuT2hRSkE1N2QydTFISlJUX29ZQmlSdldxcERHUFhVNTY5VjYteFlCcW9OaVlhNUFSUUtMak5BVXVCdGR0MjQ4ZjdXUDhMWTRnLVhzT2Q5UGRlRXhiREJJN1ZJQjREMTBUUGFSQlVEUXBKVjV0eC13ZzJkdW9WX0tJMtIBngFBVV95cUxQZ0JWZ25NYjBfQ0tvdUo3MGNRTVJHbjNPUzZCc0dFbThJYzJ6amxIS015c2N0czUwbGZqZU9HY2NVb3ViazlGTm9SaEtzSkx4cGlmMmhIeUFDa3F3dmpuSjBfc1h3YU9lWW9Scmd1ZnZXc0VZVWwtMmlrY194bnBQdm82VXd5Xzhjb3VMVUZxaDBnVVZtVGx5Z1dtOEpBQQ?oc=5,user_gn_8a34b6c5,LG Gram Laptops Set to Return to India with ‘Made in India’ Push - My Mobile India LG Gram Laptops Set to Return to India with ‘Made in India’ Push &nbsp;&nbsp; My Mobile India,0,"{""publication"": ""My Mobile India"", ""headline"": ""LG Gram Laptops Set to Return to India with \u2018Made in India\u2019 Push - My Mobile India""}"
2026-04-27,google_news,Consumer Tech India,Dell,"Dell Brings XPS 14, XPS 16 Back to India With Premium Design and AI-Ready Performance - Republic World",https://news.google.com/rss/articles/CBMiuwFBVV95cUxPdDcySExVWnN0aVdWNG1MYmxYNlhxLVZncjhYRGs4Q2tQLUR4ckp6R05OVF8yQU05UnRtazBkc19vTzZIWHlzaDlBNWFBN3BDSWNrSVBzdTNnY0xyRFlhbDA1MW1yUDBpNXIzMzl1aWc3Y0Z4ZGd2VlkwM091U29FcUNKMi1PLWZuR1hoNF9WME5xVTF3U1JKT0FjUGZlR052bU5pblZXWFYzT1pXeE9jRWp2R2U2UERkUmpZ0gHAAUFVX3lxTE8zRktfUFcxUC1wZTRkNWNPeUpaMllCTGhtQmxaeVdnN0dnbXNXMTNYUFgyRFNfOG43QXl5Z0tDOEg2U25GemRBZ2g5RWVhSFU1b3R5dUNBdGtPR3lKOTRhclpBYjVVQ0huQllyaFlIbnY2R0kzdTExY0JkUjdFME1nTzdwOHBHTU9PLWVQanF6LU1tNXl2VVVTNjljV0V4Zi14M0JyUEVFRHB4QkxGa2drU3hyenl1QTE5dTZ1U1B2ZA?oc=5,user_gn_7d963e80,"Dell Brings XPS 14, XPS 16 Back to India With Premium Design and AI-Ready Performance - Republic World Dell Brings XPS 14, XPS 16 Back to India With Premium Design and AI-Ready Performance &nbsp;&nbsp; Republic World",0,"{""publication"": ""Republic World"", ""headline"": ""Dell Brings XPS 14, XPS 16 Back to India With Premium Design and AI-Ready Performance - Republic World""}"
2026-05-08,google_news,Consumer Tech India,Other,"Mother's Day 2026 Gifts: From investment bags to AI Laptops, 10 best Mother's Day gift ideas for every budget - Business",https://news.google.com/rss/articles/CBMiggJBVV95cUxPaXpPOFhCZkRjcnJVUUZVX2I5QW14QXBtLWFlSEJWQmExTzRiMEE3cjRfZF91LTgxMGIzWi0yVG1IQVI2VUtKbHhoZDFCaHgxc1J4NTFub2tFbHZhSFBjX1V3MEdqcVJxLWxzRTBVRkRub3QxVTZFSlg1RExfS2M4WS1faE96dzlnNXZBM19jUVNhZm5TV0RleHRJcnl4T3gyMVM3eVlWUk1uVFFhZ1NzR0Q5VEJPczN5UWVkcFNoNlZoaUczZlVXU3g2TlJYamhINUt6MGpmZ3l6M3BDdkRlWlNhRkd5WmxmeDVvS29LOW85UV9TclVNV1NMT1ZPanpHbkE?oc=5,user_gn_329501f4,"Mother's Day 2026 Gifts: From investment bags to AI Laptops, 10 best Mother's Day gift ideas for every budget - Business Today Mother's Day 2026 Gifts: From investment bags to AI Laptops, 10 best Mother's Day gift ideas for every budget &nbsp;&nbsp; Business Today",0,"{""publication"": ""Business Today"", ""headline"": ""Mother's Day 2026 Gifts: From investment bags to AI Laptops, 10 best Mother's Day gift ideas for every budget - Business Today""}"
2026-04-16,google_news,Consumer Tech India,HP,‘30 per cent of our laptops sold are being bought through no cost EMI scheme in India’: Asus India VP - The Indian Expre,https://news.google.com/rss/articles/CBMi5wJBVV95cUxNYkZqTGhfR3lkT0x1SU93aGZlZVNTbndlcDVOdHRxeHdWLXRlS2FtWGh3akt0QTRBMFN6WW9uYmhjNVJZTVR6aEtXa2hiUG9WTnp3a0V1SHNPSEcyeVFOOUswc3pLZzc0SWcxMFRlbFpxcGVOaUVHSXFEazJMVFpFek9CYmhxeThSd1FMbTJlWVRGVUx3NzB4TU9QOE1EZ01lc0RFTjJSVGd1Z3NBc3Y2Yk1NaldTajR5YnA4UzVSMkZNN3hTWlBZQ3RYS3dzbjZ6cWdTb3Fpemo1ZlNtOGhXa0MxTl9CU29KVE1qbUZFUy0yMVRqSHVxRmN6MGdtc2ZIaU5TbEtjQkhSMzNLZldCYlI1Sjd0R2ZsZFFGQXZIS3F1S2tiQldHVjNLWmdmMXRxMXF4cVRzbVNyNUlydnVUYVBIN1FHeHk1RzNLWVRwVlhCek5EenM1U0l2ZUNSazVjSnE3b2ZWTdIB7gJBVV95cUxPdUNfb1JJT2g0ejUzWVpEWnEzdFNvZWtMNlJzRjZVazRNU1QxOW9KMXl2LVJ2VHZlejNqYU5RbWQza1otUjE2M0F2RHc5UlU3dVVDdHJKc3lBYU5sQWc4Z25FX2VJVlZBTjFCMGhZczlLWDRyZTJzcjAtUW9PcFlXcmtJUDQ0d0s3SkdYQzdMQmdhQ2xQd1c2OVZNRDctdk1iRXhPaXJGdEV0ejJhdkxXdmd2VWswVjhGbUc3UGdzMHJGTE1uMmNFSi1qaHFmbDVrbVFiM2J4Vm4zUS0tbnpINEs1MHR5dGJSenY5WUVkenZyZFhZQjFDYk1wZmNfMktnTU4wME9fVlFscXFYN1hnc19JTFFvalVYb0VCcmtXakxWQ3psUU5BRjdSV21ya214eHV5YmhfRFdHOUtyZjlSMjNsMGxwcXFoc3pnc1NfaTNRcHZUclR1Wkx2ZU95OFFPNDlOazhOZ2VkT2JoVEE?oc=5,user_gn_91872cc7,‘30 per cent of our laptops sold are being bought through no cost EMI scheme in India’: Asus India VP - The Indian Express ‘30 per cent of our laptops sold are being bought through no cost EMI scheme in India’: Asus India VP &nbsp;&nbsp; The Indian Express,0,"{""publication"": ""The Indian Express"", ""headline"": ""\u201830 per cent of our laptops sold are being bought through no cost EMI scheme in India\u2019: Asus India VP - The Indian Express""}"
2026-05-03,google_news,Consumer Tech India,ASUS,"ASUS Zenbook S14 (UX5406AA) Review: Is India’s Thinnest Premium Laptop Worth Rs 2,49,990? - gogi.in",https://news.google.com/rss/articles/CBMiqwFBVV95cUxOUW0tTlRXTk9fQ1FUWmV0X1JPeS1hQmlmYk9rcGtJaWRiMWRMYXJWV3ZnWHN3WjhVd0FmSk11d0ZZNTZYV0tXSkJYX0JPaFZZMHByT09MaGkzb21XWFEzS0xhODBwZlA2cEJNVWw3N1kxbVRCVVo5cXJfLTRmS0tub09CejJZbU9ubVRKT2hZWnN2Mjh0cDc1U21vRlV5ZHUxMFhDWW9tQ043Nk3SAbABQVVfeXFMTklUWDBZYjNyd2RzcWVWbUlMdWJuRlZPUjVQVmZZSXhoOVg0RkRtTmhxLUFfVGk3dWFxcVdNcmc1VHl0OVFyck1GZVhUNldnM0Vwa2xHRXpESXpwcTZqZ0c2MW9pcmhRUnRNdnFrYlVCVlNtbVNuUVlqSDVvSGxwNlUxT3dtcVlTQVcwQXNKbEdtUnczZ21TYklRbjR4UkZtdjJCWnFqSFBNRDBvUkRwSFU?oc=5,user_gn_c059828c,"ASUS Zenbook S14 (UX5406AA) Review: Is India’s Thinnest Premium Laptop Worth Rs 2,49,990? - gogi.in ASUS Zenbook S14 (UX5406AA) Review: Is India’s Thinnest Premium Laptop Worth Rs 2,49,990? &nbsp;&nbsp; gogi.in",0,"{""publication"": ""gogi.in"", ""headline"": ""ASUS Zenbook S14 (UX5406AA) Review: Is India\u2019s Thinnest Premium Laptop Worth Rs 2,49,990? - gogi.in""}"
2026-05-13,google_news,Consumer Tech India,Other,Buying a laptop? These are the 9 best laptops you can buy today - PCWorld,https://news.google.com/rss/articles/CBMia0FVX3lxTE5rUW5ERWwwUWcxZWlSZmZTZWhMUHFLQTJLendwbGlyRXJDekVZWkJkQmZjQ3hBRXdNdkNpYmxWY3RKcHJKVHBHRmdoOEh1b2ZOdVF6Tlp4T3l6bTBzanBiLU1GdURPRkNWSWY0?oc=5,user_gn_ca545a60,Buying a laptop? These are the 9 best laptops you can buy today - PCWorld Buying a laptop? These are the 9 best laptops you can buy today &nbsp;&nbsp; PCWorld,0,"{""publication"": ""PCWorld"", ""headline"": ""Buying a laptop? These are the 9 best laptops you can buy today - PCWorld""}"
2026-05-11,google_news,Consumer Tech India,Other,Best AI laptops in 2026: Here's our 6 top recommendations tested and reviewed - Tom's Guide,https://news.google.com/rss/articles/CBMiYEFVX3lxTE5SWTNwU3RrbUlRdTdhaEFKdW9oQ2xoVXhvcnZLRVlfWm9RUXhOS1ItcmVXRTYxNGRLaHVEY195N0hWZWtvUm54MVFaay15Q2g3bHZHMEVnRUxhTG1yeDA0bg?oc=5,user_gn_9544cce8,Best AI laptops in 2026: Here's our 6 top recommendations tested and reviewed - Tom's Guide Best AI laptops in 2026: Here's our 6 top recommendations tested and reviewed &nbsp;&nbsp; Tom's Guide,0,"{""publication"": ""Tom's Guide"", ""headline"": ""Best AI laptops in 2026: Here's our 6 top recommendations tested and reviewed - Tom's Guide""}"
2026-05-13,google_news,Consumer Tech India,Apple,Google Unveils AI-Powered “Googlebook” Laptops to Challenge Apple’s MacBook Neo - The Hans India,https://news.google.com/rss/articles/CBMizwFBVV95cUxOQ2NMOXEzX0s0V1N5RlM1eWNRMGc0QUo0SGQ4XzV3bUtJQkxWeXpFVDhDVVRnRENMYTIzSlZvM1RJQko3bTc1aFM5MTF4MUZkZjRzZ2lycm5xUGk4a2FKVjRJOFRMTHp3eUpOWVhqMWlYY1FFVTFVam9LMWxSS3ZiQXJjbGlxaC1qSW5rUFpZQTVoYk1nNTZhSjNaM1ByU0tmbzRrSnFMSjA2cVF3YlpZTktIeHdmaWV5aVJtSTF0cV93bzhQOHF3SXRuZVF5UG_SAdQBQVVfeXFMTWVjcFVLcHVlS0M1U0JNVlJ4N0RCai02bzdud2ZwNEZndEIwMlkwejFPVjNkVTNUR2hzaHJaaXVFX2hUVXJVa0EtUG05LTBXRVMzQmViU2xHdzRLem1BeXBZOE15OFktLV9MeF9IN2hZcEVjVG1MYzJCNzZVakpheGhRVnhTYThRaDluU3JfdXR4RG1OVzMwTUVGWURwdzNhU3luQ1NsVU4yRE0tdER5RUlMWk9GY3FucWVBTWRBWXFONXhJcGIzRVZkdTdTSEkzVVZ6ZUc?oc=5,user_gn_def46e3b,Google Unveils AI-Powered “Googlebook” Laptops to Challenge Apple’s MacBook Neo - The Hans India Google Unveils AI-Powered “Googlebook” Laptops to Challenge Apple’s MacBook Neo &nbsp;&nbsp; The Hans India,0,"{""publication"": ""The Hans India"", ""headline"": ""Google Unveils AI-Powered \u201cGooglebook\u201d Laptops to Challenge Apple\u2019s MacBook Neo - The Hans India""}"
2026-04-05,google_news,Consumer Tech India,HP,Samsung Galaxy Book6 series: Powerful AI laptops make a bold debut in India - Dailyhunt,https://news.google.com/rss/articles/CBMi_AFBVV95cUxQbVRBR0x0MWI1dUJSWUxuZXNrQzNfWUs3czVvRHp5enFodE51S3lxeHFWUmhRQ0NSNWNNWklfZFl5eUFRaTVoQW1XZXp2SV82ZmdVTGFZNl9RVmpVa0h2cWdvRkFRdDlPSFpmN1ZxbVhsR3piMm5GLXJOVzE3d2lzZTVtREluaVpjX2hWZTcwUW1PSERyQVV0M3J4TFJ6ckNfZWhYYU1mNXpUVUF1RHdWenR6em9nSDFiaUdjUzFqWXg4TUxTbTNDM0JyWVNKbGQ2eHQ0MVVvVGNYYzVMRzUtakw2S0lseFRCQ2VQRWhSUjF6aDFlbHJISzdDUnA?oc=5,user_gn_5941181d,Samsung Galaxy Book6 series: Powerful AI laptops make a bold debut in India - Dailyhunt Samsung Galaxy Book6 series: Powerful AI laptops make a bold debut in India &nbsp;&nbsp; Dailyhunt,0,"{""publication"": ""Dailyhunt"", ""headline"": ""Samsung Galaxy Book6 series: Powerful AI laptops make a bold debut in India - Dailyhunt""}"
2026-05-10,reddit,Consumer Tech India,ASUS,I need some help with this,https://reddit.com/r/laptops/comments/1t9ajij/i_need_some_help_with_this/,user_bda631f92a,"I need some help with this So I'm gonna be buying a new laptop for myself Tommorow (asus zenbook 14 oled core ultra 9 processor variant) with basically everything maxed out. So when I checked the price online it says it's at a all time low (120k INR)(on the official asus website) but I tried to buy it today and it said that they had no delivery option to my adress , so I'm going to a physical store Tommorow to ask for this laptop in person , what should be a fair price for this laptop (I can only afford 130k) if not what am I supposed to do. Should I wait or should I overspend on this laptop",0,"{""subreddit"": ""laptops"", ""num_comments"": 0, ""type"": ""post""}"
2026-05-12,google_news,Consumer Tech India,Apple,"Google, Apple roll out encrypted RCS chats for Android and iPhone: What it does - Storyboard18",https://news.google.com/rss/articles/CBMizAFBVV95cUxOMWVBdVprM3ltQ1dfOFF4Wk5pWDcyNjFJWTVKUjBwWmhzZFpHRlFJcGJwbm51anpYWmk4V0g5QkRmTjBvbFIyMXhFVGFkM2I0QkJiNkVOT25EYWlOWURGc1JEamtFRkZJVUJrQjd5UHM1Qmo2WXRTbVJqYlcteTdWWmRva2E1OEFyUzl5bEVtd05ROXlGM2xwYzZDSVd0ajhnc1JHN0lyMjhZWGNySzJYWTFlZllMOG5oQlhxWURmSm9OOGRhT1B2S3VMZ3DSAdIBQVVfeXFMTjY0eGJNM2hlYURqVEFxcl9RbnhjU1YzbXdLckdqbEJDNlgtOGlBdkFyeFVTcXRuNTljLUZNU2x5bHM5aDVPcXUwMUVRa205R1VqWlNjbmE0R05GVjhzdUJGcWdfU1ZMQ2ZXQ1NDeWlyYTBfRFlkSEJnQks2M0NYSjRPR20wOENUWmhtRVEzbzFPdjh2dzVQWEwwNnZqVzI2SkJ3YlVrTjVUU1d1d0cyeUUwVnRXRE84b3RQSEF4U1hsLU9TSnRJN1ZmVTRjc1luOHRB?oc=5,user_gn_1c190966,"Google, Apple roll out encrypted RCS chats for Android and iPhone: What it does - Storyboard18 Google, Apple roll out encrypted RCS chats for Android and iPhone: What it does &nbsp;&nbsp; Storyboard18",0,"{""publication"": ""Storyboard18"", ""headline"": ""Google, Apple roll out encrypted RCS chats for Android and iPhone: What it does - Storyboard18""}"
2026-04-28,google_news,Consumer Tech India,Apple,Apple India uses humour-led royal setting to highlight iPhone 17 features - afaqs!,https://news.google.com/rss/articles/CBMivgFBVV95cUxOdHl4dTlHRTE1V1hyNlY3VnZkZmJ6dE8xb3hzekVoTENTUUl3WURoeU1UV095d0VoS240c1YtOWF3X3ZJaC12Q2JNNTVGb3BaRi11M2VhMk92SzR3X2pLcmtQWTJtR05fRWJDX00yR3RnNG5Tc3N5WHJOOGpxRDZwdWRvb2RrUm5ZXzkzREpZVFU4SU5wT3RMNW5mNllQQ1V2ZzdoU2dUQ2ZDdW9ITVlLaTRDZUNoVmV4QVJDUkxR?oc=5,user_gn_07ac00f7,Apple India uses humour-led royal setting to highlight iPhone 17 features - afaqs! Apple India uses humour-led royal setting to highlight iPhone 17 features &nbsp;&nbsp; afaqs!,0,"{""publication"": ""afaqs!"", ""headline"": ""Apple India uses humour-led royal setting to highlight iPhone 17 features - afaqs!""}"
2026-05-13,google_news,Consumer Tech India,Apple,"Delhi High Court Notices Google, Apple Over Porn, Illegal Content on App Stores; Cites IT Rules Violations - Republic Wo",https://news.google.com/rss/articles/CBMi7AFBVV95cUxOU3Y5cHFYUzJuMi1qMUFoQ3A2bXY0SElNOUwyUmF1VWFhMjJyUjNLZGt1and0VHNoYnBHeDZPVkQtNTVmNjdkMWNWekt1UHpzOFZXVHRQNjFwVy1ON3VuYkpHOHMtdkVzdXNPQldTcDNxNzMxWUltcVhUSnJQTlMxMjNmWmlxcmc3Uk52WDhyWmgtblNfdjJ4YUFzY3hOY09mcG5JeVBDdG5JMmVRbGx4OEg5ZTNRczVlbWxJLTdvaHBSblZYd0RaaFFlWkFoUWZMUWdfaWprOXBxYTlVZHRRRlY4UlhFRDZmTFl0etIB8gFBVV95cUxQdFFrUnRCQ0tXbTN1RnBMWGNmVklKd0l4aGM1enBDOWxLeWNBV2Ytcm9IeHQ1bTVsajU1QWRKdGVEZlA3Sy1zbnhYdTZfM1EzVl9pMWo5c3QxMjBCbjFOaTg1WnZsTE0zbVpsZG1yUGNZQng1UU5NYkViTVRhV0xhTDF4dVZNODlVYzBKdVhuR2p2YUhtNHpyamVzRWZFcDRMVnFfYVVEbDlNTFRfcG9TU202SVZhamdWZ1ZpdXpJWVcyeU1Db0V2NlFoNHZfWVpLM1h3TE5tLUYtbzNyeGYwLVkxb2dueGx1OHZ0d08xdEVUZw?oc=5,user_gn_7d963e80,"Delhi High Court Notices Google, Apple Over Porn, Illegal Content on App Stores; Cites IT Rules Violations - Republic World Delhi High Court Notices Google, Apple Over Porn, Illegal Content on App Stores; Cites IT Rules Violations &nbsp;&nbsp; Republic World",0,"{""publication"": ""Republic World"", ""headline"": ""Delhi High Court Notices Google, Apple Over Porn, Illegal Content on App Stores; Cites IT Rules Violations - Republic World""}"
2026-05-09,reddit,Consumer Tech India,HP,"[India, ₹75,000] CSE student looking for a slim, long-battery laptop for programming, web dev and freelancing",https://reddit.com/r/laptops/comments/1t81fr7/india_75000_cse_student_looking_for_a_slim/,user_3530fa1165,"[India, ₹75,000] CSE student looking for a slim, long-battery laptop for programming, web dev and freelancing Total budget (in local currency) and country of purchase: ₹75,000 maximum, India. Open to stretching slightly if the machine significantly outperforms across all requirements. Are you open to refurbs/used? No, prefer brand new with warranty. How would you prioritize form factor (ultrabook, 2-in-1, etc.), build quality, performance, and battery life? Battery life is my top priority, followed by performance, then build quality. Form factor — ultrabook preferred, definitely not a gaming laptop. 2-in-1 is not necessary. How important is weight and thinness to you? Quite important. I'll be carrying this to college daily so ideally under 1.6kg and reasonably slim. Do you have a preferred screen size? If indifferent, put N/A. 14 inch preferred. 15 inch is acceptable if the weight is still manageable. Are you doing any CAD/video editing/photo editing/gaming? List which programs/games you desire to run. Light video editing occasionally for YouTube content. No CAD. No gaming. Primary use is programming — VS Code, Python, JavaScript, Java, occasional Android Studio and Docker. If you're gaming, do you have certain games you want to play? At what settings and FPS do you want? Not applicable. Any specific requirements such as good keyboard, reliable build quality, touch-screen, finger-print reader, optical drive or good input devices (keyboard/touchpad)? Backlit key",0,"{""subreddit"": ""laptops"", ""num_comments"": 4, ""type"": ""post""}"
2026-05-10,reddit,Consumer Tech India,HP,laptop that can last me minimum 4-5 years through university,https://reddit.com/r/SuggestALaptop/comments/1t8zrb6/laptop_that_can_last_me_minimum_45_years_through/,user_ee1fda3ef0,"laptop that can last me minimum 4-5 years through university \*\*LAPTOP QUESTIONNAIRE\*\* \* \*\*Total budget (in local currency) and country of purchase. Please do not use USD unless purchasing in the US:\*\* 80K INR (maybe 85k if it's really worth it) \* \*\*Are you open to refurbs/used?\*\* no \* \*\*How would you prioritize form factor (ultrabook, 2-in-1, etc.), build quality, performance, and battery life?\*\* performance is most important, built quality is only important for long lasting (minimum 4-5 years), aesthetics and looks don't matter, battery also doesn't matter, any form factor, portability is not an issue \* \*\*How important is weight and thinness to you?\*\* Not important at all, any weight and thickness is fine \* \*\*Do you have a preferred screen size? If indifferent, put N/A.\*\* preferably above 14 inches \* \*\*Are you doing any CAD/video editing/photo editing/gaming? List which programs/games you desire to run.\*\* AI/ML development (Python, PyTorch, TensorFlow), some CAD software and casual gaming. No video or photo editing \* \*\*If you're gaming, do you have certain games you want to play? At what settings and FPS do you want?\*\* casual gaming, csgo, minecraft, portal 2, god of war (gaming isn't a priority I can sacrifice quality) \* \*\*Any specific requirements such as good keyboard, reliable build quality, touch-screen, finger-print reader, optical drive or good input dev",0,"{""subreddit"": ""SuggestALaptop"", ""num_comments"": 0, ""type"": ""post""}"
2026-04-24,reddit,Consumer Tech India,Lenovo,[India] Lenovo showing “price hike soon” — any idea when it actually happens? Safe to buy around May 3–4?,https://reddit.com/r/laptops/comments/1su5oky/india_lenovo_showing_price_hike_soon_any_idea/,user_0cab874599,"[India] Lenovo showing “price hike soon” — any idea when it actually happens? Safe to buy around May 3–4? Hey everyone, I’m planning to buy a Lenovo laptop (Legion series most likely), and on their website it’s currently showing **“price hike soon”**. I wanted to ask: Does anyone know **how legit these warnings usually are?** Is it just a marketing tactic or do prices actually increase within a few days? I’m planning to buy around **May 3–4** — is that safe or risky timing? If anyone has experience with Lenovo India pricing trends, sales cycles, or has seen this before, would really appreciate your input. Thanks!",0,"{""subreddit"": ""laptops"", ""num_comments"": 3, ""type"": ""post""}"
2026-05-11,reddit,Consumer Tech India,Lenovo,Best RTX 5050 laptop around ₹1.1L in India? Legion 5 vs HP Omen,https://reddit.com/r/SuggestALaptop/comments/1ta3fil/best_rtx_5050_laptop_around_11l_in_india_legion_5/,user_f2129a4cae,"Best RTX 5050 laptop around ₹1.1L in India? Legion 5 vs HP Omen Need help choosing between these RTX 5050 gaming laptops (India) — Omen vs Legion? I’m a CSE student + MERN dev, and I need a laptop mainly for: * Programming / development * Heavy multitasking * Some AI/ML learning later * AAA gaming alongside other tasks * Good thermals + long-term reliability These are the options I’m considering right now: 1. HP Omen AI (Ryzen 7 350 + RTX 5050, 24GB RAM, 1TB SSD) Price: \~₹1.08L Link: [ 2. Lenovo Legion 5 2025 (Ryzen 7 260 + RTX 5050, 16GB RAM, 1TB SSD, 165Hz) Price: \~₹1.07L Link: [ 3. HP Omen HyperX Edition (i7-14650HX + RTX 5050, 24GB RAM, 1TB SSD) Price: \~₹1.23L Link: [",0,"{""subreddit"": ""SuggestALaptop"", ""num_comments"": 7, ""type"": ""post""}"
2026-04-17,reddit,Consumer Tech India,Lenovo,Is this the support you get after purchasing a so called premium flagship from lenovo??,https://reddit.com/r/Lenovo/comments/1sny8b2/is_this_the_support_you_get_after_purchasing_a_so/,user_474222e851,"Is this the support you get after purchasing a so called premium flagship from lenovo?? So i tried reaching thier online support 3 times already over the span of 3-4 months The ISSUE is my laptop cpu temp reaches 100 degree in under 10-20 mins of gaming and i face heavy fps drops the GPU after getting its temp high too only pushes wattage like 70w while its made for 130w Laptop is Lenovo Legion 5 (15ACH6H) RTX 3060 , Ryzen 4800H its still under warranty for one more year I bought this 1.5 years and keep it clean always So i just contacted the support again and all they do is waste my time 1.5 hrs just to update drivers and what i get is that my current CPU temp - 82 degree celcius are very normal (lol nothing is running in background these are the normal temp ) I live in India btw and i am only contacting them online because the closes lenovo service center is very far I wanted and can pay for a new thermal paste but they just dont reach to that conclusion and it will void the warranty if i do it myself",0,"{""subreddit"": ""Lenovo"", ""num_comments"": 13, ""type"": ""post""}"
2026-04-01,google_news,Consumer Tech India,Lenovo,One Lenovo: Amit Luthra to Lead Integrated Commercial Vision - varindia.com,https://news.google.com/rss/articles/CBMikwFBVV95cUxOOWxIWElBUXJGTG4wcjJPbGhpMzVyd09nb2FpTVpMcVExWm45RFR3WDN5TDVjUFMzSkctV19mQWVoMDFxc1YyM0s3dlpwcldKdzFuLXdZdVNkRzlfeWVuYjdkZFBvSWhyVjFmU2ZXaHB6YTlFaEVaUzlyekZBa2R6UXJxLUgzZ1REUDJSdG03aEo1RDA?oc=5,user_gn_576c2414,One Lenovo: Amit Luthra to Lead Integrated Commercial Vision - varindia.com One Lenovo: Amit Luthra to Lead Integrated Commercial Vision &nbsp;&nbsp; varindia.com,0,"{""publication"": ""varindia.com"", ""headline"": ""One Lenovo: Amit Luthra to Lead Integrated Commercial Vision - varindia.com""}"
2026-04-07,google_news,Consumer Tech India,Lenovo,Lenovo appoints Sumir Bhatia chief commercial officer for Asia Pacific region - ET Retail,https://news.google.com/rss/articles/CBMiqgJBVV95cUxNZF9WYzhRc3FLUEVrTG4ySTQ5X1lkeUtOMlBnWDVqY0JUNThDQzU5dVdoUUhuNF9icXZJZ1VaeW9NT054V2FTclpfc3FIRy1nTXZqdE1rYlRndWUzRGQwVExLbEVQUjRwakhhMzR5anBwaUVPY09mLWJHaGloTGQ5QWJXV0ltYW9aUl9lUTZDMzQzRnp6SkpPRzNwSWZUdURYY2ltNEtxR255b2VnYWRSNmlkMXFXLUtXem5ZTERrVnJGRzNiMXk4aURsNzA3WjBEUTd4RWhGWGJ3WTNoWFlaSTFweHBqbjVTeWNTYWxpYnpIaUs1bDE1dERXU09mMjFwSXl1dmdWNGRQY0VUR1ZwODRKTTNWZGhIXzdoVnBwZ2otZ1hZY3dDX2tR?oc=5,user_gn_20f31a62,Lenovo appoints Sumir Bhatia chief commercial officer for Asia Pacific region - ET Retail Lenovo appoints Sumir Bhatia chief commercial officer for Asia Pacific region &nbsp;&nbsp; ET Retail,0,"{""publication"": ""ET Retail"", ""headline"": ""Lenovo appoints Sumir Bhatia chief commercial officer for Asia Pacific region - ET Retail""}"
2026-04-07,google_news,Consumer Tech India,Lenovo,"‘In 2026, Lenovo plans to integrate AI across three key marketing buckets’ - Exchange4Media",https://news.google.com/rss/articles/CBMiyAFBVV95cUxQb3lXaVhuZ3U5UmtSX2R4akFNRC1fV0tVZ2tPQlZ2NDRqQjhnUWZjRG1NUUROWDVoek1OMHlTWXdsVFUta2JHYmwwUEh1VUxJWk8wRUpQVy1WRU9EWWsyeHNOWExwRGY4a3ZwWkpiak9xZnRPcmlIUlJKYU1BQWVsOFFpZE15LW1nV3N1eUw0R2VHakhpRWNlbWhYZGVqanhHSGltVW9TX3lrUzAxNWFCeEEteDBJUHpneEF4TnI3enFCbkx6QjdIZQ?oc=5,user_gn_3a1bb263,"‘In 2026, Lenovo plans to integrate AI across three key marketing buckets’ - Exchange4Media ‘In 2026, Lenovo plans to integrate AI across three key marketing buckets’ &nbsp;&nbsp; Exchange4Media",0,"{""publication"": ""Exchange4Media"", ""headline"": ""\u2018In 2026, Lenovo plans to integrate AI across three key marketing buckets\u2019 - Exchange4Media""}"
2026-04-28,google_news,Consumer Tech India,Lenovo,"Lenovo Idea Tab Pro Gen 2 with 144Hz display, 10,200mAh battery launched in India - 91mobiles.com",https://news.google.com/rss/articles/CBMilwFBVV95cUxNU1Z3aDBhUDNLdmxEUGx5TnlJYTE0WXR5M001X21qZFZ2VXhqX240RGpvdzFZbnlhWVRJWEpGYXoxZlozMGdfNlRBNEhSTnljR3UxUW9reEpyZkNuUnVfMkRENUNZV05sNWtrYVR3czdGdVJJU0pvemRuUmVub0lDNzZnSzNyZGpCb1F6TEVvcHV3UVRxdW5r0gGcAUFVX3lxTE1GQjVYMFBDT0VvenREbGRFYUQyTndOSmV0ODNEN2tQS0VuVlU0Zll2aTlPWGtTSjE4YmxaU3hTMFM3TjZVUTh5WjNKSWRiMlZrSEFreXRjb1V3YVBFXzBmQkNDNGxmYmRPM0hVWGdFZDVuaXVtTkd5cVZETnV1TVVPVGRvcTgwbV9QdGMybHRiWjNCQ3hhbDdOZFk2Uw?oc=5,user_gn_e27a9753,"Lenovo Idea Tab Pro Gen 2 with 144Hz display, 10,200mAh battery launched in India - 91mobiles.com Lenovo Idea Tab Pro Gen 2 with 144Hz display, 10,200mAh battery launched in India &nbsp;&nbsp; 91mobiles.com",0,"{""publication"": ""91mobiles.com"", ""headline"": ""Lenovo Idea Tab Pro Gen 2 with 144Hz display, 10,200mAh battery launched in India - 91mobiles.com""}"
2026-05-01,google_news,Consumer Tech India,Lenovo,Lenovo India On Track To Double Production Of Smartphones & Laptops In FY25 - Dailyhunt,https://news.google.com/rss/articles/CBMi5AFBVV95cUxQQngyTzBORHg5angxeXJSNURuNldGN1pJajdGOW1uempmbEdpU01iMTYtb0RYdWZ6OVFualBibk8yTkMxX2hEY3ZOcG9VdzB3U1JwSEFkamhTV3k3ZVRkaFFvV0RxSC1ISW9zRmlCMlhlMDFRblptakI2cG9LV0ItNV9KenBhQUJDMmE0dkw4UU5jWWFFSjB0Y2NGWTVvT0FOeng0LXdnUWpUaWtwdS1LSUxvdndiZXlzd2plVDMydk5uTGpwTllmRFRpTlcybndoY0NjZ2psdGVUYmE5Y01ZOVNBaDY?oc=5,user_gn_5941181d,Lenovo India On Track To Double Production Of Smartphones & Laptops In FY25 - Dailyhunt Lenovo India On Track To Double Production Of Smartphones & Laptops In FY25 &nbsp;&nbsp; Dailyhunt,0,"{""publication"": ""Dailyhunt"", ""headline"": ""Lenovo India On Track To Double Production Of Smartphones & Laptops In FY25 - Dailyhunt""}"
2026-04-30,google_news,Consumer Tech India,Lenovo,Lenovo announces the AI-powered Idea Tab Pro Gen 2 in India - varindia.com,https://news.google.com/rss/articles/CBMikwFBVV95cUxQcXlFWkJGbmFIT0tFN050MzMtU1F4aEllS2F5WjItbXNMcGc4Sm5za0d3WlBTT21YeGhJaFo2RktVckZNMjQ5aHFTSVBtX2stS1dlN0pRclI3ZS0yYmVFM08yT3lwNV9hVUxwVi1nektoUEdGLS1OUUJkSEh5czR6V09Udks1d2dHUlAtVnZuUDJXcTA?oc=5,user_gn_576c2414,Lenovo announces the AI-powered Idea Tab Pro Gen 2 in India - varindia.com Lenovo announces the AI-powered Idea Tab Pro Gen 2 in India &nbsp;&nbsp; varindia.com,0,"{""publication"": ""varindia.com"", ""headline"": ""Lenovo announces the AI-powered Idea Tab Pro Gen 2 in India - varindia.com""}"
2026-04-26,google_news,Consumer Tech India,Lenovo,Lenovo Exports 12 Million Units From India; Plans AI-Driven Expansion - Dailyhunt,https://news.google.com/rss/articles/CBMi-gFBVV95cUxOY3VlMlVYX3BnX1l5SEJYQzJmNm80RXpCVkdMS1VZWklhaEtHcnpTQjNwVXVHWEQxSzI2YnlEbG4wN1B2OEoxQlZmNG9KWDZrTjN6TE1ueGJ1ZS1EQ013WlhCN1QySzJaT2RDTVZVOFdEMTVJanlZNVpLOURZQmdfSE5uUkRxN3M3ZWFkUFRlajJYWTFBNzBGVE5BUVVLOTJyUUU5VGVvS1k2aF8yZ1prS3FTVmJMNkVfVWVHbjZjb2ZJQTBfM090T01CQk1RYlozVFozYlVtRUJUanBIU0NCRzNhYmRseEx4bVhoX29xd1dMWHhmUlc5c2lB?oc=5,user_gn_5941181d,Lenovo Exports 12 Million Units From India; Plans AI-Driven Expansion - Dailyhunt Lenovo Exports 12 Million Units From India; Plans AI-Driven Expansion &nbsp;&nbsp; Dailyhunt,0,"{""publication"": ""Dailyhunt"", ""headline"": ""Lenovo Exports 12 Million Units From India; Plans AI-Driven Expansion - Dailyhunt""}"
2026-05-06,google_news,Consumer Tech India,Lenovo,Lenovo India Reaffirms Channel Strategy to Power the Next Era of Services-Led Growth - IT Voice Media Pvt. Ltd.,https://news.google.com/rss/articles/CBMiqwFBVV95cUxPSFdwNzFvMmJRcHhaSGdqUEdkSHBCcXZJblJtUUJtcTVvXzdnV1FfSXN5WGRiUDVGOVJSNXJ6bWtxOUFCcFJ6bm1ZbnFCd3ZReWJobWlVTFR2dFNyb2wzelIzbk9PeUZoSk1XQnRfUVdyZ2VxN1NKeHM4RjZiUUM1b1B1RlhEc1o3QU5Mc050dkZlaUFQZU14dGtVNnlUVEFOXzd6ZjhoODBwdkk?oc=5,user_gn_fb3a918f,Lenovo India Reaffirms Channel Strategy to Power the Next Era of Services-Led Growth - IT Voice Media Pvt. Ltd. Lenovo India Reaffirms Channel Strategy to Power the Next Era of Services-Led Growth &nbsp;&nbsp; IT Voice Media Pvt. Ltd.,0,"{""publication"": ""IT Voice Media Pvt. Ltd."", ""headline"": ""Lenovo India Reaffirms Channel Strategy to Power the Next Era of Services-Led Growth - IT Voice Media Pvt. Ltd.""}"
2026-05-06,google_news,Consumer Tech India,Lenovo,Lenovo India Reaffirms Channel Strategy to Power the Next Era of Services-Led Growth - ChannelTimes,https://news.google.com/rss/articles/CBMirwFBVV95cUxQUGI3LWtIazNlWmJhbUZGMkhaRTNKb3gwY3dNMHNDR1NKVjBTVGwyTjZFLXdyM2dhemU0bzBVTlhENFN5T2dhQUdzVTY4TE9NZ0wzaVpWNzVMZnBNTHhJMVRtUC1MREtnNG5RWXlKdkdmVk5FZ3pSc0w0TlpXOG5ORmZQeWtidW8wc0IzNG14dEMyN3AtYnpMeTJDOHpfWUF3d2dQOVVGN0hqUDNNZkdj?oc=5,user_gn_3f9f2d06,Lenovo India Reaffirms Channel Strategy to Power the Next Era of Services-Led Growth - ChannelTimes Lenovo India Reaffirms Channel Strategy to Power the Next Era of Services-Led Growth &nbsp;&nbsp; ChannelTimes,0,"{""publication"": ""ChannelTimes"", ""headline"": ""Lenovo India Reaffirms Channel Strategy to Power the Next Era of Services-Led Growth - ChannelTimes""}"
2026-04-28,google_news,Consumer Tech India,Lenovo,"Lenovo launches Idea Tab Pro Gen 2 in India at ₹39,999 - MSN",https://news.google.com/rss/articles/CBMi2wFBVV95cUxNZ254cEQ1dG5pU1o4WWMybndfWDQ4WVJHNW9Hb0M4RDdvZGtJa2hISW9HZFZYeU1uS2xqZjc4aGdFNzlLWi0weUpydTRoX3lGa0FtbS04Y0ptR3BOS3FyanY1QWViTVFFN0VUZlBGcVVUUk1hclVtTnAwQWZvVlNZVTdPd181RkZBTnFWa3pYNU11SWhNdWZEVy1WZjBzTktiX2d0Zmk4UE9RV2tpb3JVNXdCN2Y3OG43c3Q1NTFnaXdOYV9RN2NuYUJITVR2cWtKV2xyU05IclhqVm8?oc=5,user_gn_9cafcaf3,"Lenovo launches Idea Tab Pro Gen 2 in India at ₹39,999 - MSN Lenovo launches Idea Tab Pro Gen 2 in India at ₹39,999 &nbsp;&nbsp; MSN",0,"{""publication"": ""MSN"", ""headline"": ""Lenovo launches Idea Tab Pro Gen 2 in India at \u20b939,999 - MSN""}"
2026-04-01,google_news,Consumer Tech India,Apple,"For decades, India was not central to Apple’s strategy. Now, with manufacturing ramping up and premium demand rising, th",https://news.google.com/rss/articles/CBMipAFBVV95cUxNOU42LVlydXgyMENiQnFqWXQwYmhzZzduYldKMVd4cXJpR3hKUHN5UTZCblA0T0Y1ZmowXzBhVHlXT0dIdWlKM3JIY1AyRDJjU1BGSl9KdEx6NVFTc2ZDbFZxNmh2SWJhal9sdTI0NUlTVUhYeGFfTnUwYWE0YTQtV2ZHY0hwVWFlYUtaQU5xV3V6U2hzV0xOcGJ0Ymp6a29wTTEzcQ?oc=5,user_gn_e884c507,"For decades, India was not central to Apple’s strategy. Now, with manufacturing ramping up and premium demand rising, that is changing fast. From supply chains to stores, Apple’s next growth chapter may very well be written in India. #Apple #India #CNBCTV - LinkedIn For decades, India was not central to Apple’s strategy. Now, with manufacturing ramping up and premium demand rising, that is changing fast. From supply chains to stores, Apple’s next growth chapter may very well be written in India. #Apple #India #CNBCTV &nbsp;&nbsp; LinkedIn",0,"{""publication"": ""LinkedIn"", ""headline"": ""For decades, India was not central to Apple\u2019s strategy. Now, with manufacturing ramping up and premium demand rising, that is changing fast. From supp""}"
2026-04-17,google_news,Consumer Tech India,Apple,Apple India vendors exports deliver stunning record boost to China trade - Pune Mirror,https://news.google.com/rss/articles/CBMihAFBVV95cUxNUjNGUkxzNnZ6NzNVZzdWWDFsTWJmeUdYWTItN3dUS1dKUHAzeTVDbW9vUG92WFhmcFdrY1NMc3lfT05YcTVXcUE2UUZwTWlfUGhPeWJ0TzJySjFZMDVHeVROTUJHWGVBQzg1OVhOTld6TGI1bXItbHgyYU5WTTh5N1poZ1g?oc=5,user_gn_6f88e198,Apple India vendors exports deliver stunning record boost to China trade - Pune Mirror Apple India vendors exports deliver stunning record boost to China trade &nbsp;&nbsp; Pune Mirror,0,"{""publication"": ""Pune Mirror"", ""headline"": ""Apple India vendors exports deliver stunning record boost to China trade - Pune Mirror""}"
2026-04-16,google_news,Consumer Tech India,Apple,India's Apple component exports to China surge to record $2.5 billion under ECMS scheme - The Economic Times,https://news.google.com/rss/articles/CBMihAJBVV95cUxQSWpLYVNtREROUUVQb0V0NW4ydWhsYTB6SUR3cTVlVG51N3dPY0VPR0FjNmJzSGhFZVRtM2hFUHN6ZklFWVYzNUsxdW1DeEp4TXFGcXpuRjBwU1JSb3F2aXZqV1R5TEtRdHN5YWVIZHcwM3JTX2Q5TzlKQUhZUHJBaXhDQnJwRzYzMkdMSVNNUmI3OWNDanRXOTN2MUpLWGJZZ0NqNWdhZXdLUi14Z0RhY09YOTBiaUhMenA1R0d0U2ozcUwwQkFpaEVyaU1KRThjQXRkclpQeHRpdmwzdnJyNGMwVTNCQ25SWUVtS3dka0U5Q19jLTZXUGpqTElLSWtTRVpRZ9IBigJBVV95cUxOejc4cGdwM0lkSzFERTJ1WjhlWG5WYkJrZGRqWVNTMVloaTNZTmltUFBLcW0zbWhKZEZJWHhINXpWVFB1MVJjYlNLREd4ZUlZc1lDT1Vlc0lMQkprLWJnbFlBbk4wTlZ5ZXZ6TmdBSDBOMWJGWC1XSnlyZVdDVDczcDNGMm0yd1g4dU9qeXQ4SHlSME5xellkZXdOZGQwTm9JdWR6WEs3NnFrZHZFM0JMZ01La2JFNVhzMnk0UmxCUldvNVNHWGNSZ3IzRERsN25xRF9iVWNGUXBOLVlubkpaaHotbDMweEpsUVVBLXpXTldheVI2cG9SVzk2SHRUcVJCdm5TWlJCMHpNUQ?oc=5,user_gn_40f3eee8,India's Apple component exports to China surge to record $2.5 billion under ECMS scheme - The Economic Times India's Apple component exports to China surge to record $2.5 billion under ECMS scheme &nbsp;&nbsp; The Economic Times,0,"{""publication"": ""The Economic Times"", ""headline"": ""India's Apple component exports to China surge to record $2.5 billion under ECMS scheme - The Economic Times""}"
2026-04-24,reddit,Consumer Tech India,Lenovo,"Can't decide between TUF F15 and Bravo 15 (7535HS, Radeon 6550M)",https://reddit.com/r/laptops/comments/1sumy0s/cant_decide_between_tuf_f15_and_bravo_15_7535hs/,user_4c09154d6c,"Can't decide between TUF F15 and Bravo 15 (7535HS, Radeon 6550M) * **Total budget (in local currency) and country of purchase. Please do not use USD unless purchasing in the US:** ₹50,000-₹60,000; India * **Are you open to refurbs/used?** No * **How would you prioritize form factor (ultrabook, 2-in-1, etc.), build quality, performance, and battery life?** Peformance &gt; Battery life &gt; Build quality &gt;&gt; form factor * **How important is weight and thinness to you?** Least * **Do you have a preferred screen size? If indifferent, put N/A.** 15-16 * **Are you doing any CAD/video editing/photo editing/gaming? List which programs/games you desire to run.** Gaming; NFS MW 2005, old Call of Duty games * **If you're gaming, do you have certain games you want to play? At what settings and FPS do you want?** NFS, COD, online games * **Any specific requirements such as good keyboard, reliable build quality, touch-screen, finger-print reader, optical drive or good input devices (keyboard/touchpad)?** None * **Leave any finishing thoughts here that you may feel are necessary and beneficial to the discussion.** I've been looking at the TUF F15, and the Bravo 15 (all AMD; 7535HS, Radeon 6550M). Can't seem to decide on which one. Lenovo LOQ is out of the discussion. Bravo sounds cooler, doesn't have overkill RGB, such and such. TUF seems to have sweet specs like the Nvidia GPU, better body:screen ratio, brighter display and such. But I'm worried about either one's reliability and stab",0,"{""subreddit"": ""laptops"", ""num_comments"": 4, ""type"": ""post""}"
2026-04-11,google_news,Consumer Tech India,Apple,Apple at 50: A loyalist on the brand’s evolution in India - The Hindu,https://news.google.com/rss/articles/CBMivAFBVV95cUxNM3lOZEIyM3BsZWdRLUZDODA1bDhoTXdZdnJuY01GM1V6UG1fTDZkZEp3NWFhdXltR245dEw0bnBiUDBjVXoxd3NkV3pvTUR3OVRSbmpDa1o3cGFFUWpDXzVqLWNPSTB6LXNNM1hlUEpKWmlMX0NVZlRXb1RiNWtnRFhUdTNYNXFWRGJYbkk2cFBSeGlFMEdFOVR1ZDVma0hKRjdGdXV0d1dxU0U4WERQaUFxM2FhYUJ0RGNHU9IBwwFBVV95cUxNVlZPRUlIQzNQRlZRWmg0SXBXY0RSbXBXUjAzNDJFZHlMOTZEOU5fNFA2VWRQeklRSUlqWTJISWJTc1FIQ3FiMEhPNG5TNTBjdG80bllXSExteFJfeTFqS1d1cUFxMmhRT3FidlVteTUyVkRPdTg2blBFRk1QYVdEZXlMcnpKYXk4b184LXZrbkZJbkpTdldNZWFNYmEwdkJEM3h1U05DSXJVcHR2WThmXzNZRnlWSW1YSm5uUUdzQWpfaDQ?oc=5,user_gn_4a7f5160,Apple at 50: A loyalist on the brand’s evolution in India - The Hindu Apple at 50: A loyalist on the brand’s evolution in India &nbsp;&nbsp; The Hindu,0,"{""publication"": ""The Hindu"", ""headline"": ""Apple at 50: A loyalist on the brand\u2019s evolution in India - The Hindu""}"
2026-05-11,google_news,Consumer Tech India,Apple,Indian developers showcase AI personalization apps at Apple's Bengaluru event - NewsBytes,https://news.google.com/rss/articles/CBMiwAFBVV95cUxORmFnMEZjMmRqcjJiRHVZVzZBUFJQY3hNMmZKYU05T3lxX3o1Tmd1cnZxYlVqQzlERTBlaGQ2a1BWLTZWQmY5ZWMyVjJsNUk0UWk0Yk9TTEZ4WUZhQjRyNTM0UmljMG16MXg1UHR4RUVPMW5NVF93LTFpd1dRMG9TaFRHbVFLRHM2RUdEdlZkRWtkRUNDN0F3a0UtM3Iwb2J4MGNVZXI3YzNXTEhvYzZwZVViR1VYQXJYMEFtM0x4ZlE?oc=5,user_gn_ac0164f2,Indian developers showcase AI personalization apps at Apple's Bengaluru event - NewsBytes Indian developers showcase AI personalization apps at Apple's Bengaluru event &nbsp;&nbsp; NewsBytes,0,"{""publication"": ""NewsBytes"", ""headline"": ""Indian developers showcase AI personalization apps at Apple's Bengaluru event - NewsBytes""}"
2026-05-10,google_news,Consumer Tech India,Apple,Apple Boosts India Clean Energy with Major New Investment - Appleosophy,https://news.google.com/rss/articles/CBMimAFBVV95cUxQUmZzUUVYMkJvNEsxLTFfdUZvQjlkaXhOZTUtRWk0b0lleUFCc1AzeU9va1RaVmVWOElDaXhLb2lySGNFOVAyVUJXNmJLdWh1M3BhYW9qX0ZxNEhoaFExS0hEQjRTanRkMVRwUW5fVWhFVGtQWmJNUm1HYVYxZS1SWGpvQklxYmNDSU5aLXRlQk9RU0xNanJNQw?oc=5,user_gn_ad145f33,Apple Boosts India Clean Energy with Major New Investment - Appleosophy Apple Boosts India Clean Energy with Major New Investment &nbsp;&nbsp; Appleosophy,0,"{""publication"": ""Appleosophy"", ""headline"": ""Apple Boosts India Clean Energy with Major New Investment - Appleosophy""}"
2026-04-15,google_news,Consumer Tech India,Apple,Apple iPhone 17 Pro Max tops global sales as India discounts surge - MSN,https://news.google.com/rss/articles/CBMi7gFBVV95cUxPVVRRYTVZSHNuNFFfdTdpT1I0WnlfdzUzVHBOWkJucDY4VGo2REJNcmFlcEVyc29PamMxVm5yUktEekp4RlBTMngtcDZUUzJfUjFnMmVlMGI1Ul9kMWhucVBjWGVtbmYzUWtoX1U1Z1FkRmJsYW1uQW5QMFRGZ01waVNiRUczbjVEQVJPekNxUUloNElRaWpmamxibnY1aTNRVUF4REdMM3BYOUc0MUN4dEliX2RMU19ZcVg5QWlKZ2RNS25QRVpyUnF4LWx1NENPUDZHSEhFV1F6QlB3WFhvMjZZaW8zak5FaWh4dEx3?oc=5,user_gn_9cafcaf3,Apple iPhone 17 Pro Max tops global sales as India discounts surge - MSN Apple iPhone 17 Pro Max tops global sales as India discounts surge &nbsp;&nbsp; MSN,0,"{""publication"": ""MSN"", ""headline"": ""Apple iPhone 17 Pro Max tops global sales as India discounts surge - MSN""}"
2026-04-15,google_news,Consumer Tech India,Apple,Apple marks 50 years with deep iPhone 17 discounts in India - MSN,https://news.google.com/rss/articles/CBMi5AFBVV95cUxOYm9xV2JkMnFpZmJzamZUNDlPVXNpUUpHTHRWWjBiWFlRVGVfSk5PeHNFNWRuR1ViNFdLMUlkTDYyVXYxZnMxcmJqaXljeVlJQlAwbnVBRU9VVXgyaGo1cnJlajYzYVU3ekZUNE0tQmRjMXVHWURBVUhfV3NmT040Z3ZkdG9rS28tTVdFbXBXeW9vNUpHT3lpcnVPS1NzOWRWM1ZDWU96dDE5STZGR25WV2Q4OU9YcUk4ZVJjVDkxMjQ5SkFkeEdmeFRlM2ZWU0ExX19Yd3p0R0lNaWJaYk53Zy14VlQ?oc=5,user_gn_9cafcaf3,Apple marks 50 years with deep iPhone 17 discounts in India - MSN Apple marks 50 years with deep iPhone 17 discounts in India &nbsp;&nbsp; MSN,0,"{""publication"": ""MSN"", ""headline"": ""Apple marks 50 years with deep iPhone 17 discounts in India - MSN""}"
2026-04-16,google_news,Consumer Tech India,Apple,New record! Apple’s India vendors export $2.5 billion components to China; may reach $3.5 billion under E - The Times of,https://news.google.com/rss/articles/CBMimAJBVV95cUxPaHdPaTNoX0xaYmF4TGp4WjkyWFRJWXJDdDd2UUExNVhmRXVqV3ViWDQzTEg4LTF5eURIbVh6dWJ6S2FWZWRaWkZ2bExYN1VCa1ZfZWF3TUR3dkgxblg2QVV2bmpoZTNYbzhaMzNJLVY1bG91enlvUVJabGVCSTRfNC1BSDNkSHViNmJGSHRURXFqeFBaV25WS2c5MzVOWDRpS05EQWdoRHFuZG1za2pxNDNITUZIRjV2cGUwTnZoeThoTUFGTE5Dajc3R0M3aXVONTZEV3JKOVZKTEZXZFpfYW5GVzFSdHdoTktlNkxydHl3emVNemxZS0t2VkpMRGN5V3BCYWtMNHZEMjBZeWZVajFtSFJYRDhH0gGeAkFVX3lxTE9oZlFUTFJ0QWVZZmdlV2wxeDlPV0RlaUN2Z043UHVvYjBkdTNEenZMX3Bkamk3bkNqLVZ5cHp5TG8ybFBIdUtKSW5GQndITnJHdFB1dGZGXzVTU2FXMlRMWmpieHpRWWdJUHBrQ1NrUTJES2lvVzY1YmpwVnRFQzNzM1dHYjZMalRLUE1vYTNVWDZBdEEyUVBHcExCZTdfVDBTRFlTVE9kdFJKRzJURWgwOFJZOWZFTTlFbldheHdVTk5nOVQ0UE14dVlMcXlWUzVrMVRxX0hvM3cyY01BemR0ckJMQmZtWDk1ZG4yV1VIa0NXcDA0bWk3X2RHQUgwYTZWNVItV1h4bWFQUVRVT0p2TzA3ckwzdGp6eGhSQnc?oc=5,user_gn_5ae29786,New record! Apple’s India vendors export $2.5 billion components to China; may reach $3.5 billion under E - The Times of India New record! Apple’s India vendors export $2.5 billion components to China; may reach $3.5 billion under E &nbsp;&nbsp; The Times of India,0,"{""publication"": ""The Times of India"", ""headline"": ""New record! Apple\u2019s India vendors export $2.5 billion components to China; may reach $3.5 billion under E - The Times of India""}"
2026-04-21,reddit,Consumer Tech India,Lenovo,Need suggestions and advice!,https://reddit.com/r/GadgetsIndia/comments/1srefhs/need_suggestions_and_advice/,user_d729ee7441,"Need suggestions and advice! Hey everyone I bought a lenovo loq laptop few months ago now i am thinking to buy a keyboard cover,help me in that should any other better option than that or any other accessories you want to suggest.!? Thanks!",0,"{""subreddit"": ""GadgetsIndia"", ""num_comments"": 6, ""type"": ""post""}"
2026-04-24,reddit,Consumer Tech India,Lenovo,Do Lenovo often gaslight their customers?,https://reddit.com/r/Lenovo/comments/1suevpn/do_lenovo_often_gaslight_their_customers/,user_6c1b285f77,"Do Lenovo often gaslight their customers? I have bought two Legion Go S devices in the past 2 months. Both have different hardware defects. The first device was bought from Lenovo direct and developed a crackling speaker. Lenovo agreed to refund me but have taken over 4 weeks to do so (still waiting on my money. I bought a second device from Very.co.uk and the left trigger literally fell off through normal use. The right trigger was also extremely stiff from day 1. I have been so careful with this device as I know how fragile they are. It is laughable for a trigger to fall off. Never seen that before in 38 years. I asked Lenovo could they send me a replacement trigger and their response was that based on the provided photos, it was customer induced damage. I am genuinely shocked and disgusted. Thank goodness Very.co.uk are decent human beings and agree that I am entitled to a full refund. I should not have trusted the brand for a second time. You would be insane to buy direct from Lenovo. Don't do it, and don't be expecting your warranty to be honoured. I used to think Lenovo were a good company, but they are not what they once were. They must be in financial distress or something to be delaying refunds and denying warranty claims. This is the worst experience as a customer in my entire life. I was actually going to get a 3rd Legion Go S but that would be mental if they are just going to say I deliberately damaged it when it inevitably fails.",0,"{""subreddit"": ""Lenovo"", ""num_comments"": 22, ""type"": ""post""}"
2026-05-04,reddit,Consumer Tech India,Lenovo,Laptop repair,https://reddit.com/r/laptops/comments/1t3b91a/laptop_repair/,user_817f32b87b,Laptop repair I got a Lenovo legion 5 back in 2021 and it's been plagued with problems recently. Lenovo's official service centre says I needa replace the motherboard due to it being faulty and my warranty's up. Idk whether to replace it or not as I need a pc for college but it costs 30k inr for a replacement motherboard. Do I just repair it and risk it dying on me again or just buy a mac mini for 50k (got the peripherals for it),0,"{""subreddit"": ""laptops"", ""num_comments"": 6, ""type"": ""post""}"
2026-04-15,google_news,Consumer Tech India,Apple,Apple Days 2026 sale brings steep iPhone price cuts in India - MSN,https://news.google.com/rss/articles/CBMi9wFBVV95cUxQUXp3d3ZwakRDX2x1aVRJQklOaDVzbkxrcHJXLXNSUmJ1WlBMeXRqUWhBYUVEd1BIc3BUZlg1dFZNQnFQLXNCSnVKSUEzek1uaEhmNkVtMmFhTUJiM192Mk15ZG5tNzVONWV3NTZERGpidXVZZWpqNE9pUmZ1czI0dFctZXlQdXpPWWhoX0lxVWNjTEZ5U3hmLXhaSlJPb05JSmd1N1gxVVNIQ0gtaGVZQnFIXzNHc3Jobm5IY2F1Rno1TnJYWGRYbmgtb2QxaTlzMU4xSnQ0WE11djQzUTgyRXM3RUpwbXJVNXhKRWZoWlhhQU8xRFFz?oc=5,user_gn_9cafcaf3,Apple Days 2026 sale brings steep iPhone price cuts in India - MSN Apple Days 2026 sale brings steep iPhone price cuts in India &nbsp;&nbsp; MSN,0,"{""publication"": ""MSN"", ""headline"": ""Apple Days 2026 sale brings steep iPhone price cuts in India - MSN""}"
2026-05-07,reddit,Consumer Tech India,Lenovo,Never buy at Lenovo Exclusive Stores (Rant),https://reddit.com/r/Lenovo/comments/1t6grq4/never_buy_at_lenovo_exclusive_stores_rant/,user_d0e5f767ae,"Never buy at Lenovo Exclusive Stores (Rant) This might not be new, but it definitely was news to me. I thought they were like shops run by Lenovo, turns out that isn't the case. They will not honour your warranty replacements if your specific model goes out of stock. For context, I am a college student from India. I wished to purchase a Gaming laptop for editing, CAD, MATLAB and, of course, for gaming. I first looked at the Lenovo online store and the shipping time was egregious. So I thought buying from an Lenovo exclusive store would be a better idea. I purchased a LOQ (13700HX + RTX 5060) which ticked all the boxes for ₹137500 ($1440). I was initially happy with it but few days later I noticed the CPU and GPU were both running exceptionally got and the GPU especially was thermal throttling heavily (it was running below 2000mhz). I filed a warranty claim and the technical team was very nice. They moved stuff pretty fast and in two days they informed me it was dead on arrival (DOA) and that I can get a replacement after I received my DOA certificate. It took the customer care 9 days to get me the DOA certificate and I had to constantly mail them. I got the DOA certificate and finally went to get the replacement from the Lenovo Exclusive Stores and as my luck would have it, that specific model is out-of-stock and would not come back in stock as it was discontinued. The manager asks me to pay extra to get the updated version of my machine. The reasoning he gave me was th",0,"{""subreddit"": ""Lenovo"", ""num_comments"": 8, ""type"": ""post""}"
2026-05-06,reddit,Consumer Tech India,HP,Realllyy leaning towards a referb Macbook pro M1 pro but is it better than an ASUS vivobook 16x?,https://reddit.com/r/SuggestALaptop/comments/1t520ix/realllyy_leaning_towards_a_referb_macbook_pro_m1/,user_f03b3ff08f,"Realllyy leaning towards a referb Macbook pro M1 pro but is it better than an ASUS vivobook 16x? Use cases: Specifically video editing on KDElive, capcut and clipchamp Gaming minecraft bedwars (lunar client + shaders) Casual browsing, id like to think i may use it as portable device in the future but as of now, it'll just be sitting at home probably always plugged to a power outlet I've heard ASUS Vivobook for 62k INR is better than spending 71k on this macbook specifically; The macbook's GPU performs on par with the GTX 1660 Ti which is.. questionable even at a refurb price of 71k INR although, the macbook has a wayy better and faster CPU and definately works better because the integration bw the hardware and software is supposed to be seamless, but bs aside is the mac even worth it..? * **Total budget (in local currency) and country of purchase. Please do not use USD unless purchasing in the US:** 71k INR maximum, 65k preferred tho * **Are you open to refurbs/used?** yes * **How would you prioritize form factor (ultrabook, 2-in-1, etc.), build quality, performance, and battery life?** I'm actually okay with any aslong as im getting a good deal * **How important is weight and thinness to you?** not atall, but i need that laptop too like sober and sane unlike most other gaming laptops * **Do you have a preferred screen size? If indifferent, put N/A.** I actually want a 13' laptop, but i can't fing any 13' gaming laptops. * **Are you doing any CAD/video editing/ph",0,"{""subreddit"": ""SuggestALaptop"", ""num_comments"": 1, ""type"": ""post""}"
2026-05-06,reddit,Consumer Tech India,Apple,Suggest me please a pair of good laptops,https://reddit.com/r/laptops/comments/1t5jcby/suggest_me_please_a_pair_of_good_laptops/,user_11f0f00208,"Suggest me please a pair of good laptops Hey reddit! I need a new laptop (changing from Asus 550j) and there are so many on market! I made a choice for Apple macbook air m5 24/1024 but i need to find a second option. Please advise me a pair of a good laptops. **LAPTOP QUESTIONNAIRE** * **Total budget (in local currency) and country of purchase. Please do not use USD unless purchasing in the US:** 2500$ / 200000₽ maximum * **Are you open to refurbs/used?** No refurbs or used * **How would you prioritize form factor (ultrabook, 2-in-1, etc.), build quality, performance, and battery life?** I want a very stable laptop for personal use, it should serve for 10 years. * **How important is weight and thinness to you?** I don't want a huge machine, it should be lightweight, easy to carry on. * **Do you have a preferred screen size? If indifferent, put N/A.** 15 inches minimum, 2k resolution minimum * **Are you doing any CAD/video editing/photo editing/gaming? List which programs/games you desire to run.** I don't do a lot of heavy work, only photoshop sometimes. But i have a vary vary much tabs in browser and don't think it will change some day. * **If you're gaming, do you have certain games you want to play? At what settings and FPS do you want?** No games. * **Any specific requirements such as good keyboard, reliable build quality, touch-screen, finger-print reader, optical drive or good input devices (keyboard/touchpad)?** I want it to have a good battery, but it is not a bi",0,"{""subreddit"": ""laptops"", ""num_comments"": 2, ""type"": ""post""}"
2026-05-11,google_news,Consumer Tech India,HP,"HP unveils 20+ products in India, enters new categories with OmniPad 12 and EliteBoard G1a AI keyboard PC - 91mobiles.co",https://news.google.com/rss/articles/CBMilAFBVV95cUxPTGt2VVhPSlpLeUF5MmJ3NG9VUFNvb0lNck96OXN6Ukp0YkJadW5GdjFzUUxCUWpHcTkzWjNUbk96Smo2a1pJSHhibVRYRXE5X2NXUXo0QUFJS2FUNFd2c010bW1QbHlVZ0UzeDQ3VmF6NDV1SWNjaDJJeDJzaXJqS3NQenZzZlpHQXdSenczVXFRcDNG0gGaAUFVX3lxTE10b205YTBDWWFHdFk2S0QxakVHb3Q5a1JYM2NPb1phMlNfdzRHWTJWZF8xYmRQWVhudmJ1NTR2TENSZ3lTeUwxanRGb1ZnUDBFTExmWHVaRE5YZTUtaXF3bDJjZ1hKcTVNc01xTjZFZHYzZVNBd1VrTHpXVWR1RGxMSTVnZno0VmlpN1ZaQ3FWQTFtaWJrZ3hXTEE?oc=5,user_gn_e27a9753,"HP unveils 20+ products in India, enters new categories with OmniPad 12 and EliteBoard G1a AI keyboard PC - 91mobiles.com HP unveils 20+ products in India, enters new categories with OmniPad 12 and EliteBoard G1a AI keyboard PC &nbsp;&nbsp; 91mobiles.com",0,"{""publication"": ""91mobiles.com"", ""headline"": ""HP unveils 20+ products in India, enters new categories with OmniPad 12 and EliteBoard G1a AI keyboard PC - 91mobiles.com""}"
2026-05-08,reddit,Consumer Tech India,HP,Should I repair my HP Victus or switch to a used MacBook M1 Max for performance marketing work?,https://reddit.com/r/laptops/comments/1t717y1/should_i_repair_my_hp_victus_or_switch_to_a_used/,user_b1ff835fa2,"Should I repair my HP Victus or switch to a used MacBook M1 Max for performance marketing work? Hey everyone, need some genuine advice. I’m 24 and working as a performance marketer, mainly running Meta ads and handling multiple brand accounts. My work is mostly browser-heavy, spreadsheets, ad managers, creatives, light editing, etc. No gaming usage at all now. Currently using an HP Victus 15 with 8GB RAM and 512GB SSD. 3 year old The laptop works okay performance-wise, but now it has a battery issue and replacement is costing around ₹12k. Because of that, I’m thinking instead of investing in repair, maybe I should switch to a second-hand MacBook Pro with M1 Max which is around 1.5 years old. I’ll sell my current laptop too, so overall I’ll probably need to invest around ₹10–15k extra from my side. My priorities are: Smooth multitasking Long battery life Reliability while traveling/working outside Handling lots of Chrome tabs + Meta Ads Manager Good overall speed for work I don’t do gaming anymore. Would this switch make sense financially and practically? Or should I just repair the Victus and continue using it for another 1–2 years? Also, anything specific I should check before buying a used M1 Max MacBook?",0,"{""subreddit"": ""laptops"", ""num_comments"": 0, ""type"": ""post""}"
2026-05-09,reddit,Consumer Tech India,Apple,Should I buy back my work mac,https://reddit.com/r/laptops/comments/1t7uyi5/should_i_buy_back_my_work_mac/,user_cf737a03e2,"Should I buy back my work mac My company is offering me the option to buy my office laptop and I’m trying to decide if it’s worth it. It’s a MacBook Pro M3 13-inch that was originally bought in Aug 2024 for around ₹1.8L. With depreciation (\~₹5k/month), I can now buy it for around ₹75k in May 2026. The laptop is in good condition overall and I’ve been using it as my primary work machine. One thing though — the display was damaged once and got replaced/repaired through service. Do you guys think ₹75k is a fair deal for this in 2026? Also, should I be worried about any future issues because of the display repair, or is it usually fine if repaired properly? Would appreciate advice from people who’ve bought company laptops before or used repaired MacBooks long term.",0,"{""subreddit"": ""laptops"", ""num_comments"": 0, ""type"": ""post""}"
2026-05-12,reddit,Consumer Tech India,Lenovo,Mac vs Windows,https://reddit.com/r/SuggestALaptop/comments/1tb1xw4/mac_vs_windows/,user_73e2facb42,"Mac vs Windows I am a windows owner for the last 6 years. Usage - video editing, programming, sometimes gaming Budget -1L Shall I go for Macbook m4/m5 or Any gaming laptop like Lenovo Loq rtx 4050 or any other gaming laptop If there are any other suggestions in the budget, recommend.",0,"{""subreddit"": ""SuggestALaptop"", ""num_comments"": 1, ""type"": ""post""}"
2026-05-13,reddit,Consumer Tech India,Dell,MacBook Air M1 2020 vs ThinkPad X1 Carbon refurbished — which would you pick?,https://reddit.com/r/SuggestALaptop/comments/1tc3i1d/macbook_air_m1_2020_vs_thinkpad_x1_carbon/,user_52778cd65d,"MacBook Air M1 2020 vs ThinkPad X1 Carbon refurbished — which would you pick? Hey everyone, I'm looking to replace my old MacBook Air 2013 which can no longer receive macOS updates so it's basically becoming useless now. I use a Windows Dell laptop at work every day so I'm used to both worlds. I've been going back and forth between picking up a refurbished MacBook Air M1 2020 or a refurbished ThinkPad X1 Carbon. Both seem solid but I honestly can't make up my mind. Just want something reliable for everyday use that'll last me a good few years. Has anyone been in a similar situation where they use Windows at work and had to decide what to get for home? Did you go Mac or Windows and do you regret it or love it? Also open to hearing if there's something better I haven't even considered in the refurbished market around the same price range. What would you guys actually go for? Budget max 800 USD/ R13000. Obviously cheaper and good value would be preferred.",0,"{""subreddit"": ""SuggestALaptop"", ""num_comments"": 13, ""type"": ""post""}"
2026-05-14,reddit,Consumer Tech India,ASUS,1 day old laptop with issues already- what would you do? (Asus A14 Zenbook),https://reddit.com/r/laptops/comments/1tcl73x/1_day_old_laptop_with_issues_already_what_would/,user_41b3bb22fc,"1 day old laptop with issues already- what would you do? (Asus A14 Zenbook) Technology novice here. Using this laptop to finish grad school, and then for daily use in browsers. No intense software downloads or gaming. Previously, I had the 2015 MacBook Pro since 2017 or 2018. I purchased this laptop from Best Buy yesterday. When setting it up today, I learned quickly that the search feature in the taskbar doesn’t work? Additionally, I use Slack for work and found that although the application downloads, it won’t open? I’ve watched and followed numerous YouTube videos and tried a handful of things along with multiple restarts and shut downs with no success. I have an appointment with geek squad on Friday, however, to have these issues right out of the box is concerning. Wondering if I should just outright return it, exchange it for the same model, or outright find a new one. What would the experts recommend?",0,"{""subreddit"": ""laptops"", ""num_comments"": 1, ""type"": ""post""}"
2026-04-04,reddit,Consumer Tech India,Lenovo,Lenovo LOQ – ADP Active but Claim Denied (VRM Damage) – Need Escalation Contacts,https://reddit.com/r/Lenovo/comments/1sc2hjy/lenovo_loq_adp_active_but_claim_denied_vrm_damage/,user_31cf1167b0,"Lenovo LOQ – ADP Active but Claim Denied (VRM Damage) – Need Escalation Contacts &amp;#x200B; Hi everyone, I’m posting here because I’ve reached a dead end with Lenovo support and I’m looking for help in escalating this to someone at a higher level within Lenovo. 📌 Case Details: Device: Lenovo LOQ Serial: MP2GKVWY Case ID: 2029983987 Support: Premium Care + Accidental Damage Protection (ADP active) ⚠️ Issue: My laptop developed motherboard VRM (power delivery) damage, which Lenovo has classified as Customer Induced Damage (CID). The problem is: This is clearly electrical damage, which should fall under ADP coverage However, Lenovo has: Denied ADP applicability Asked me to proceed with full paid repair (\~₹20K–30K) The responses I’m receiving are mostly generic and policy-based, without clearly explaining: Why ADP is not being applied What specific clause excludes this case 🔍 Concern: From what I understand: ADP is meant to cover accidental/electrical damage Lenovo has acknowledged the damage But is still denying coverage without a clear, evidence-based justification This feels like a policy interpretation issue rather than a clear technical conclusion. 📉 Impact: Significant delay in resolution Financial loss (\~₹6000 already) Laptop currently unusable 🎯 What I’m looking for: I’m not trying to go back and forth with support anymore. I’m looking for: 📧 Escalation email contacts (Lenovo India leadership / global escalation) 👤 Anyone who has dealt w",0,"{""subreddit"": ""Lenovo"", ""num_comments"": 1, ""type"": ""post""}"
2026-04-07,reddit,Consumer Tech India,Lenovo,Refurbished ThinkPad X1 Carbon 9th gen i7 11th gen vs Brand New MacBook Neo 256gb?,https://reddit.com/r/GadgetsIndia/comments/1sezlbb/refurbished_thinkpad_x1_carbon_9th_gen_i7_11th/,user_f46859fabf,"Refurbished ThinkPad X1 Carbon 9th gen i7 11th gen vs Brand New MacBook Neo 256gb? I have an M2 MacBook Air already and my family is thinking of buying another laptop for our home so that they can use it when I am on the Mac doing online coaching classes and especially when my mom needs to type her documents (she is an Advocate). We were dead set on the MacBook Neo but today morning me and my dad found out about the Lenovo ThinkPad X1 Carbon 9th gen i7 11th gen 16 GB DDR4 RAM and 512 gb SSD listed at a price of Rs 47,599 at Cashify. The ThinkPad now looks like a more attractive option because it can let me tinker around with Linux Distros and let me learn Cybersecurity as a beginner. Which one should we get? Would Cashify be a good website to buy such an expensive computer considering it's high launch price?",0,"{""subreddit"": ""GadgetsIndia"", ""num_comments"": 6, ""type"": ""post""}"
2026-05-02,reddit,Consumer Tech India,Lenovo,"I need serious help, folks — Lenovo Premium Care failing me completely😭😭",https://reddit.com/r/Lenovo/comments/1t1lhqi/i_need_serious_help_folks_lenovo_premium_care/,user_dddfbe3082,"I need serious help, folks — Lenovo Premium Care failing me completely😭😭 I bought a Lenovo IdeaPad Slim 5 (Ryzen 7, 24GB RAM) about 10 months ago for around ₹80K + ₹4K for ADP, and it’s already turning into a nightmare. About a month back, I started facing multiple issues — battery stuck at 0% and not charging, overheating even in AC conditions, and touchpad malfunctioning. Right before visiting the store, the battery issue temporarily “fixed” itself, but the backup became terrible. The store redirected me to an authorized service center, where they asked me to leave the laptop for 15 days, which I couldn’t do since I’m a college student with project deadlines. They then gave me the Premium Care number for doorstep service. A Lenovo support person ran diagnostics remotely — the touchpad started working again, but when I raised concerns about battery drain and heating, I was told 60°C is “normal” even under AC, which honestly sounds unreasonable. Now, after a month, the same battery issue has returned — stuck at 0% again and not charging at all. I went back to the store, got referred to another authorized service center, and again they’re asking for 15 days. I requested doorstep service again because I simply can’t afford downtime, but this time they just closed the request without resolving anything. When I called support, another rep said the issue was “already resolved,” which is completely false. At this point, after multiple unresolved complaints and repeated service fa",0,"{""subreddit"": ""Lenovo"", ""num_comments"": 1, ""type"": ""post""}"
2026-05-06,reddit,Consumer Tech India,Lenovo,Need some input on a good 2 in 1 device,https://reddit.com/r/Lenovo/comments/1t5lcb2/need_some_input_on_a_good_2_in_1_device/,user_ff9338e4f7,"Need some input on a good 2 in 1 device So I ordered the Lenovo Yoga 9i tablet (not the yoga book) but I'm seeing a lot of negative reviews about its longevity even though when I watched videos on it everyone said it was an awesome premium laptop. Now I'm really hesitant because it was not cheap and I need it to last me throughout my college years. I will not be using it for gaming, only note-taking and flashcards, but I will possibly use it to make 3D model renders on Daz Studio coupled with Clip Studio Paint. So as you can tell, I do plan on taking advantage of the tablet feature, but I saw a lot of negative reviews on the hinges as well. Buying a regular laptop and using an external drawing tablet is not an option for me as a lot of my work is ""on the go"". Once the tablet arrives, I am able to return it so long as I do not open it (hence why I am writing this post) and even though I feel silly for not reading more reviews on longevity, I don't mind returning it and exchanging it for something better. I appreciate you taking your time to read this and would love to hear any recommendations and personal experiences with the yoga 9i, whether those be positive or negative!",0,"{""subreddit"": ""Lenovo"", ""num_comments"": 11, ""type"": ""post""}"
2026-05-12,reddit,Consumer Tech India,Lenovo,₱220k Budget (PH) - 5070 Ti vs 5080 for 4-6hr daily rank pushing,https://reddit.com/r/laptops/comments/1tb4h2t/220k_budget_ph_5070_ti_vs_5080_for_46hr_daily/,user_c870138ffd,"₱220k Budget (PH) - 5070 Ti vs 5080 for 4-6hr daily rank pushing # The Options (Local PH Pricing): 1. Lenovo Legion Pro 5i (₱152,995): Ultra 9 275HX, RTX 5070 Ti (12GB), IPS. * The Question: Is the 5070 Ti (12GB) going to hit a VRAM wall in 3 years for competitive titles? 2. Lenovo Legion Pro 7i (₱199,199): Ultra 9 275HX, RTX 5070 Ti (12GB), OLED 240Hz. * The Question: For 6-hour daily sessions, is the risk of burn-in on static game HUDs (maps/health bars) too high over a 4-year period? 3. ASUS ROG Strix G16 (₱217,999): Ultra 9 275HX, RTX 5080 (16GB), Nebula IPS. * The Question: Is the jump to the 16GB VRAM 5080 worth the ₱65k premium for longevity through 2030? 4. Based on Experience which laptop do you guys preferred? # Key Priorities &amp; Constraints: * Marathon Thermals: I play for long stretches. I need the chassis that handles 6-hour heat soak the best. Is the Strix's Liquid Metal/Tri-fan setup significantly better than the Legion's Vapor Chamber? * Future-Proofing: I want this to be my primary driver for 4 years. How critical is that extra 4GB of VRAM (16GB total) for upcoming releases? * Budget Logistics: Working with a ₱200k credit limit and a ₱30k cash downpayment.",0,"{""subreddit"": ""laptops"", ""num_comments"": 1, ""type"": ""post""}"
2026-04-25,reddit,Consumer Tech India,Lenovo,"Review of the Yoga Pro 9i (2026, 11th gen)",https://reddit.com/r/Lenovo/comments/1sv5rrj/review_of_the_yoga_pro_9i_2026_11th_gen/,user_9c1b136796,"Review of the Yoga Pro 9i (2026, 11th gen) Disclaimer: Neither I am in any way affiliated with Lenovo, nor I am getting anything from anyone for this review. But as I seem to be one of the first consumers who bought this notebook, I thought I'd write a quick review. Also disclaimer: I gave my AI of choice my pro's and con's and let the review itself write by it and edited it afterwards - sorry, too lazy to write everything on my own ;-) But it reflects the tasks I've tried so far, so this is not AI slop in the end ;-) After spending the first 3 days with the 11th Generation (2026) Lenovo Yoga Pro 9i, I’ve put together this review to highlight where it excels and where there is room for improvement. This is a high-end machine that positions itself at the top of the ""pro-sumer"" market, and my experience reflects that premium standing. # Design and Build Quality The first thing you notice is the build quality. Lenovo has used a high-grade aluminum chassis that feels incredibly rigid. There is virtually no deck flex, and the ""Comfort Edge"" design makes it much more comfortable to carry and use than laptops with sharper edges. It feels like a tool designed for longevity, balancing a sleek aesthetic with a sense of industrial durability. # Performance: CPU &amp; Graphics Under the hood, this configuration is a powerhouse for both creative work and heavy multitasking. * **Core Ultra 9 386H:** The new ""Series 3"" architecture provides a significant jump in multi-core efficiency",0,"{""subreddit"": ""Lenovo"", ""num_comments"": 22, ""type"": ""post""}"
2026-05-04,reddit,Consumer Tech India,Lenovo,I STREAM LIVE AND I NEED A NEW LAPTOP. PLEASE SUGGEST SOME OPTIONS FOR ME. BUDGET UNDER $2K USD,https://reddit.com/r/SuggestALaptop/comments/1t38wzy/i_stream_live_and_i_need_a_new_laptop_please/,user_e2b852442f,"I STREAM LIVE AND I NEED A NEW LAPTOP. PLEASE SUGGEST SOME OPTIONS FOR ME. BUDGET UNDER $2K USD (6-8HRS/DAILY) I need a new laptop, and my Lenovo Yoga is a 12 RAM trooper but I think she is nearing her end. I use OBS and know very little about computers. Thank you in advance.",0,"{""subreddit"": ""SuggestALaptop"", ""num_comments"": 5, ""type"": ""post""}"
2026-04-26,reddit,Consumer Tech India,HP,cse major laptop dilemma,https://reddit.com/r/SuggestALaptop/comments/1swgjcr/cse_major_laptop_dilemma/,user_cf9d74e4d0,"cse major laptop dilemma **LAPTOP QUESTIONNAIRE** * **Total budget (in local currency) and country of purchase. Please do not use USD unless purchasing in the US:** 100,000 inr (India) * **Are you open to refurbs/used?** NO * **How would you prioritize form factor (ultrabook, 2-in-1, etc.), build quality, performance, and battery life?** perfomance! * **How important is weight and thinness to you?** not necessarily * **Do you have a preferred screen size? If indifferent, put N/A.** anything but should atleast be 100% srgb * **Are you doing any CAD/video editing/photo editing/gaming? List which programs/games you desire to run.** VScode, ai/ml workloads(open to cloud gpus) and linux * **If you're gaming, do you have certain games you want to play? At what settings and FPS do you want?** minecraft, any will work ig * **Any specific requirements such as good keyboard, reliable build quality, touch-screen, finger-print reader, optical drive or good input devices (keyboard/touchpad)?** durability * **Leave any finishing thoughts here that you may feel are necessary and beneficial to the discussion.** im cs major fresher want to do ai/ml i wanna know macbook air m5 with 16gb ram 8core gpu or asus vivobook s14 oled with amd 9 370hx 16gb ram will be better as * both have equivalent specs on paper at the same price * ease of use of linux and wide compatibility of windows \--&gt;macbook air is better(heard that a lot) and resale value (by the time it had served its purpose i wont b",0,"{""subreddit"": ""SuggestALaptop"", ""num_comments"": 4, ""type"": ""post""}"
2026-04-27,reddit,Consumer Tech India,Apple,Suggest some option for laptop,https://reddit.com/r/laptops/comments/1swzv29/suggest_some_option_for_laptop/,user_b426219baf,"Suggest some option for laptop recently i passed my class 12 exam and i need a laptop. context about laptop-------&gt; **1. i am interest in AI** **2. atleast 16 512** **3. i won't do heavy gaming , i will play games like minecraft or counter strike** **4. will handle my college work** **5. want to make a app startup** **6.budget 60000 rupees** **7. not laggy** **8. don't want apple products** **9. not sure about refurbs** **10. performence---good screen not so big , not so small average battery**",0,"{""subreddit"": ""laptops"", ""num_comments"": 13, ""type"": ""post""}"
2026-04-22,reddit,Consumer Tech India,Lenovo,Very short battery life of my Lenovo yoga. Anyone with the same problem?,https://reddit.com/r/Lenovo/comments/1ssg8kq/very_short_battery_life_of_my_lenovo_yoga_anyone/,user_1bb7b0a769,Very short battery life of my Lenovo yoga. Anyone with the same problem? My Lenovo Yoga 7 14ITL5 is bought 2 years and 10 months ago. And recently i noticed how quickly the battery lowers. For around 3-4 hours from 100% to 5%. Anyone experiencing the same? What can I do about this? Any diagnostics I should consider? Before this laptop I had another Lenovo yoga (C340 maybe?) and it stopped charging itself all of a sudden after 2 years and a half. Is this a typical Lenovo issue?,0,"{""subreddit"": ""Lenovo"", ""num_comments"": 4, ""type"": ""post""}"
2026-04-28,reddit,Consumer Tech India,HP,Need a laptop recommendation for AI project. I'm a total newbie so any help us appreciated. Purchasing from India and bu,https://reddit.com/r/laptops/comments/1sxsosc/need_a_laptop_recommendation_for_ai_project_im_a/,user_a2e86fc542,"Need a laptop recommendation for AI project. I'm a total newbie so any help us appreciated. Purchasing from India and budget is around 70k **Total budget (in local currency) and country of purchase. Please do not use USD unless purchasing in the US:** around ₹70k **Are you open to refurbs/used?** Nope **How would you prioritise form factor (ultrabook, 2-in-1, etc.), build quality, performance, and battery life?** I want a really good performance as my AI project is based on 3D simulations. idc about others as long as they're fine. **How important is weight and thinness to you?** Any is fine **Do you have a preferred screen size?** no **Are you doing any CAD/video editing/photo editing/gaming? List which programs/games you desire to run.** vscode, and other IDEs. AI/ML software/ 3d simulations **If you're gaming, do you have certain games you want to play? At what settings and FPS do you want?** no **Any specific requirements, such as a good keyboard, reliable build quality, touch-screen, fingerprint reader, optical drive or good input devices (keyboard/touchpad)?** Good Keyboard and a fingerprint sensor (optional) **Leave any finishing thoughts here that you may feel are necessary and beneficial to the discussion.** I want to learn all of the important AI/ML/DL (currently in grade 10). So if someone is experienced with AI/ML, pls guide me on which laptops I should choose.",0,"{""subreddit"": ""laptops"", ""num_comments"": 4, ""type"": ""post""}"
2026-05-02,reddit,Consumer Tech India,HP,Help in laptop for college,https://reddit.com/r/SuggestALaptop/comments/1t1fag8/help_in_laptop_for_college/,user_c6fa7b273c,"Help in laptop for college \*LAPTOP QUESTIONNAIRE\*\* \* \*\*Total budget (in local currency) and country of purchase. Please do not use USD unless purchasing in the US:\*\* -fill here, 1.2 lakh to 1.4 lakh \* \*\*Are you open to refurbs/used?\*\* -fill here, No \* \*\*How would you prioritize form factor (ultrabook, 2-in-1, etc.), build quality, performance, and battery life?\*\* -fill here, Performance in coding music ai ml and other cse stuff \* \*\*How important is weight and thinness to you?\*\* -fill here,Dont care \* \*\*Do you have a preferred screen size? If indifferent, put N/A.\*\* -fill here, No preference \* \*\*Are you doing any CAD/video editing/photo editing/gaming? List which programs/games you desire to run.\*\* -fill here,I want to do and gaming only Minecraft and some steam games \* \*\*If you're gaming, do you have certain games you want to play? At what settings and FPS do you want?\*\* -fill here,Minecraft shaders minimum 100-150 fps \* \*\*Any specific requirements such as good keyboard, reliable build quality, touch-screen, finger-print reader, optical drive or good input devices (keyboard/touchpad)?\*\* -fill here,No \* \*\*Leave any finishing thoughts here that you may feel are necessary and beneficial to the discussion.\*\* I'll be getting this laptop for my cse degree I want something that last for 4 years I am leaned towards a M5 with 24gb ram and 10 core GPU about 1.30 lakh I don't like gamin",0,"{""subreddit"": ""SuggestALaptop"", ""num_comments"": 1, ""type"": ""post""}"
2026-05-02,reddit,Consumer Tech India,Lenovo,"Lenovo India ""Premium"" Support Nightmare: Multiple Repairs, Unusable Bluetooth, and a False ""Resolved"" Status.",https://reddit.com/r/Lenovo/comments/1t1z52r/lenovo_india_premium_support_nightmare_multiple/,user_2b81cce1ee,"Lenovo India ""Premium"" Support Nightmare: Multiple Repairs, Unusable Bluetooth, and a False ""Resolved"" Status. I am documenting a persistent service failure regarding my Lenovo IdeaPad Slim 5 (AMD Ryzen™ AI 7 350, 24GB RAM). This unit has become a source of constant frustration despite being under ""Premium"" warranty. The History of Repairs: The Major Teardown: My unit initially suffered from severe touchpad lag and some grounding issues (shocks). To resolve the touchpad failure, a technician performed a full teardown and replaced the entire keyboard and touchpad module. This successfully fixed the touchpad and grounding. The New Failure: Shortly after this major hardware replacement, a new issue emerged: Severe Bluetooth failure. I am experiencing constant audio distortion and noise drops with every Bluetooth device I pair. Failed ""Fixes"": Lenovo sent a technician to replace the WiFi/Bluetooth chip, but the issue persists. They then insisted on a full Windows Factory Reset (wiping all my data), which I have completed. The Bluetooth is still broken. Why I am Rejecting a Motherboard Replacement: Lenovo is now suggesting a motherboard swap. I am officially rejecting this. \[I have witnessed peers in my hostel go through 3+ motherboard replacements on their units without a fix, and I refuse to enter that same cycle of failed repairs.\] My laptop has already had an invasive teardown and a chip replacement; I didn't pay for a brand-new device just to have it used as a test su",0,"{""subreddit"": ""Lenovo"", ""num_comments"": 1, ""type"": ""post""}"
2026-05-03,reddit,Consumer Tech India,Apple,MacBook Air 15 vs MacBook Pro 14,https://reddit.com/r/SuggestALaptop/comments/1t2jypz/macbook_air_15_vs_macbook_pro_14/,user_7f347dc13a,"MacBook Air 15 vs MacBook Pro 14 I'm starting a new job, it's a company that does AI and does lots of optimizations writing GPU kernels. They give out MacBook Air 15 with 32 gb of ram in 1 TB SSD by default. I asked for a MacBook pro 14 with 15 core m5-pro, 48 gb of RAM, and 1 tb ssd. They said they will provide me with what I asked but they also pushed back a little and said that the MacBook Air is great and that the mostly work on external servers and not much work is done on the actual laptop. I'm wondering if I should just listen to them, or should I still ask for what I want because I want longevity and the option to run things on my own laptop without thermal throttling. I mean this will be my work tool for the next few years... There are also advantages to a fanless computer, like silence, but idk. What do you think? Do any of you think it's actually BETTER to get the macbook air for developing? Or should i still ask for the pro?",0,"{""subreddit"": ""SuggestALaptop"", ""num_comments"": 6, ""type"": ""post""}"
2026-05-11,reddit,Consumer Tech India,Lenovo,"I FEEL SUICIDAL, LENOVO NOT PROVIDING THE REFUND AND SERVICE",https://reddit.com/r/Lenovo/comments/1t9vxzc/i_feel_suicidal_lenovo_not_providing_the_refund/,user_d976242310,"I FEEL SUICIDAL, LENOVO NOT PROVIDING THE REFUND AND SERVICE Hello everyone I had previously posted on how I was getting display glitches and overheating on lenovo legion 7i gen 9 laptop, so after multiple repairs the display glitching issue has fixed but the overheating issue still exists and when I try to communicate with lenovo support they completely deny by saying that those temps are normal. I have attached the image of the temperatures I’m getting even after 2 motherboard and 2 heatsink replacement. They keep insisting on parts replacement and keep doing lenovo diagnostics tests. They are not listening to my concern. I have paid over 2 Lakh inr on this laptop and I feel completely hopeless, lost and suicidal. If anyone from lenovo team can help me please escalate the issue.",0,"{""subreddit"": ""Lenovo"", ""num_comments"": 52, ""type"": ""post""}"
2026-05-05,reddit,Consumer Tech India,Apple,Is MacBook Air M3 enough for AI/ML BTech + cross-platform app dev?,https://reddit.com/r/GadgetsIndia/comments/1t4eg91/is_macbook_air_m3_enough_for_aiml_btech/,user_5c7f051fe9,"Is MacBook Air M3 enough for AI/ML BTech + cross-platform app dev? &amp;#x200B; Hey everyone, I’m about to start my BTech in AI/ML, and I’m also planning to build cross-platform apps (React Native / Flutter). I’m thinking of buying a MacBook Air M3 (with my own money), so I want to make sure it’s the right choice. My main questions: \- Is it good enough for AI/ML coursework? \- How well does it handle tools like Python, Jupyter, TensorFlow/PyTorch (basic level)? \- Is it smooth for app development (VS Code, Android Studio, Xcode, emulators)? \- Are there any major limitations I should be aware of (like GPU/CUDA issues)? \- Would a Windows laptop with a dedicated GPU be a better option? I’m not planning to train huge models locally, but I do want a reliable and smooth experience for coding, projects, and multitasking over the next few years. Would really appreciate honest opinions from people using M-series MacBooks for similar work 🙏",0,"{""subreddit"": ""GadgetsIndia"", ""num_comments"": 4, ""type"": ""post""}"
2026-05-08,reddit,Consumer Tech India,Lenovo,"My laptop dead , need help in HYD",https://reddit.com/r/laptops/comments/1t78f2y/my_laptop_dead_need_help_in_hyd/,user_9d9fe2c0b2,"My laptop dead , need help in HYD Quick question for anyone familiar with the repair scene in India: My Legion 5 Pro motherboard is officially dead and out of warranty, does anyone know a trustworthy place that does actual chip-level motherboard repair here? Lenovo support just wants to charge me a fortune for a full board swap, but I'm hoping to find a technician who can actually diagnose the short and replace the dead IC/capacitor so I don't have to throw the whole laptop away",0,"{""subreddit"": ""laptops"", ""num_comments"": 3, ""type"": ""post""}"
2026-04-16,google_news,Consumer Tech India,Apple,"Apple's India vendors ship record $2.5 billion to China, reversing trade flow: Report - Moneycontrol.com",https://news.google.com/rss/articles/CBMi1gFBVV95cUxNVi1lb2FVb2VLQjRldVhpeUJOcE42LXJud1YtQW44UFUyR3ZNY3VrS290T0xBdlFXRUR2LUQtNlFKTWJpQkhoVU1FVmFFQmtYYXdkOFBia05XLXMyUDJnRjVrSVJzMU9lMXhJQ01sOXFnTmFkMFBNY3NjVjFSZDQ1ZWprT01Fbi1QWmpNdjI5LTRVMENQWmFFeXMzUmh0cGJGQ3dJVjdOMFgzbGNDQVEwODFrV0NrRk9zbHgybGxPczc4WHZvVXdfWW9PUHB5MXRSUVVsRGln0gHbAUFVX3lxTE1od3dZSFRVTXBTTnlxVm80SWg1bGdqQWFqdWluc0ZUWjJFM1F5Nkdnc3BLZXpYT2h1SUFTRHU3ZVFWSnVuS3NadUZvUzdkVUkzNFhHOHdtMVZocVNpQ21HNjdGa3R2YVRwOENoQzlRUVdJM2dHcGJ2dW1QR3NQUzd0TlBuQUZEOF9TbV9nZGlYRDVYN01zclVadHRCV29LaXdDUXBKN3paYV96M1dVSnFRNV9DODdBSjhGTTFDTzFGdmdnSENFM3c0eHRjTjN6bjVpWXF3RGxfNmUxYw?oc=5,user_gn_c3adeb9d,"Apple's India vendors ship record $2.5 billion to China, reversing trade flow: Report - Moneycontrol.com Apple's India vendors ship record $2.5 billion to China, reversing trade flow: Report &nbsp;&nbsp; Moneycontrol.com",0,"{""publication"": ""Moneycontrol.com"", ""headline"": ""Apple's India vendors ship record $2.5 billion to China, reversing trade flow: Report - Moneycontrol.com""}"
2026-05-11,google_news,Consumer Tech India,Apple,Apple just made it easier for Apple Card users to access Savings on the web - 9to5Mac,https://news.google.com/rss/articles/CBMiqwFBVV95cUxOYV9YNVhZT1ZVQ3Nsc0RxeE9qNXE4M0I5bnIta2VleUhnTXF0YVI2YXc4Z3VpdjJzRnBjb2h2aklCZVBsQ2ZyWEpyQXU4blFROEc1dldqdjZMUF9OdGgyQ19EQm5ZQlVuM0pyX1hIZm9aeU1SLVZYUjk1b3lTRmFmVFdtZ0NiMS0xaHJEOXRfRDVQVDMxQVZfNTVkeFlORFNaby00RF9QR3J0QlE?oc=5,user_gn_1bcd56f2,Apple just made it easier for Apple Card users to access Savings on the web - 9to5Mac Apple just made it easier for Apple Card users to access Savings on the web &nbsp;&nbsp; 9to5Mac,0,"{""publication"": ""9to5Mac"", ""headline"": ""Apple just made it easier for Apple Card users to access Savings on the web - 9to5Mac""}"
2026-05-11,google_news,Consumer Tech India,Apple,Apple to Enhance macOS 27 with Improved Liquid Glass Features - India News Network,https://news.google.com/rss/articles/CBMinwFBVV95cUxOZkZPYTU0SVJQOHFzRHBnT05qc0pJcHF0SnExMmRvMjExS2pGd1RSMERQbjdEU1NsbF9EVlBNSWlzYkNsWkgxVzBsOEpkQVFNNld6SHBGUEpKSEk4X2tpWko2NHV3MVFmRjc1UVNfNkx1U1ZocmgzOEhzb0dVSk9USlp4SkdKd3VTbHA4cTVSTG9QUktBaWVzeUtUZ2ZkQW8?oc=5,user_gn_70b66270,Apple to Enhance macOS 27 with Improved Liquid Glass Features - India News Network Apple to Enhance macOS 27 with Improved Liquid Glass Features &nbsp;&nbsp; India News Network,0,"{""publication"": ""India News Network"", ""headline"": ""Apple to Enhance macOS 27 with Improved Liquid Glass Features - India News Network""}"
2026-05-11,google_news,Consumer Tech India,Apple,"Elon Musk, Apple's Cook to head to China with Trump, says White House - The New Indian Express",https://news.google.com/rss/articles/CBMiuAFBVV95cUxPUUdVQzAyMm53cXBGWUlXemE1bUZJWG1odFhpS2M5WVlhcUJvN3FBM01uN2MwelkxTXVQT1ZfNk5WOUxtWTBZampPMEZPVGpmalVjLXNDbWhXblU0SExUT3VCR2l3QUNWNjVieVYycGVwVWhWWU1Wd0o3WElYMXlHTzN4N245YWY5djRGMDJWQ0M1ZVlSZW9iUzIxaU82T2NDZ0ZDTWtDWU9IcFp3Y2l2Q09LLUVzbUNn0gHGAUFVX3lxTE1wNnBwTmNkOVpRczl4NDI3Tl9ST3J0WTd6N3BnUlNKTzBFTF9XeWRHTDVxYm1BQjN1RUhxYkNfdWsyTFNwWWE1RElRN3A1a0JTZ2IwVElqM1dvaTZjbVZNbmdaSTMtRHU4emlJWVpKNk9UTzhldjR5cXJGRzBqcUdReGVGUUZ6X2QxdUZLQmtxSXFybllSQkpmaGhQazNfUjRWZnRONDlsLWRSMGstZzhWbU0wdWZrVi1sNEczZmFZemgtVFlWQQ?oc=5,user_gn_bdc4a1c9,"Elon Musk, Apple's Cook to head to China with Trump, says White House - The New Indian Express Elon Musk, Apple's Cook to head to China with Trump, says White House &nbsp;&nbsp; The New Indian Express",0,"{""publication"": ""The New Indian Express"", ""headline"": ""Elon Musk, Apple's Cook to head to China with Trump, says White House - The New Indian Express""}"
2026-05-11,google_news,Consumer Tech India,Apple,"Apple, Tesla, Boeing CEOs join Trump’s China visit amid trade, geopolitical tensions - Telegraph India",https://news.google.com/rss/articles/CBMiyAFBVV95cUxPOXI0WEpGUWdJWkdjRnY3MlNrWWctVGZWbDZBTDhlR3J6MlQ3eTQ3TGJrcE94Nk9ib216M1NCQXZLV0t6NkZzRnF3ZlVYcFNscFJiaDBSSXNDa1BDbVFQdnozaEpnaGhhbmVDOGhfVnBrTTVrcld1Z1dScUlqdDB6ZUdPdzIta0dEa2ZPVERkV1k5bDVhM1Fvb2F5emt3ckRKSFBwX0FyM0pnbkdNWGhKLVZFU1BveVp5N2VxcjJvSk5QUWd2LV9HZNIBzgFBVV95cUxOQWFIRnFYTzVkWURMeV9OVkVSVTFlYk9OWHljZ0FXUHV5SVBlV1RMc2pqZkJ1TXd5Q1lwNUxLNlZPbC0wZWdMdGxkMGV2N3htUDJibldvMVBrRzJKcjlkUWxzTERzaUlfMlN2bGZTNTY4ZjhSMmYxMmNDdTltNS1TMXU3Q285Tm1uQTRVUHB3R2pBdElXUEY4bkRTb2JCLXh4UHNrSmxBZ2p0eFRtU0xLUVBRRmtIdjNsRHFsMTE2cnBqRFdDSW0xcHNsRTZsUQ?oc=5,user_gn_f0964a39,"Apple, Tesla, Boeing CEOs join Trump’s China visit amid trade, geopolitical tensions - Telegraph India Apple, Tesla, Boeing CEOs join Trump’s China visit amid trade, geopolitical tensions &nbsp;&nbsp; Telegraph India",0,"{""publication"": ""Telegraph India"", ""headline"": ""Apple, Tesla, Boeing CEOs join Trump\u2019s China visit amid trade, geopolitical tensions - Telegraph India""}"
2026-05-12,google_news,Consumer Tech India,Apple,iOS 26.5 is here: 6 hidden features Apple just gave iPhone users - Mathrubhumi English,https://news.google.com/rss/articles/CBMimAFBVV95cUxNaTR0M2I2dHJTdjB0dkRqQnNTbXQtRU5IbVpRVDZzX3JSRmxKcFNaeVlZUldwV3NDQ1p1YVVxMmR6YjVJSUw3MHRMM24td1ZmLWJ6Zk9LUmxFcVdDOVNMZlA5NEFQTmdicTJfc1V6S1NDNzFWUUFnVk16SW5aWkZBYmVfRHZrNGRCSVRSeFFQSzlPXzlyMGp2Y9IBngFBVV95cUxNb0Nyd1lCTEMxM1B0TVlGQ1BEZEdaRDdENzUxREpVVkgwamMyc3JoZDVubkdwUGQ5dmI5UUowTjV4bEJxNU1WdmoxZkRhemJuamthMmZ5d1BEY253TXpRMXBzYlBHakxFUVhaTTlWOEZIalJ2UkwteE1DWG1RcC1Lc29ROVlfLXBPWW1ma0x3SjFBOGh5Q1FGTHpoTWtSdw?oc=5,user_gn_07aa615e,iOS 26.5 is here: 6 hidden features Apple just gave iPhone users - Mathrubhumi English iOS 26.5 is here: 6 hidden features Apple just gave iPhone users &nbsp;&nbsp; Mathrubhumi English,0,"{""publication"": ""Mathrubhumi English"", ""headline"": ""iOS 26.5 is here: 6 hidden features Apple just gave iPhone users - Mathrubhumi English""}"
2026-05-11,google_news,Consumer Tech India,Apple,CleanMax & Apple Complete ~INR 100 Cr Renewable Energy Deal; All Three SPV Transfers Finalised - India IPO,https://news.google.com/rss/articles/CBMixAFBVV95cUxOVTBEc0hDUXZ0ZDZmTGpMTUFqdzhCalg3R0NxYTdTZ0JtQ3E1Y1k0dDNtTU5FeUhITG5fVVZlbF9kVzkycmRYX3B2d1U1bkhyaFBMdUlGRmtpYUd5R3BVMWUwV0tTY0NpN08tdmRhNU11bmd2c3FIcGtLcjRudkx6dEx6M3JMUkQ5TThqRzJrRHlwZ1VNdDJSYktjdlRFU2E3N2pacnNENk9kT0VtOTFpRnlXOWx2NTU2akZxUWxqQXpISnZK?oc=5,user_gn_c13c4e4e,CleanMax & Apple Complete ~INR 100 Cr Renewable Energy Deal; All Three SPV Transfers Finalised - India IPO CleanMax & Apple Complete ~INR 100 Cr Renewable Energy Deal; All Three SPV Transfers Finalised &nbsp;&nbsp; India IPO,0,"{""publication"": ""India IPO"", ""headline"": ""CleanMax & Apple Complete ~INR 100 Cr Renewable Energy Deal; All Three SPV Transfers Finalised - India IPO""}"
2026-05-11,google_news,Consumer Tech India,Apple,‘Second bite at apple’: Punjab and Haryana High Court slams man trying to quash FIR after failing to get bail in NRI lan,https://news.google.com/rss/articles/CBMiuwFBVV95cUxOWWlucGtsVEt5ZHNtSHRiRnJYd1BJRzJ1NTdiZWNyam45S1pKWXFveWowN1BONmRXQi1ZLUtweEFqQmtUbk5tWXBTWnl1SFg2cURqNzRJeTZvcmt0YnREVm1rMWNEV0hxWk5GbHlYZ1FRM0pPcWlEVkN6OHdNN0gwNTVqTlp1d205Umt3ejFUVEVnWXhaVXdDdzVkWHVRck9DZVJUQ1dwWFZSR3lEX2hYQ3ZyTGhIMUhLVEww0gHCAUFVX3lxTFBuNEs4bkdZVExNSjVJQ2ZnZEJpYUtKaHhCREpZcDU3QUdjeUY4S1RJWWlzNFB2TTdEdW9iQmFxdGZIa3pOUWcwTkFJM2tsd1ZxRjdFR2dOTFUtdVVxdGVTOER4ZkF4VXh5UW1uZGJKSFVIdFFEVEFzNGVERFJ4cThhelAzckhUak5zREtSbHVHWElxM0hUOUYyV0hBa3cwd3M3dFh6RHNyejNPbGJpNlpkaTZ1U1lkUnlydXhaQklNRDRB?oc=5,user_gn_91872cc7,‘Second bite at apple’: Punjab and Haryana High Court slams man trying to quash FIR after failing to get bail in NRI land case - The Indian Express ‘Second bite at apple’: Punjab and Haryana High Court slams man trying to quash FIR after failing to get bail in NRI land case &nbsp;&nbsp; The Indian Express,0,"{""publication"": ""The Indian Express"", ""headline"": ""\u2018Second bite at apple\u2019: Punjab and Haryana High Court slams man trying to quash FIR after failing to get bail in NRI land case - The Indian Express""}"
2026-04-20,google_news,Consumer Tech India,Apple,"Apple withholds data in India antitrust case, watchdog sets final hearing - Reuters",https://news.google.com/rss/articles/CBMi3gFBVV95cUxONGY5WnNXcDNfUlQ5MU4wRmdlLTlJSnFnTkVsanZwNFllWERVV1V5SlNJUkF1MENIcTFfUHlHZ3BENVN6ckhzWUNEeTM0OC1kUFNpUUpsblhmVjE4aTNXLWZZWHdHbE1LaWZhN1hVTkRkd0gzYk5tM2ZQZEJEX09zZk1lcVF2ejFzLV84WHVhbVM2RHJ0cThOdm9fRzdpUFJGeWtpMDhjN0Q5MUdlTHpDSG9ib0NmOFViUmVFeGRyQkZ6aEFrdWxfRERZemo1WmF3TGVLVk5NR2lLWktJb2c?oc=5,user_gn_7513717d,"Apple withholds data in India antitrust case, watchdog sets final hearing - Reuters Apple withholds data in India antitrust case, watchdog sets final hearing &nbsp;&nbsp; Reuters",0,"{""publication"": ""Reuters"", ""headline"": ""Apple withholds data in India antitrust case, watchdog sets final hearing - Reuters""}"
2026-05-11,google_news,Consumer Tech India,Apple,"Flipkart Sale Deal Alert: Apple iPhone 17 Pro Max Receives Massive Discount of Up To Rs 25,000 in India - Mashable India",https://news.google.com/rss/articles/CBMi0gFBVV95cUxPTllIVUs1amRlNVA1WC1JMjU5TWRoRkd0RU04TkJmZDVXNDd1QmpWeDE0VnBuUGRLdS1WUDBVd0g2dlhwb244S3dfdjlNSDZRUGJKLXR6XzFWb010UUhHVTNuYTZPRW9uQi1iaGQ1Y2JtOW1ja0pkTzJKZEZzeGVreXJGdl9tNUZacDB3T1JDQXlIMzVDUjlhdWw5NktBUXRINlNPZkxTcFJFSGpNRHVKZzBRZ1lEY0t2WVNqZlFPcFhGV0JuWGd3RmlnSGNBVkU2Rmc?oc=5,user_gn_732e17d0,"Flipkart Sale Deal Alert: Apple iPhone 17 Pro Max Receives Massive Discount of Up To Rs 25,000 in India - Mashable India Flipkart Sale Deal Alert: Apple iPhone 17 Pro Max Receives Massive Discount of Up To Rs 25,000 in India &nbsp;&nbsp; Mashable India",0,"{""publication"": ""Mashable India"", ""headline"": ""Flipkart Sale Deal Alert: Apple iPhone 17 Pro Max Receives Massive Discount of Up To Rs 25,000 in India - Mashable India""}"
2026-05-10,google_news,Consumer Tech India,Apple,India-New Zealand FTA rings alarm bells in Himachals apple belt - The Tribune,https://news.google.com/rss/articles/CBMipwFBVV95cUxQa3JKamZ4TjFzLUw1X1Y0U1VoRHJvcVpfT2pNVHpoVkpfb3l1dnROSlhVWTk1MWYyZzdHZkFFWmhDRndHZTZudFZOQkZLNkt2bkxMaUFqMlNHZlVOUTZ1RTJSNDVhcmRNck5Tc0RTWWNEbWRSYW5LR05ESllDTWQzVHdSNVp6dEg1N3ZqMXRyWFR5WVZNZUJiRGpWdERBU19ISXhzeFd0d9IBqwFBVV95cUxNTFpkQTdxN0E2NUd6RFktZ0xJRUREUHBnNy1DZ1JTOXFXRnhBNDR3TFJaSGNvS2IxT3lyRkl3U0kzak42UHdsbDA1NUhIckFWM3FfaDB5clFjbm1GYXBZNHVXZlBmUWJaclI2ci1RMEdHQkUzaXJUdjVVR1AzSmd0RTUxS3lRbk4wY2lMamtTMWVaMVFDd1JSYTIwZjk3cHVVdWNzTzJaWDd1V28?oc=5,user_gn_42982c29,India-New Zealand FTA rings alarm bells in Himachals apple belt - The Tribune India-New Zealand FTA rings alarm bells in Himachals apple belt &nbsp;&nbsp; The Tribune,0,"{""publication"": ""The Tribune"", ""headline"": ""India-New Zealand FTA rings alarm bells in Himachals apple belt - The Tribune""}"
2026-05-13,google_news,Consumer Tech India,Apple,iOS 27 leak reveals Apple’s biggest Camera app shake-up in years - Firstpost,https://news.google.com/rss/articles/CBMirAFBVV95cUxQZTVraERaMWdEdGJWU29sWTZJSDJMWjROQUYwWkZ0cHFvbTNCZDhScnNETldnalJuaUp2NUdKcEVBQnB5ZURKdVdOZFJBOTNNU18wV19raHpQRmlrN2ZFRWZ2YXgwZ3JPWWRocmNUN2RXRzNGUWdmYUFHSzREX1kxNWY2eEx4UlRPVXJ0anh0TUtRNGFvcTRKQ0d3RDR1TW01d2lTRkVYZVlVRUJM0gGyAUFVX3lxTE9UaDdBVEhtYlREVnJDWGRqN2ZSU1phZ3oxMHp2V0NnSEkzLXY1dUlPMWJaQi1yVlRTZUZ2N09EMzd4aHVCb3FFaHV6ZGdSU29yRzNaeks5WWxYWEZYQ01nYzNSc0FlSVpsLXE3elRKaXBraVpiMjZBNldXZWFFLTZVRHJ6cWsxcGFYbVpRRWd4czZMWnFaV2xtcGswdTdsb0VVbkF4ZkQyQ1Q0Vm5FZzh5UlE?oc=5,user_gn_623aa077,iOS 27 leak reveals Apple’s biggest Camera app shake-up in years - Firstpost iOS 27 leak reveals Apple’s biggest Camera app shake-up in years &nbsp;&nbsp; Firstpost,0,"{""publication"": ""Firstpost"", ""headline"": ""iOS 27 leak reveals Apple\u2019s biggest Camera app shake-up in years - Firstpost""}"
2026-05-12,google_news,Consumer Tech India,Apple,CleanMax has expanded Apple partnership in India - Solarbytes,https://news.google.com/rss/articles/CBMisgFBVV95cUxNbVp2OFZiVWsyMHpOcEhYWjRnUG9CRVo2a0ZxdUNjd2RVSHUwamlNYW9MUERHdUZFNWQ0R0w4aDBmN2tXT0wxMXdCNWl3dmJ1b2xlQjc4VkZmZ0xiQmdESGFRWVQ1YVJ2MFZnS1hsNnVxckhNTm5EZWZwRmJtbjhreXVhZ28zTGktNUVEYTB4bk9ZOHJkLUlyY2lOZzl6eWNGWUJndUtyVkNqcmhzLTJhWWtn?oc=5,user_gn_ea1a9bf6,CleanMax has expanded Apple partnership in India - Solarbytes CleanMax has expanded Apple partnership in India &nbsp;&nbsp; Solarbytes,0,"{""publication"": ""Solarbytes"", ""headline"": ""CleanMax has expanded Apple partnership in India - Solarbytes""}"
2026-05-12,google_news,Consumer Tech India,Apple,Apple Inc (AAPL) Partners with CleanMax to Enhance Renewable Energy Capacity in India - Yahoo Finance,https://news.google.com/rss/articles/CBMingFBVV95cUxQLWJ4RmhyUk5MTk81d2RZeEN3SVBHTHFBVXhZZ0NUazFFQ0ZzT1hYazhBR0NjdEZTTWdERUJmanc5dldvVTJnUl93X2VWajdYSFBKekw5OW8wT1ZWaDFPMHhFTG0zUFh6Q0tZNWNLNU1JT2hwZUNMd0VwZWlPTDJud01OTUdHODZNZTNYMXVQSTVYaTFqSnNteUVNdjR1QQ?oc=5,user_gn_f9d4710e,Apple Inc (AAPL) Partners with CleanMax to Enhance Renewable Energy Capacity in India - Yahoo Finance Apple Inc (AAPL) Partners with CleanMax to Enhance Renewable Energy Capacity in India &nbsp;&nbsp; Yahoo Finance,0,"{""publication"": ""Yahoo Finance"", ""headline"": ""Apple Inc (AAPL) Partners with CleanMax to Enhance Renewable Energy Capacity in India - Yahoo Finance""}"
2026-05-11,google_news,Consumer Tech India,Apple,Apple and CleanMax Strengthen Renewable Energy Partnership with ₹100 Crore Investment in India - Machine Maker,https://news.google.com/rss/articles/CBMi0gFBVV95cUxORFE2UTc3cE1OeWtvQ29Ic3pDcFFxSHNkY3NvTFJmYVhPUTV1VW5fa3NHMFlVdkM1R21UQ3pXb1FrUDNEblZ6THRUbURpWHoyYlctX0dLVmJHejVNRXMwM3M5RV9OdG5EbGFaaUtBRVY1QWxweDMyaDVLOG5tMHVwUEl4Z1VBNW8tZTRQZ2wyU0JBNnlQaFdrbEhoYy00RlBnVU9CTDB6ZEloMmNIMFhuOGhRQVlieWxqOTNKeXFhZWZpNU15bUlUV1FZLXdOajltNVE?oc=5,user_gn_bc23c8d8,Apple and CleanMax Strengthen Renewable Energy Partnership with ₹100 Crore Investment in India - Machine Maker Apple and CleanMax Strengthen Renewable Energy Partnership with ₹100 Crore Investment in India &nbsp;&nbsp; Machine Maker,0,"{""publication"": ""Machine Maker"", ""headline"": ""Apple and CleanMax Strengthen Renewable Energy Partnership with \u20b9100 Crore Investment in India - Machine Maker""}"
2026-05-11,google_news,Consumer Tech India,Apple,WhatsApp for Apple CarPlay rolls out in India with calling support and separate chat tabs - India TV News,https://news.google.com/rss/articles/CBMi5wFBVV95cUxPci1WRWlRMFVXRlhyV1NuSWRRblBRQXZ1eVlWRkxqZldCTmprbk5Od19FamJMTGJGbHZGa2RqNDRLbmlxLU1PRDBHR1RFUXByUVVxcE1WUi1mYUFuSG1JNlBFS1NqWDYyWFRSRzRCUDYxNkFVZ3E5bF9UN19aWFBjQmlQdFpFTzM3eTBkelRBLXpSWm1KMWg1OXhPbFM3VkplbXgzRTdzWk5DUkJReVlhcUlKbnRVSjc5YUpaUV8tLXJOUF9rMGNJejlhSHpaVWdIUENpMnVLSmllQVp2SHQ4b1NqUzVmQ0XSAewBQVVfeXFMTXpsZjFwUlZZQjlNNjJocEE4Y1U2ZWxnd1Ewd0RhRDVDQU5RR0VGbWNDNEZ2cmszXzJJT0ZEX213RWViODFOUHQ4QnFGaDQ5RGlWREFKbUlhZ3J5blRDTC14VDBWSEFIc3AyYjRIQWJGdllKMVNtNVRYbmpudWk3QWltblBfLVNDLVpUMzNEMHEydUFmMy1Ybi1GN1FEWlFEaFhScG8wQloyNjJrSU1oeDlMMUJ4MEY0MTJ2dEFuZDY0bzU1dk1TTWdubzJNSy1YSUNXZTJuNmsza2UtMktBaC0zbVJnSHZJeXQ0aWw?oc=5,user_gn_dfbada2d,WhatsApp for Apple CarPlay rolls out in India with calling support and separate chat tabs - India TV News WhatsApp for Apple CarPlay rolls out in India with calling support and separate chat tabs &nbsp;&nbsp; India TV News,0,"{""publication"": ""India TV News"", ""headline"": ""WhatsApp for Apple CarPlay rolls out in India with calling support and separate chat tabs - India TV News""}"
2026-04-27,google_news,Consumer Tech India,Apple,Apple India Ad: iPhone 17 resolves Royal Family issues in new campaign - Deccan Herald,https://news.google.com/rss/articles/CBMiwAFBVV95cUxPN0xjNTJhRDFaUmlNUU9qTVprbk5ncmF6T2ttd2dIWmJTMVh2dERfMy1RMHdWZFRxdEdRYUJiOTlKTDkyZTVIVk5JNThCZGR0ZTNmODRPTlF1M1R6ZTVpNncyTEZpcUg4V2JUbzcwMG1yd2pMazZUS2YtZFBDM3V6bkx4eFRUS3JOR200bExQSS1oYktzM0NMdHpQdDdib1ZnYjJzVl96MU5ZbUtzS0FKTzFVcE1PcURNTWxhNjRGSDc?oc=5,user_gn_2a48f7b1,Apple India Ad: iPhone 17 resolves Royal Family issues in new campaign - Deccan Herald Apple India Ad: iPhone 17 resolves Royal Family issues in new campaign &nbsp;&nbsp; Deccan Herald,0,"{""publication"": ""Deccan Herald"", ""headline"": ""Apple India Ad: iPhone 17 resolves Royal Family issues in new campaign - Deccan Herald""}"
2026-05-13,google_news,Consumer Tech India,Apple,"Delhi High Court directs Google, Apple to curb obscene apps and online content - Mid-day",https://news.google.com/rss/articles/CBMihwJBVV95cUxPR2NMUFFTZXBhOGM2RmU0UXFWZmNjNWlfV2ZFRWZESW56U3M5YUJQUzZCNlFQMjJENnoydTM5RnViWlN2X2h5Xzkxcm9QbklWMWpwVW5CQl9EcnNxX2tqQWRWTFRPc3dONG1nNEI0UHRZTk1USDNEQmpIWm5HSV94X0xxa3QyOWQ0emdaQWVDc1ZGWkFMT2VtbUpyUjdFUVd2a0RCSmtzYzV4aXN6YktrSFZkcU9HVjBETFF5NnYyd2ZwZEd3dkthTTdDalZmSUJhWWt5dXRqNktwSEowNVJ4MnNKMTZneW9McmxFRGhYeUd6VnRfamNqQUtzdl9VSVdxT2RsXzdGY9IBjAJBVV95cUxQODFsNU9WUy1vTjVEdl8zRERfREJoOGRILXpnZEkxaldvTjBKRHdMemNaU2V2UnhkOU8tN3hKOHJGazd6VEdZd0l4M1hHWkRBUFhlSWxpS3pvUmlhZjc4MGVOTWRxLU15SkRnYUx5QXZMYjR6ekRaYXVTMVpyRS1wLUpZaHZXQ1c2YUFZVHlVckhINmhuVVphVFlVdnFOTGQ1ckpQeS1ad2c4Tk53Wmh3WFA2VGRMVEc4eWZaT3ZxSERyNWZhQ2lPbW1BUUY2UDZCdGNtaUJtRUs0ZGt2M3ctMlVNTXNYdlVHQWZOVEthbTZpd0NONkUwdjlMNjJXaXN2cDlpbl9UeU84Yjd3?oc=5,user_gn_0ab470a6,"Delhi High Court directs Google, Apple to curb obscene apps and online content - Mid-day Delhi High Court directs Google, Apple to curb obscene apps and online content &nbsp;&nbsp; Mid-day",0,"{""publication"": ""Mid-day"", ""headline"": ""Delhi High Court directs Google, Apple to curb obscene apps and online content - Mid-day""}"
2026-05-12,google_news,Consumer Tech India,Apple,New Zealand apple exporters may face costs under Indian trade deal - FreshPlaza,https://news.google.com/rss/articles/CBMitgFBVV95cUxQeFNMZGQ5cUtKeDc1SkFoZ0U3OXJhbXZKN1hyMlFiUjV6Q1hfa1pFTnBielpRTVpWRXB4NVhGdFlReml0ZTZsaFpfaXgtTWlkN3p5MFpmM21QZ05EMmhLUUpDSU84N1czcFpyQ2JVUmRVLUZYVUMyWlZKS1Z3SWR6bldWTWRCdDVOYklBTmhDYmtHVDBEQ0dmYllHc001aUtLaXd6dTQ0Sm9EY2ZZUnROdEhoNFRuQQ?oc=5,user_gn_8ba5336c,New Zealand apple exporters may face costs under Indian trade deal - FreshPlaza New Zealand apple exporters may face costs under Indian trade deal &nbsp;&nbsp; FreshPlaza,0,"{""publication"": ""FreshPlaza"", ""headline"": ""New Zealand apple exporters may face costs under Indian trade deal - FreshPlaza""}"
2026-04-30,google_news,Consumer Tech India,Apple,Apple says India antitrust body overstepping judicial authority as spat intensifies - Reuters,https://news.google.com/rss/articles/CBMi7AFBVV95cUxQOVd6YnJBT1YwMXFDelZFTnZEZ0thN2Fvb01iTkd2UXBDeExubF9veXg0RWlDRnpSdTJVVEtGLXR2YnJhMkk4c2hteDlrZVRiTGNRQ2JiS19kR2tnbDdYZUVBVVFmelNVNmtsNGFMaVZVZG5aT1NmQlZKUEFuV3dDUmpJWUs3UmswZ0NtMWdqdmotcmZmYUF6aTJiRi1OTkRDVTlGNnZQX216NWFjODNTWXF3WkRDNDNXdUd1dXktNjFTOUowNUVGckVEbHZGcVNFR0dFZHFxelY5QTJSUU9HWTh3QWVmV3NNdXRNcg?oc=5,user_gn_7513717d,Apple says India antitrust body overstepping judicial authority as spat intensifies - Reuters Apple says India antitrust body overstepping judicial authority as spat intensifies &nbsp;&nbsp; Reuters,0,"{""publication"": ""Reuters"", ""headline"": ""Apple says India antitrust body overstepping judicial authority as spat intensifies - Reuters""}"
2026-05-12,google_news,Consumer Tech India,Apple,Zome launches Hussein Chalayan-designed spatial wearable interface for Apple Vision Pro - FashionNetwork India,https://news.google.com/rss/articles/CBMi0AFBVV95cUxNcUFacV8yZF9uRVQtZXhTelV2TVFfeWNydW8zUDNIX181eUpodVNPdDVqTHZkc210aWVvWHRJeklYc19pUl9GMTV3RXpqdVlicTMyNkhseEhkVjVBT3lPVE9LREpVeDhiY1ZEc1RHUmd0bHEza09sc1ViWDNLN2ROM0ZRN0R6djhlazdBelA1RHpTbmUtWURaU0Z2R0pWUjBWSG55ai1vV2dQd1pGRkF6aGY0cnJzWEdMU0pSa3BSWUY0QWZiTFN3SHNlT3pUTmZG?oc=5,user_gn_c1df5045,Zome launches Hussein Chalayan-designed spatial wearable interface for Apple Vision Pro - FashionNetwork India Zome launches Hussein Chalayan-designed spatial wearable interface for Apple Vision Pro &nbsp;&nbsp; FashionNetwork India,0,"{""publication"": ""FashionNetwork India"", ""headline"": ""Zome launches Hussein Chalayan-designed spatial wearable interface for Apple Vision Pro - FashionNetwork India""}"
2026-05-13,google_news,Consumer Tech India,Apple,"Delhi HC seeks action from Google, Apple on PIL alleging obscene, illegal content on mobile apps, issues notice - India'",https://news.google.com/rss/articles/CBMi5AFBVV95cUxPaktHa21VS29mb0ZHN3ZRRl83WnlIZ3ZVd2NwQU5id1h3M1A3TmtxUTdOcVNneHhxZ1ZoVnJMS3c2TGlyZ2d1TG1jUHc0RHVEay1nYXEtWmZHTkZvYXNhYWpPdm5rSUFJZmhwN0g0d3ZtemtiVDJRVC1tc3k0YnYwVkE2aGFRY3YxU3UtUkVWWC0xbFBsZ2s5N09BeFpmOEFHSVlWWUpuVWRyNXZmN2o2WXFDQl9CMkNGX0R0MlVFR0FfaWFlVWE5Sm1fMTBPVWJORFZuemQ3RElIRllubXo4UTNkWEk?oc=5,user_gn_64584c88,"Delhi HC seeks action from Google, Apple on PIL alleging obscene, illegal content on mobile apps, issues notice - India's News.Net Delhi HC seeks action from Google, Apple on PIL alleging obscene, illegal content on mobile apps, issues notice &nbsp;&nbsp; India's News.Net",0,"{""publication"": ""India's News.Net"", ""headline"": ""Delhi HC seeks action from Google, Apple on PIL alleging obscene, illegal content on mobile apps, issues notice - India's News.Net""}"
2026-05-11,google_news,Consumer Tech India,Apple,Apple iPhone 18 India price may be lesser than you think - digit.in,https://news.google.com/rss/articles/CBMiowFBVV95cUxNSENJYmZ0aTZzcnE5MS1wN243UUJtcDJDeVhaeDNYRzcwNzh5alROdVQ3MWFNaEhfVWFKVGtMeEZQUWQ2bkNuU1M5V1VnRDY4TUM2eUp2WDdWTDljNUpOYUttb3RjdzNxUXpMV1lHVEg4dGhhRWJ4VWZsUjMxLUVweEpGMHNQblo2eVRfYldhNmRjZk1uYUJBMmZnalBTc2NBS21r0gGqAUFVX3lxTFBnZHVCNlBBSzhBMnkyRVpYMlduYkZIcUJGWFQySkxmZzNUR2RHRXFHUkdaS2h2TlI5bVRDelFPdlM0VWlCdzZzWGxEc01IWlJ1YXFobjZ1YmJyeGVId1RHWUFOMU5mcVlmSVF5WTFzVV9PT0VzRHVZdlFUenZGSjVkdVd5TTdxbGwtSUVqOTA2UXVPekQxQ3NucFdiS21RR3VkclFYY25FWUJR?oc=5,user_gn_f26e555c,Apple iPhone 18 India price may be lesser than you think - digit.in Apple iPhone 18 India price may be lesser than you think &nbsp;&nbsp; digit.in,0,"{""publication"": ""digit.in"", ""headline"": ""Apple iPhone 18 India price may be lesser than you think - digit.in""}"
2026-05-11,google_news,Consumer Tech India,Apple,"Apple Watch Series 11, Watch SE and Watch Ultra now available with education savings in India - Moneycontrol.com",https://news.google.com/rss/articles/CBMi6gFBVV95cUxOQW1kOG45eXhIeXg5OGppeFBKbXZ1b2FDbmJlVUk4Qk1MWGhyM3A4bVQ4ZTg2ZXhuTTN0N2xoNVhPR1htMUdGVWNpZnlFNkkzUklEUUhmVWtCdkJ4ZEw0NWt2bC1OQnRaNWdHb0NYdFJFS1otSVk5NGRKcWVWZHA0VDVjcFF5UjdMN01VM1JMY3VoNFhaXzBpR1lSaHcwcFhPcktDanlnYmtDNWZ5MWw4T0ViRDRPUzAtUWVlXzV2OHpJRnVNTGltMGJrcTFxemU5YlVkbHp4dC1YR2tDTkxPbWZFUVBCZ1F3d2fSAe8BQVVfeXFMTk5pUS0zaGJzclBOT2J4ZmpORmpwUkNBR29FdzBIZEFwN2N0aFdybUE0elB3VnpRcGF3eXZJOHliWXVZRFdoZDZHVm8xNUREaV9TVm5qaS1icnBhbzB0cWJWRWFUZkZqb0ZnWU9rQTg3N3pqVmI0NVlyWWVpVUMtYVRxWkN5M084M2hPcmxpMl9XWVVkMnRmeFFYU1BfREphVDdXWFRGSnozR19KczliWmtEMzNBb2txOXdIZW5ob21rWk5TXzREcGt3QTJuOUpxQzJiSi1jSG84N2NjU2g1cGsydWYzS1dXRWItd0NBaXc?oc=5,user_gn_c3adeb9d,"Apple Watch Series 11, Watch SE and Watch Ultra now available with education savings in India - Moneycontrol.com Apple Watch Series 11, Watch SE and Watch Ultra now available with education savings in India &nbsp;&nbsp; Moneycontrol.com",0,"{""publication"": ""Moneycontrol.com"", ""headline"": ""Apple Watch Series 11, Watch SE and Watch Ultra now available with education savings in India - Moneycontrol.com""}"
2026-05-13,google_news,Consumer Tech India,Apple,Apple's First Foldable iPhone Could Cost Over Rs 2 Lakh In India: Here's Why - ABP News,https://news.google.com/rss/articles/CBMi0gFBVV95cUxQOHJDd1dkdkg1czFZYVI1VkhZY05qWE1maklJczB0NkRSVy1SbjZvaDZ2SzNBSG4za0dOY1dUTk1sS2NPUkpKekhpRWEzeTlycDlKVU5IMlBRWU94dld4c1ZFM2ZKakx4b0JvcC1xa0JNak0xR3lEd3ZwbDZTZWM3UkpDcjlla0JCOHh2ZVdMTVBENDc5OFk2STV1VWVTVHlkakVxdFV0UXlIVXczT1c1M0hCaTkzeFVFRzhHcUlucmN2RVZHc0hRcFUxWVBQaDZ6RUHSAdcBQVVfeXFMUGtGcnhWR3AteE80eG43OWhfV2RIMHFqaENWQkpSUnAyQjA5QmxZaXA4bExzSjBwMU1TcHlIS1Z0ZGZHY1NMUGJaZzdQd2k0RlB2cTluQUtSU2dXNWV5RGh5VzBFdHRfVjloOFp4cXVPaE9zUy1Yc3gzcWtnWlhvSkl2X0RmM3BUdDZzUmd2OTFkbjhyMXJBb3lTOHlEY21nNGE3cUY0YUd1SzYyR24tUkpCS0ZVbmZPeGI1amo3NDdRU3V4WUZNVDBnZ1l0clBBR1R4T0xkNjA?oc=5,user_gn_128a1498,Apple's First Foldable iPhone Could Cost Over Rs 2 Lakh In India: Here's Why - ABP News Apple's First Foldable iPhone Could Cost Over Rs 2 Lakh In India: Here's Why &nbsp;&nbsp; ABP News,0,"{""publication"": ""ABP News"", ""headline"": ""Apple's First Foldable iPhone Could Cost Over Rs 2 Lakh In India: Here's Why - ABP News""}"
2026-05-11,google_news,Consumer Tech India,Apple,Planning to buy an Apple Watch? Students in India can now save more - All details | Technology News - Hindustan Times,https://news.google.com/rss/articles/CBMi2AFBVV95cUxPZm53R185ZFF4ZmJWWDFWS2NVSng4cEp2alVnalcxd1RqOHk4aW1zaDJNRFlYYklESnh4ZWxXNHBaNlotdXg4OVVlWEpjYVp0dDJNdDRzNUs1VHoxMWpkX2lXajBVM0RXUWVtOUlWT0pHcFRyQXJSWkZRSUExLUdkZVVCZEdYSGNkTnBVTFFNUVY5YlREN3A4T05EaWlmbGRWcXVFRWVMbXl0enBjSWR2ZjF2dHNiX3BDd0wxLW8zMmhSZTlzck94ZU00b2pkd2E5aFAzdTIzek7SAd4BQVVfeXFMUDB6TTdEdVJqeVZ3cXVrcUxKa010bVJta2FnMlc5QVNyclVPdndlNTcxYS1TekdiVkJOdk0wYnpVTVNvdnlQTE1lUHJaMUt5UHhBV2ZBamRTWndHVE1mRm0tRlJYQTlUeE9BT1huYWtZN1BHQldSTFJaNzhiM3VtMVg5d2VGeFhEWWRXbExHYjNJbkRKVUc1QTBBMFhHc0FyNHU3SWJmRzZsM0s0WVJKMzJlb0JLeDdFY0pTaXZ3dHhfMUpnZEt1dUtEQmF2M2hSTm9fUlpfTFF6MkFnZ1hn?oc=5,user_gn_99971f10,Planning to buy an Apple Watch? Students in India can now save more - All details | Technology News - Hindustan Times Planning to buy an Apple Watch? Students in India can now save more - All details | Technology News &nbsp;&nbsp; Hindustan Times,0,"{""publication"": ""Hindustan Times"", ""headline"": ""Planning to buy an Apple Watch? Students in India can now save more - All details | Technology News - Hindustan Times""}"
2026-05-10,google_news,Consumer Tech India,Apple,HP apple growers stare at 70% crop loss due to harsh weather - The Times of India,https://news.google.com/rss/articles/CBMi0wFBVV95cUxPVWt0NmZTUFQzeHc2dGVvcU9HMWxiLUtxcGpITTBpUWhrTm5UZVh1WG1ESEE3T2RfSDVKdnNpSVZFWlgzVFVnV1k3djRMZnVXYXZBRll4XzNXaW55RGxQU1I2Q2tobGxxeUhjUkVUWnJMVWt6VlhzNzNRZDgwS1Nibl9OQmFBaEtrSlB3cEdvWVJDZC0tRk1iMmdBOEFkMGVkb1NVYWpSSUtYNzB3c21xYi13d2tKcERTWlRzeThfQTFwM094UmxnbzNUemtBQzlyOXBz0gHYAUFVX3lxTE5oYjB6T05IaFJZMlVkVWZVSGwtMVd6TU9UTk42U1QwNWpJeVdzLUhMYUJ6NUZQN0hiR3ZETGlIVUhJQ0ZHUnZpd1RNWU1XT2cwb3ViWDJkdzVWejJ2MndUcmctSl9kbUVzdV9scWtxTDRmN1J5eWFQMnBpUjk4eVBhQXVaNUJWd1lPdVlQTUhzNjhfOHVwUGZJMFdXbnhIb0FSb3ZmUTlEeEZiQUNLTl9tWlNqNzI1OEllRWNTUURhTGxRVHpKbExpRm4tNlEwbDZhUklOQnRLdg?oc=5,user_gn_5ae29786,HP apple growers stare at 70% crop loss due to harsh weather - The Times of India HP apple growers stare at 70% crop loss due to harsh weather &nbsp;&nbsp; The Times of India,0,"{""publication"": ""The Times of India"", ""headline"": ""HP apple growers stare at 70% crop loss due to harsh weather - The Times of India""}"
2026-05-13,google_news,Consumer Tech India,Apple,"'Can’t Allow Ruin Of Whole Generation': Delhi High Court's Stern Order To Google, Apple On Apps - News18",https://news.google.com/rss/articles/CBMi0wFBVV95cUxNeXVIaU5MQ2ZNbzdxam55VU9vLUtZaEljRVJNTXJjZFItRUNFbmZTQ0pMRFZvQmstbEZIWnNiYllTTHp5dFd1YmJaT1YzS3F5TE5iTzRWTV9ESXNiOFhTbGtCUzJNdGdQbUFHb2JWNVpINDlIT1FSdTZ4Yy1Rd0g2U1lqZmJaSk9Tc2VEY2NwcmRad2Y0RGhhamJTVDlpTnI3amsxeGJhQ245NXZnVWVCSGRfZ1hGV19SWVlqZGVobExzNEdMT3JDdmxZRWxxZkVOeFpZ0gHYAUFVX3lxTE5oYXlVZEh0WjdQR3Zka0gxUFF4aHI0Y0NIZkx1QjdZSE5hbGd4cEZfVGVwc0JISllCd19GYnZ3S2JSeWd2dFJGNVcya2o4MWtDQ19iMWJFZWhhWnpTSUp0emtxSEZQdEcySDBlaUw2QkVYbjlYUlBVS2x5YlN2YjEza2kwelZYeU5UUFlxOHhMSHlnQXpqSEV5SWM2TGZtellxdTkwc2R1RU0tWXJCUFhrUWVrcmJ4d0JhMHVWcVB3QUlhTDdXQzJZZlBsZ0ltaXlBc0lCdFlrNw?oc=5,user_gn_b08e29a8,"'Can’t Allow Ruin Of Whole Generation': Delhi High Court's Stern Order To Google, Apple On Apps - News18 'Can’t Allow Ruin Of Whole Generation': Delhi High Court's Stern Order To Google, Apple On Apps &nbsp;&nbsp; News18",0,"{""publication"": ""News18"", ""headline"": ""'Can\u2019t Allow Ruin Of Whole Generation': Delhi High Court's Stern Order To Google, Apple On Apps - News18""}"
2026-05-12,google_news,Consumer Tech India,Apple,Apple Showcases MAMI Shorts Shot on iPhone 17 Pro Max in India - Mashable India,https://news.google.com/rss/articles/CBMinwFBVV95cUxOdnhPRUlEbjZDSkxVTXEtUGNVWlY2b1JFQ1NLYUdKSDUtV3NxRS1uMVRHZ2pvNE5KczBHM3lrVlpGa3I5bjVEc1FCM2FHS2UxNWRuMVNCbVBxaFU2TTF1MGdCalU1V2c2N3EzeE1XYTQwa1BqeVgyeXJlUlZQeGZqR3hwazhPaGJLQjlFdWItR3daZHBlRXlLUnZ0MWlFakU?oc=5,user_gn_732e17d0,Apple Showcases MAMI Shorts Shot on iPhone 17 Pro Max in India - Mashable India Apple Showcases MAMI Shorts Shot on iPhone 17 Pro Max in India &nbsp;&nbsp; Mashable India,0,"{""publication"": ""Mashable India"", ""headline"": ""Apple Showcases MAMI Shorts Shot on iPhone 17 Pro Max in India - Mashable India""}"
2026-05-01,google_news,Consumer Tech India,Apple,"Apple logs record March quarter in India, iPhone sales grow despite market slump; Tim Cook ‘over the moon’ - Mint",https://news.google.com/rss/articles/CBMiqAFBVV95cUxQUFNEa0VOcFU3OXlqRldnOTlnTDh2ZEFvVUloekZPcnRQN1hxSFhEZkhqQ0JZZkpQUUdZblBlSnlGOFhacFJ0VDk2cVM0d09nVVQwWGY2dmZYSFI4Y0huNThGMTNaZHg2YlJpMURpc1ROS2hIWGVZWHFSS1FTOVZJdTdCU3JUUEpJaTNXYUs1M09xazVPQ3hwZTdkYW0zdlM3cWJzRDUydmLSAa4BQVVfeXFMTm9QajFRRXc2bDdFUkZvaXNXYzZLN0pweFlMWHFfTnNIZ0puMXo5X3RtZ2ZvWUFZSWF1MXYzTWtnS3l5WjVfSEFoQlA3Q1EwOHJaNm9HVUQ4MW9lVDFrQzVXN3loYzNMbVFxeS1qajA0U08xdGtmMnpnNkdYUzdYRTc3cWwtcURvcWRGTGxFRFhxZkZVS1hxSGhLOTVNSlhpNmpDWWlfWUcxVUljdE1B?oc=5,user_gn_ca8a196f,"Apple logs record March quarter in India, iPhone sales grow despite market slump; Tim Cook ‘over the moon’ - Mint Apple logs record March quarter in India, iPhone sales grow despite market slump; Tim Cook ‘over the moon’ &nbsp;&nbsp; Mint",0,"{""publication"": ""Mint"", ""headline"": ""Apple logs record March quarter in India, iPhone sales grow despite market slump; Tim Cook \u2018over the moon\u2019 - Mint""}"
2026-04-27,google_news,Consumer Tech India,Apple,Apple's 'Drumbeats' campaign uses royal chaos to show off iPhone 17 - The Times of India,https://news.google.com/rss/articles/CBMi4AFBVV95cUxON1k1YjVfZklNaTUyVVN2UFprYmtaYThrUDRGTHZSbjJhR2FPWWNMdlBqamdiVk9hVnhPQXdxOHdlSkJKc0l4N1NwZVlSbVdHeFRodVZqVWZhZGwwUDgtNi0xRHBmcFdYd2ZKbXdSVWxPM3l5Q1ZBVTVwZTd5Nm1yUjhTc1lFTzRYQkJFc0ZrX1MxU1BBbmxqM2VOMDJsRHRiQWwtck15ZWNhU0FzZzBFeFV5U2pHRTZ0bUN6RDdLU0dlTF9YSEZqU1ZMMXo3ZkdfU19WMjBwd3Q1dUJUa3ExUdIB5gFBVV95cUxPbUd2Ykx6d0xUVjM5b2tiUHg4MS1QelZFZlMtejcxbnFJdmpucnV2RHB3OXB0WHJUTzN6LWZRLXdwZjJoVmlKcmpMQWc1Vjd1WWphSFpwRW9aUl9kOVFMZWI4R0lHR3pESWNsSGdRMUhnSXI4TXE5WE0zRDdXRjQ2Yi14Wk1sdnhsS0J1elRWUXVrNFV5Ni01djVOYmRmLXdQMTZ3QWdrMFN6SzJXeDk4V0ZJSE5uMGlPdGs4QzlXZl9hdkVYT2M5OWpBcllfM2VFSnJORmViLVUwTkJBeG9Pa2hLQWd5dw?oc=5,user_gn_5ae29786,Apple's 'Drumbeats' campaign uses royal chaos to show off iPhone 17 - The Times of India Apple's 'Drumbeats' campaign uses royal chaos to show off iPhone 17 &nbsp;&nbsp; The Times of India,0,"{""publication"": ""The Times of India"", ""headline"": ""Apple's 'Drumbeats' campaign uses royal chaos to show off iPhone 17 - The Times of India""}"
2026-04-21,google_news,Consumer Tech India,Apple,Tim Cook and India's Rise as a Mammoth Apple iPhone Exporter - outlookbusiness.com,https://news.google.com/rss/articles/CBMiowFBVV95cUxNQy1LYTBoZlZKUktyNmZtc3l2UHVyWWo5a2piX2pZdWlQQzRHOGZmWTR3azh0ejlWQ0NUUXdaOTdSRXp4S1Y2UlNRWkk4NXNDbVp4Qy1OeGsxNW9OVkFzSFRxTkRjbkJlQ3RpeVB2WkZVUFFwRF95ajRjR1BWdFhtTUNrNlhyeXk0azI5cmE5d3gtRGYxcmdJcE5pVWlZdERzQkJN0gGwAUFVX3lxTFBTbzdGRS1sZXphR25jTEhTZkZIR1ZxNUNydHBaWUl5ZXMyY2l2Q2xCVG9zTmwzcWQ4Qll4ZFd6N3Z1NDBqRkc4RkgtM1VVYlJ2eE0xaHJXZ2NkSFhwdThBUmJ1SFN5Z1JJeGdwbUZ4dHBZV1pPZ3A0MldoeWI0QWpWU2VUSTVOYk5nQktEREI1ampLNWs3Rnh2SkFObHhtUTNhcTBhOEp4Z3ZxXzk3MHJ6?oc=5,user_gn_deadf99f,Tim Cook and India's Rise as a Mammoth Apple iPhone Exporter - outlookbusiness.com Tim Cook and India's Rise as a Mammoth Apple iPhone Exporter &nbsp;&nbsp; outlookbusiness.com,0,"{""publication"": ""outlookbusiness.com"", ""headline"": ""Tim Cook and India's Rise as a Mammoth Apple iPhone Exporter - outlookbusiness.com""}"
2026-04-24,google_news,Consumer Tech India,Apple,"Reliance Digital’s ‘All About Apple’ campaign is live: Upgrade offers on iPhone 17, MacBook Neo and more - The Times of ",https://news.google.com/rss/articles/CBMijwJBVV95cUxOaU1KVjJPem91SDlTTFNzeVgtNHBpSU5Nei1GVk5paWJUaktUWEFFZGtsV05HczFrSGJud013dWR1cWVodFA2LUZiaG5HMkpmb3dUQWRtLW02dnEtVlJUeTh4OGNLOVhJVVlxLUtpbGM1b2pVNnJmUnk0QmlQbGN2ZXhVUHZLWEtHaUltS3FkNmh5X0tIUWthVVU0ZVBYdktOVDRLWmtNU2F0eTV4QVc2djhvclJ2S0dpRzlKSjNPSXpxaXNEZ2hacmc3eVViLVZ2T2wzOFBfQ1VJQkxTMThMV2E5Z1U5cjBOTEVSV0dsQUVpMTZlemFtdG4wUFNIVUxhcnFmZ082NnVDNVVaZHVj0gGUAkFVX3lxTE9lSlhRVE9kM1ctY0ZDTTI2R3poYk9abHdocjF5VGxkY2lTc0JxS2NXWHh4bHpjOEREa1lzVnRpcXV4b2p4RF9BVnVZTzJjUUFmVnVoWnNoTFlMOEk0YzNaemVfZEVHZ2N5anR3NWdNMGVpdDZNanc1RHBfTzk0V2FrUkdNTzQ1amdqaWVtdlJ4VVIzVVJnYkJTUUZCV21STEJvRE50Nk1NcndGZEdPUF9JaDNSWGlTeXpJbGVJUTh1bzFTQ0pzLUFVQ2dXd183QjZZZ1h3VXQxLWNNYm5RcTE5aW5zSTRfblNrT0M3R1VoSzVES3JOdjYtVWtHa3h0WTB2aHFqUFBlOTVZTU4zYnhWak5KRw?oc=5,user_gn_5ae29786,"Reliance Digital’s ‘All About Apple’ campaign is live: Upgrade offers on iPhone 17, MacBook Neo and more - The Times of India Reliance Digital’s ‘All About Apple’ campaign is live: Upgrade offers on iPhone 17, MacBook Neo and more &nbsp;&nbsp; The Times of India",0,"{""publication"": ""The Times of India"", ""headline"": ""Reliance Digital\u2019s \u2018All About Apple\u2019 campaign is live: Upgrade offers on iPhone 17, MacBook Neo and more - The Times of India""}"
2026-04-18,reddit,Consumer Tech India,Lenovo,Lenovo ideapad slim 5 ryzen 7 7735hs,https://reddit.com/r/laptops/comments/1sp07mu/lenovo_ideapad_slim_5_ryzen_7_7735hs/,user_e0e94bedf0,"Lenovo ideapad slim 5 ryzen 7 7735hs Okay so I’m planning to buy myself a laptop and thinking of buying this lenovo ideapad slim 5 but i heard lenovo laptops have some motherboard issues (previously on loq) but today i was checking about this laptop alot and saw review of getting it dead after some time. I want laptop to be hassle free and want to use it for long term 6-7 years. I saw another laptop with same specs but of hp with the same price but accordingly to my savior (chatgpt) lenovo is better than hp as lenovo have better cooling system, my main work for laptop would be office work and entertainment but also little bit of gaming like gta 5 and hitman only on medium setting are okay so yeah this laptop fullfill this but only want to ask about motherboard issues, should i gamble on it?",0,"{""subreddit"": ""laptops"", ""num_comments"": 14, ""type"": ""post""}"
2026-04-28,google_news,Consumer Tech India,Apple,Apple India Puts a Royal Spin on Everyday Challenges in iPhone 17 Campaign - Little Black Book | LBBOnline,https://news.google.com/rss/articles/CBMia0FVX3lxTE4tbmltOWNJYW4wSi1fVFl0RjFianVzbkcwVG9xXzdXZ2tYT1dSRGU2dFFoOFViYUU0T2dPWU4xZEhTVWhsY0RncHFnNk9EUkt2TUU5ZGpmOVZsd2t1dG1aYlRaN2pCUklyaExv?oc=5,user_gn_3259bf4d,Apple India Puts a Royal Spin on Everyday Challenges in iPhone 17 Campaign - Little Black Book | LBBOnline Apple India Puts a Royal Spin on Everyday Challenges in iPhone 17 Campaign &nbsp;&nbsp; Little Black Book | LBBOnline,0,"{""publication"": ""Little Black Book | LBBOnline"", ""headline"": ""Apple India Puts a Royal Spin on Everyday Challenges in iPhone 17 Campaign - Little Black Book | LBBOnline""}"
2026-05-03,google_news,Consumer Tech India,Apple,"iPhone 18 Pro, 18 Pro Max launch soon: Battery, India price, camera, display and more - India Today",https://news.google.com/rss/articles/CBMi4AFBVV95cUxNd3RsaVFzYjVEeXhWNlBvc1duZk9YRHRPcWRqemx5T0RFZlN5U0lvLWpOZWhUQTV0Z1BmVzBmWXVSdHFlY0JlRzl4eWhlMHNzclh4RGZRbHZSVVBJMldFb3VPQll1ZVhVTG82Rk9LNHFjdGtwSFExRkRPX040dzF3aEVrX0FmQ1ZLemY4V1VfZ2RKd2piOXRmUzJrYXJ3V1g2ZjBkcEtZX0dEbnc3eEJNQWI5V3BiNHdwbmh0MTh5WDlMa0lvYVZkQ3BZaFd0dVk0aHN3WEh4VU84bW9GUWRpMNIB5gFBVV95cUxQdWJwZzhiX3MzYWtyLUE3dGR2TjVnUXpld1hBd1ZlRFRvcG1lODJuUjNrSEN4T09kRk9OVER6YmFPUzFNZ2JLWFVLS0hTbDJwN3U0Wm9TSENFWDVGay1rcVhqN1VMX2VzY1lKU19EN040UGlmN3JWaUpuTGpraXRpU3FyT2RFeE1zQUx3SVZoWXBYSFhjZWk2NHNXWUthOTRTNjRUQXZPOVRjQWxPMC15MjcyWXI4ei1xLWdRVkljNGhuaXd1TG8zYnRIM3ZHTUhTN1ViSUsyMWRubVhMVk5lZFJ2aGM3QQ?oc=5,user_gn_a9372d6d,"iPhone 18 Pro, 18 Pro Max launch soon: Battery, India price, camera, display and more - India Today iPhone 18 Pro, 18 Pro Max launch soon: Battery, India price, camera, display and more &nbsp;&nbsp; India Today",0,"{""publication"": ""India Today"", ""headline"": ""iPhone 18 Pro, 18 Pro Max launch soon: Battery, India price, camera, display and more - India Today""}"
2026-05-01,google_news,Consumer Tech India,Apple,Tim Cook calls India a 'huge opportunity' as Apple eyes middle-class boom - Moneycontrol.com,https://news.google.com/rss/articles/CBMixwFBVV95cUxPU3hzWlFiMHlZMUhjMDJjVm9JSGZRWHNBSl8ta01XYUc4U3dlQ3BWSTItampoQkVnWjN4alFIQTgtMTJNaXdLQWhTcHZDa2trUll0dU5wSlBjUjBwWjMzWExFcndxaTJ0ZXRzZlAxcURYeVJTYlBHYVpYZEpvNURlWDZuYjdseWpBNF9CMTZEWHc4MGJZenVPMFFsNG15UWU4MG4zS3FmN1gwMzBTcDYwVE9wMU1PYm42ODRmNHBYN1BIZ1NQbG8w0gHMAUFVX3lxTE5OZ1FUQW1BbjFiMldablFmRHp3ZlNNR0tWNk9DWk0xMXVsT0ttWWZSZDk5SDRqNlY1dG5xRDNuRF9QaXlKTFU4MFpDYVRmSk5VNlI4MGg3dm9oRUlndWkyTG5pZVpWY1ljbjV4OXFzZWI1LTIzVFJ6MnZ0VWc5aEVGLUtza2c2TzFSX2lhV2NXTGJPUzE0Rnl3Tlc2Q2xaU2llYXFOZnVDYjI5X2JRR0dTUDg0bE9Pc1BTWFMzTmFBMkhZNm45ZTVtQ0Ixaw?oc=5,user_gn_c3adeb9d,Tim Cook calls India a 'huge opportunity' as Apple eyes middle-class boom - Moneycontrol.com Tim Cook calls India a 'huge opportunity' as Apple eyes middle-class boom &nbsp;&nbsp; Moneycontrol.com,0,"{""publication"": ""Moneycontrol.com"", ""headline"": ""Tim Cook calls India a 'huge opportunity' as Apple eyes middle-class boom - Moneycontrol.com""}"
2026-04-27,google_news,Consumer Tech India,Apple,Apple vs CCI: India's antitrust case reaches key stage on App Store rules - Business Standard,https://news.google.com/rss/articles/CBMi4AFBVV95cUxNdGZsS3pLUW5Ic29RdkVCUFhXZm5fNm1vdnpMY1BNY1dMclM1TTktd2hwR2lEUXYzaE5PUFpRNUdfMGt2a056UjJJWG1vVlFHRW9jSDIwV2RzdlB4SG1UcEZWbjR6NFFUZkVjamZpLWIwRnc0eTU1NkhPY0tCUG1UckI2LWEwbzlJbTBWampCcFVWTE5iOTFRZndtekhnMEhpX2pkdzZNQUNYYTZsLXcyeVVLbDF1WHBzeTF3cmhsREhfbGFtRDVVcUdwV0dfdTV5SDBiLXo2OVpObnRsNHV0VtIB5gFBVV95cUxPalZRX01TTVFwS2xYd2dfdTExM05XclRzNjduUlpXNGlnb3VlVkxDM3g0T0FmQzF3NUxyRlN1SldZenJobzM2TWV5YVlVdFFIaWxrbHh6V2I5U2VhdU1ST0tQMlR4RkJNZWZMWHdVWTBKM1BaS2JBZXNWUFk2bTVvMGJmNDQyaHhmQXAzQ1k5d1NXMnJHbThZRjN3c0ZPNjJaak4zYUdUcjVDekxNdDFDWTdUTU1HSk1DTk5DaWtnVG5RLUs0cEdCa3RzVTVnR2wtQ1RhcHpDWTRMQnpZY1RDNGFTZ0Fmdw?oc=5,user_gn_2b0f241a,Apple vs CCI: India's antitrust case reaches key stage on App Store rules - Business Standard Apple vs CCI: India's antitrust case reaches key stage on App Store rules &nbsp;&nbsp; Business Standard,0,"{""publication"": ""Business Standard"", ""headline"": ""Apple vs CCI: India's antitrust case reaches key stage on App Store rules - Business Standard""}"
2026-05-01,google_news,Consumer Tech India,Apple,Palo Alto Networks acquires Portkey; Tim Cook on Apple's India growth - The Economic Times,https://news.google.com/rss/articles/CBMi4wFBVV95cUxPb3Q5b3ktTkxsTVpIY01HaEQ5ZVl2bU5HU2hvM3RFa0hhNW1zQ2JScVh0aVpJYXlqSFRVMy1Zek1UQ2xqODVySVAxZ3dXNk9lbzZWMFFqY25rcnB5YnFJa0xWaXpRR1hqSW9ZOEVYY01IcHFPVTI1X0Q5NUJEQlVfN2Y2SEpuVEd5NXk0bjNicS1rN1JHLXFDYUNWSE1ZcVFicmwxTmRQakVITEFvSFZ3OVhXOWxRWm1WaUVlRzFCb0VRUmZNS2stLU92YnVCaGFqTEtxWDFyRWNrZnJrTy0yMnVZY9IB6AFBVV95cUxQYTZheU9JSTNVa2VKZ1V0TzN0b1pCeGpCOE51Mmp3WXh5enhpSTBvOGZKTjB1bHVVUUlDdlBhemotNGNvWWptdW42aG9LN3FXRVQxVWpZcEd0YXljTlV3ejZOSWFNSHRhWVM3Y056czNaWTF4eHFIQ1djSmQwc1VIS29pTmxnaDhUY19RZlpNaWk0RWhET3h6eDctZE9tWVFoY2xKbmROaTR5Wnl6Q1JtR2R1bzJ6OGdyTl9xU2x4RmtFREEtakNyVHdFTkN0VndEeExrSGJnRUFlSzJ2NThZdGRJQnJsdXBm?oc=5,user_gn_40f3eee8,Palo Alto Networks acquires Portkey; Tim Cook on Apple's India growth - The Economic Times Palo Alto Networks acquires Portkey; Tim Cook on Apple's India growth &nbsp;&nbsp; The Economic Times,0,"{""publication"": ""The Economic Times"", ""headline"": ""Palo Alto Networks acquires Portkey; Tim Cook on Apple's India growth - The Economic Times""}"
2026-04-21,google_news,Consumer Tech India,Apple,"iPhone is now more affordable in India, full credit goes to Apple CEO Tim Cook - India Today",https://news.google.com/rss/articles/CBMi4gFBVV95cUxNNmV1ZVV0cExldFdXclJxMHpoajNvR3Viek5RUXBXUWlUMmZ0aHhPRk1rVFdXT2hzQWdfMkxUWVBuZGpraVpZbnRyTlVMU0FxZmZoSXZiQ2xKeXZaeXQ4Q1BvMWNNdnM2QmlxZFFJc2xSaWF6TVR5MVZGcmFBZVF2d3pMWkVOTTN1VWpnZWJuVHZ0VXZRNGJtVm9oY1I3cjVTRGN2VEc4RkFoZlJSRHZxNlVaTzNyY3hNT1hUUURDR0M2QkhwS0RGUTdnV3M4MkNiakt6blJwRzk2SjZ3Y245VzNR0gHnAUFVX3lxTE1GazhyNHZ1amlBT050Z3ZoMlRFOUZVWlNvdWVUWjNhUDZOTHpnQ3hBcTRCS2FzMXFDamtKN0lXM29hZnU4NHVuWUFWcllidE42SlE0MlNTX2tzUGlkTkJPbVRJcldJNkN4YTFldlZ2aFBNSm4tYWxSTHIxUzBDZndCbHJiVzlPZkNuUUxqR0pzekNQTkZJeWNoNDdMTlhWQWpjdVducjdrN2E2bUpkMlZndEhNZUxqVm9HOHVtZXgwWWF2Njc0VUlqN19HWWFiQnZSSjN2alRkZ3daMWZlNW1hZWpERWdXcw?oc=5,user_gn_a9372d6d,"iPhone is now more affordable in India, full credit goes to Apple CEO Tim Cook - India Today iPhone is now more affordable in India, full credit goes to Apple CEO Tim Cook &nbsp;&nbsp; India Today",0,"{""publication"": ""India Today"", ""headline"": ""iPhone is now more affordable in India, full credit goes to Apple CEO Tim Cook - India Today""}"
2026-05-02,google_news,Consumer Tech India,Apple,"Apple seeds growth in India as revenue jumps 17%, Cook flags huge opportunity - Telegraph India",https://news.google.com/rss/articles/CBMi0gFBVV95cUxNdnJ4cThHMndscDNiRC1wVmpxRndmSGtOUk9ubnV6U3l0YkU5bTZKWWNmalRlajhpQ1FQUnRhZnFpOGlMNGtETXZtVnJyUEsxYkFtLURKOU9mb1drdy0wWUhGanV3b1NHNkM5WjNqUUI5RENJbzhhWmJlR0RIOUktSkZkazlIZG1FN1hOUlo1UWtVb2R0bEVkSF9kd2U1ZFViOU10WDVJem5DSjV3YUVYZnRRemk1dF9lUWduZHNCVVBOYkRFbTlVeU1ITzh4ZnFoLWfSAdcBQVVfeXFMTzVBZ1hTaENybXAwT0lBNUZNM2ZmanQ4NWJ0N2trbDk2V1RVMWNQZS1WUWpzNlpkNzV6YUFUT3BmamZqZThxd1J3Zm5PZk5Ic1ZRWFNncXdtR29pNHU2TzVNY0hPcFByamV3NWl3S1plNEFtVjd3Y1hhMnljYW0wTnFZbkRkdHI0UDFIMlg5QUgxNjBvNjFkU1BuMTlqM3ktbDBtR0ZvZ3EtempwcFJrUkJnNzNWWWhvd1RKLUlTWXRjcWZteFRVMFNxOTNRbVQ2V2ZnMHZvblk?oc=5,user_gn_f0964a39,"Apple seeds growth in India as revenue jumps 17%, Cook flags huge opportunity - Telegraph India Apple seeds growth in India as revenue jumps 17%, Cook flags huge opportunity &nbsp;&nbsp; Telegraph India",0,"{""publication"": ""Telegraph India"", ""headline"": ""Apple seeds growth in India as revenue jumps 17%, Cook flags huge opportunity - Telegraph India""}"
2026-04-22,google_news,Consumer Tech India,Apple,Task cut out on Apple CEO Tim Cook's India push as John Ternus gears up to take charge - Telegraph India,https://news.google.com/rss/articles/CBMi2gFBVV95cUxNM1FWUFdWVjlWYWxueFNjcWNMZHkzTXdJejZFQnlfUHl6ZExBRlQ2MjYwdzNsXzBnX1kyQkRYQWZReG1OZGw2dkk4R3FlZHJyNXNyRWdwVmhOR0VvNl9oVWxncnN5UTRNSGMyNzZwR3J1YTVkempoUHM4Nm5weGxRVmtzU2RUWkpmbS1TX2NISFBid1R0b2ZsYU0zRFAxcHVpSEVqSFl3SjlUdHFRYjI1Tl84a1NGM1VVWkptTEZNRi1NVDFPSXphMUZMc3FwWTBTWUV0NW41djZUd9IB3wFBVV95cUxOMERIdmlOYzlWbmcxT0NZUWNHZ0ZNUTR3NjA1MmhtOEFSX1ZPMXVCWDZVOWs5R2lXME5HSGE1R1RzSjhVRVAtX2dkVmNzeGZCWjVmX0diSW83RGdsaDRyWlNwY1hqdWI1eVA5R2IwaXdoZEJxRHlsZlcyZnFjLXFwSWhXdmRTVTlVTndicC1hWWM5YkI1UmtPSzg0eXdoMWFIb3kwWm1WZ0l4eHRvdFVzWkF6dEdBT3FJVk5kajZPSk1rV0JUcnY4QjNaX0RBTmJLM2h6RjVLRkJUZjVXM0M4?oc=5,user_gn_f0964a39,Task cut out on Apple CEO Tim Cook's India push as John Ternus gears up to take charge - Telegraph India Task cut out on Apple CEO Tim Cook's India push as John Ternus gears up to take charge &nbsp;&nbsp; Telegraph India,0,"{""publication"": ""Telegraph India"", ""headline"": ""Task cut out on Apple CEO Tim Cook's India push as John Ternus gears up to take charge - Telegraph India""}"
2026-04-24,google_news,Consumer Tech India,Apple,"Apple faces US$38B antitrust fine in India, eyes Trump card for relief - digitimes",https://news.google.com/rss/articles/CBMilAFBVV95cUxNNElNcFFPOWNKTENWejF3WFNIdnFQTmhza2xpOWstY3E5VFZSQTg1MmpYMzNIYXpTTGIweGo1R3pOalp0WnhBTmRiVXZkNzFvWTJvc2x4ajl5NUFTWmYydVJrUEZSZlFXbzBBc1pBUkFRaUZXVHFJajhKRnFfUnlpalFOM0xqbi15ZDk1XzlfaXNtWnJB?oc=5,user_gn_dde463af,"Apple faces US$38B antitrust fine in India, eyes Trump card for relief - digitimes Apple faces US$38B antitrust fine in India, eyes Trump card for relief &nbsp;&nbsp; digitimes",0,"{""publication"": ""digitimes"", ""headline"": ""Apple faces US$38B antitrust fine in India, eyes Trump card for relief - digitimes""}"
2026-05-02,google_news,Consumer Tech India,Apple,"‘Extraordinary iPhone demand’ pushes Apple to $111 billion quarter; India sees growth in Mac, iPad - The Times of India",https://news.google.com/rss/articles/CBMihwJBVV95cUxQbmlXUHJrazVyQm5aei1LdldhNVF2b3dON1hCY2c5V3dqWWZqZnF3V2YtZmpxc2MzS3NpNkRFMmw3VThWVlpIelZJRl9PbDhZRHBlbENZNmtma1dBVUJUYjVwbGMxR0dsSE1kbVlfQ1VNOVhkX19HQW80dldmUmtrUk8yNU5KT0I1M29ma25zb0JLbFdLTTJmM1FsY1dLYVF5S3praFUzelloMkx6WUFTM2x5SGhvREFkdUxRM3RIVEFvd1FHU2FsY0pubV9RR0RZVzZrVExQNE5fN01vR0hDcm45aXdlU2FqaW5uTXljWlFMQk5IaFJCUUFmOTBoU0YzZnB3TkJTa9IBjAJBVV95cUxONWVURE9WQzJhQ0ZTeldIM2ZwSG1MS1NaUmlueE9MUEJ5VlRDZ21MNmVvckhCRW9FSXdBWVZlSlJ2dXFsLVNPb0pranoxVlhVQXpsQlBST1ZyUlZqeDdjSkw1YkRYbTZiQnkxZU5Mdkhvcko3Ykh1WHpybXpLSDlrb01VT3JZQllfQkxNU1Bpd0tuOHJxSUhDRXVSYkRuQnBtazl6bG04NXRDcXU2c2NrenRQWUFEX09QMmVuaWQ0V0sxVm9ZalR3TlNvYlhnWmU0eDZMdVlJLU5OOV9fM01xREZnTE81OC1SckRuMUhQQmVtcXFET0drM2JqdnFqblV2cW4tOGJVMm90UnFs?oc=5,user_gn_5ae29786,"‘Extraordinary iPhone demand’ pushes Apple to $111 billion quarter; India sees growth in Mac, iPad - The Times of India ‘Extraordinary iPhone demand’ pushes Apple to $111 billion quarter; India sees growth in Mac, iPad &nbsp;&nbsp; The Times of India",0,"{""publication"": ""The Times of India"", ""headline"": ""\u2018Extraordinary iPhone demand\u2019 pushes Apple to $111 billion quarter; India sees growth in Mac, iPad - The Times of India""}"
2026-05-01,google_news,Consumer Tech India,Apple,Tim Cook says he is ‘over the moon’ as Apple eyes massive growth in India - The Hindu,https://news.google.com/rss/articles/CBMi0gFBVV95cUxONVVEUDFXQ2JGeWYxcjhUSDJEUWx2V2NVa3Vaekw3Y1RQMjk0c1Y0bXp3SWFUb0dEYVdjXzUwMVU2X0JNbkRYNkh0OEpBUnBibEt5SEtsLWkyVGRDMEFUVmpCVlZxVlB0N1JIQnk3RFZaUzFSbDJSSFpFWFV1ZVRqSDFxSXl6Wnl5ZGlEQ2J4VUlzcVVxYnhRVlNNUVQzcU9td2FXbmlwU3J5dEhkRGlld29UejJJU2FFcDZFaHBXQm9DYTNoblJ3Xy0weDBzclRRT3fSAdgBQVVfeXFMTVRUdUVKRGc2TFRja3J6RE0yTWxBazBkUzdYbFpLMG8zY1BlREt2Rnc2MV9YRnJFaExOMzFQQ0FZZ2w1ZEpMNFlNZnVmZ25KVzA0SGd0dFhmR0t1RlBoX2NzcU5oRkozNE5YWXBET2hsdERVclg2bjFqV2tqeElNcE84ek9xVHRxY1VQQkJNaUdzcHhVRTVNclRzY0ZLYUZ4S1kzMS1JVnBTeC0zVzQxNE13UGJZdXNJcGhLZ0R1cFpCelA0QVFpTVJsS2l3SVJDUGRZREVEYjVh?oc=5,user_gn_4a7f5160,Tim Cook says he is ‘over the moon’ as Apple eyes massive growth in India - The Hindu Tim Cook says he is ‘over the moon’ as Apple eyes massive growth in India &nbsp;&nbsp; The Hindu,0,"{""publication"": ""The Hindu"", ""headline"": ""Tim Cook says he is \u2018over the moon\u2019 as Apple eyes massive growth in India - The Hindu""}"
2026-05-10,google_news,Consumer Tech India,Apple,Apple macOS 27 to introduce UI tweaks addressing readability and contrast issues in Tahoe - Firstpost,https://news.google.com/rss/articles/CBMizwFBVV95cUxPY2tPd1F4R0JIN3doek92NmJ0MThIYm8xX19ZbVEyWTl0LUxIWkNYTWlDREVseF9Wcjl3LWtFN2ttVmN5d1dYRkQtNWx1Y1UwWEx5a2JCVmxwdjRDWjhNUTk2cGREaU83TExxMmJHSmtnMmY3bTVNcmdDRXVmS2FCaTByU05vMy1DQUFVT0ZHakJGaFI4QjhCbEpHVzMtTy1PQXVGUVhDeHFINXhhSFB3ZnE2WjIzOGtHQVp2ckh0X2FzU0lCdlpIWTNCcnl4ZnfSAdQBQVVfeXFMUFhaV1FodktwWXozMkdHR0lac2F1R1VLSWdjdHVQUjZocWVuMjBuRkhBNUM1Uklic2tmNzFHa0lhTlZxdlc3UkZKcWhVODZwVDdNTmpTWnN1dWhDS3F6Yk9XX2hZOGxHb3BpaGtjQmRpX0U5NlYwZmlaZlRNN29FZW9ib0x1dmEzcXp5TFhqR29qeXRLWmxHVDRJWU9LeU1kY3RXeS1vUnN4MmlQWC1UR0Y1V2lDMkpkUzJOeUtHS29Xbzc4d0VWTU82U21lSldzU1k1eU0?oc=5,user_gn_623aa077,Apple macOS 27 to introduce UI tweaks addressing readability and contrast issues in Tahoe - Firstpost Apple macOS 27 to introduce UI tweaks addressing readability and contrast issues in Tahoe &nbsp;&nbsp; Firstpost,0,"{""publication"": ""Firstpost"", ""headline"": ""Apple macOS 27 to introduce UI tweaks addressing readability and contrast issues in Tahoe - Firstpost""}"
2026-05-11,google_news,Consumer Tech India,Apple,Apple’s foldable to feature a bigger screen and battery than Galaxy Z Fold? New dummy leaks hint at a tablet-like form f,https://news.google.com/rss/articles/CBMi_AFBVV95cUxQNUp1MXV6eHdlbmxHRmRDd0RFZ3JmZWFJT1JzdjdXSXRZdDVxTzBlbkVOUVQ2c0J3Q0t0dnBwUE9LY2pfVFpiNHo5SVRQb1RJQjQ4UkZlZ01WVFZBWW1OM19pZWk1RzMxTVdmcFl5dFJzSlJpdjdudzUxUzhUaURTLTZBLW1FbUI1aHNObHVmWVQzTm5iMXVwUFVneXE1R3laY0ZRd1dyV3pXeC1EZHpnRlUzTUpwYkVkQVF3TFpfQzQ2T3ljcTZiVUJEUEdUVFdzNktBMklocXJuTDJCb182Vks2R2hFM3BNWlltOUh6YnlQRXNJSTRRZ3pHUVbSAYICQVVfeXFMUG5GT3MxV0w3NlduRTl6WlBOU2NvejYtbE85Q01RVENGc0p5WHVTNmY3OWNvX2NZS1ROdW1oTlNXODJHRjZPNHR5TXhjMHVOdzJFZUlmTlg0N3hQOXdNUi1pV1VlRXB3TnJNZ054Qkc4QlRmVmZnVWhsN1ViNXVNQ2hRaF9Ob0RCYW5uRXdtQVZjWXVIRlp5QU5KelpyeUZGdExBc05ZcVpVNnJuaFd2UFhTeDRQN0pVOFhjRnN0T2U2ekdubHhHM3FGWnNTNUdKTFJiejJzaGNFSUd0UWRXN3RPWTBZM3B4OEdwOGgyRDllcl9mQmlSSjhGWVdTYnZoeDdB?oc=5,user_gn_623aa077,Apple’s foldable to feature a bigger screen and battery than Galaxy Z Fold? New dummy leaks hint at a tablet-like form factor - Firstpost Apple’s foldable to feature a bigger screen and battery than Galaxy Z Fold? New dummy leaks hint at a tablet-like form factor &nbsp;&nbsp; Firstpost,0,"{""publication"": ""Firstpost"", ""headline"": ""Apple\u2019s foldable to feature a bigger screen and battery than Galaxy Z Fold? New dummy leaks hint at a tablet-like form factor - Firstpost""}"
2026-05-01,google_news,Consumer Tech India,Apple,"CCI overstepping judicial authority, says Apple India as spat intensifies - BusinessLine",https://news.google.com/rss/articles/CBMi1gFBVV95cUxNU3lubE9uMC1Mdmw2NEZpSnRnSFNYdzNDUC1qZHJGNmZrcVAzUGdHWHgyT3l5dWM4TEQwbU9IeUdSZk9jNVp2NUZuMUJ1eVkwbENzWWgzd3VDYl9yemV5dGJpWV95S3RzSTdJR3VoV21kdWFqQlN6TFBVWWV5Xzl1MEV1QnBBYi1BMEpXcHVieXVKQnBQdEI3M2ppN1NUYTlGYVhGdVlENU5KU0JCWGVHdkZoYkcwZ29nWjZWLTZMSW1xWG1RdVM2ckdtalNjT3pTN2ZZU3Vn0gHcAUFVX3lxTE1idFA1Y1lSQXoxSVhFMnNsLVk0YVVocjVEQW1VRGhJUEdEZXFZUmduNjg3dnozbHpMc0ZMbkp4WHc0c2Y4eDJtRmtfM0pScFl1aUJOZXVaR0JJVllGZXJvay1jcF9SQVh3ZkUxMnpvOVlPM3hQLU1LZjhEbDR5NnZPaUR4VTBMY2JSRzlyNjMxV0ozZkJLclcxVU1uanlhWVlWOTBzRkxuNDNxYUVKUTBLUEYwcWRoRjlMM0hFUDZ1aDRyYUlGWHFUR2xGZlpDMk5kV0M2Nlp2dFlRWEM?oc=5,user_gn_1548bb1a,"CCI overstepping judicial authority, says Apple India as spat intensifies - BusinessLine CCI overstepping judicial authority, says Apple India as spat intensifies &nbsp;&nbsp; BusinessLine",0,"{""publication"": ""BusinessLine"", ""headline"": ""CCI overstepping judicial authority, says Apple India as spat intensifies - BusinessLine""}"
2026-04-27,google_news,Consumer Tech India,Apple,Apple India Puts iPhone 17 Features to the Test in a Royal Court via TBWA Media Arts Lab India - Campaign Brief Asia,https://news.google.com/rss/articles/CBMi0gFBVV95cUxONVhrOE5FQVlORV8xQkdERDFuX2pQV3VwcEdieUluTkdPWEZRNlJDQnBCN2ZyMVdHZXRtdGlseVdtVmdKUWpnMEhjYzVUOFgtQlZsa3hlNEpzN19xN2UtS0wyVWVGQzAyQmFBS1lJTHgzLV9YV0pGbG5OanpHQzRqV1U5d19GY294ZGlfTEtFaTFCQWRVcTdKSEJNaEJtT3cyNThHbV9XOGw0bktZQnh4dENjU0RJMUl1bU82SW9PeFlLQm9lY1hIZE1mTmFrOWtOTWc?oc=5,user_gn_f26aaa3e,Apple India Puts iPhone 17 Features to the Test in a Royal Court via TBWA Media Arts Lab India - Campaign Brief Asia Apple India Puts iPhone 17 Features to the Test in a Royal Court via TBWA Media Arts Lab India &nbsp;&nbsp; Campaign Brief Asia,0,"{""publication"": ""Campaign Brief Asia"", ""headline"": ""Apple India Puts iPhone 17 Features to the Test in a Royal Court via TBWA Media Arts Lab India - Campaign Brief Asia""}"
2026-05-12,google_news,Consumer Tech India,Apple,Apple’s iOS 26.5 update rolls out with new features to iPhones: Here’s what’s new - Business Today,https://news.google.com/rss/articles/CBMi2AFBVV95cUxQd0JObGFkYWg4cDdpel9UcFdQeTJDUS14eFMwRDcxSi05UjgwRVVDZXl0ZUxLUnZneUVUQU9kNk8zcmt4RXVLcVNwaEt2bXdxV0NoVXA5NGx1R1BvejN6NGs2bzhfVTNuVjVsbkdjTVp1MWV1amRMZEYxYm4xdnRZR0tQR3prdTlJLUcxM19QdVV0ZEgzcDdFZVNhSmVBTWJkbjRxVTFWSnh0b24wT21YczI5bEgxZXhsS01tamJ3eFZQNlNjV3BmSWhWd3NOYmUycWR0bTZDbEXSAd4BQVVfeXFMTy1UZnRhV25KeGllNDlFUlhtNjdWV1c5aFRoMDhhMzBldDVabjZSSDZ1dHdoTHdVaE5GSW51SFFycWV1VGZNWG0yYldhOGJtWGI5ekhCWnhwMy1rM3ZNT2xhblBwQjhEdkYxTkdjVy1yYVM2VU15Ny13NW1BNXVmcS1ZdXpXMWNSd2VSSWUyVW5tUDZINWdweUFwWW1fMXUtZHl2WkZWRXNGS3gzMkZYWGFOTHNvblFSLU9haXNHaWdabE1laWlkdGVJZURhQzFnQ3RNLXc5eVRsWFFRMFhn?oc=5,user_gn_329501f4,Apple’s iOS 26.5 update rolls out with new features to iPhones: Here’s what’s new - Business Today Apple’s iOS 26.5 update rolls out with new features to iPhones: Here’s what’s new &nbsp;&nbsp; Business Today,0,"{""publication"": ""Business Today"", ""headline"": ""Apple\u2019s iOS 26.5 update rolls out with new features to iPhones: Here\u2019s what\u2019s new - Business Today""}"
2026-05-12,google_news,Consumer Tech India,Apple,"Apple launches India education discounts on Series 11, SE, Ultra - NewsBytes",https://news.google.com/rss/articles/CBMirgFBVV95cUxOTXUwMVVxMTU1eklIRUNVY0dJWlFoTklOTUQ1UVVMTHJiY0pGU0V0aHd6TTFmbVoxOE5nT3o4OTNCVUk4WXV6cFd3Mkg1SlA4V0dQY0lTZXk3Z2VyVEwzb29vSHZWa1k5bFVQc3U0cE5SVWI5bERJTDZ1Skx5Ti1Nc0pEd1NtSncxUVlpVHgyT0owSmZwN05uTDF3Z3ZJenBmSUEwYjd6bXAzZE1lWVE?oc=5,user_gn_ac0164f2,"Apple launches India education discounts on Series 11, SE, Ultra - NewsBytes Apple launches India education discounts on Series 11, SE, Ultra &nbsp;&nbsp; NewsBytes",0,"{""publication"": ""NewsBytes"", ""headline"": ""Apple launches India education discounts on Series 11, SE, Ultra - NewsBytes""}"
2026-05-12,google_news,Consumer Tech India,Apple,Apple brings encrypted RCS messaging to iPhones with iOS 26.5 - digit.in,https://news.google.com/rss/articles/CBMioAFBVV95cUxPU1ZTd1JtRFhuR2pwazQ2cUZ2X3BUczNEdF9JaGtBSE83NkpMUjhzT2lmX1VQYWJ6TmdETzlrTTUteDU0STNHR2VIRTg3YzJXcVRQS3NCZnh6VnJ6bkhneTYzTVV2bEtZS0NXdmgxR0dYbXQybzhYNmFReFExVkYxNDFMV1pyY0FkRV9aZGhqVHNOLXN2LWhSR0t0X3k4bEFB0gGnAUFVX3lxTE1GNktMRWFNQjl2aHFFclJGUk9pTUpoSkIwY2JuRVNwNW9SXzk3UFZEYVVjX2RMUXlfU0dVNzQyemtqSHBkbzB2Y21RQUd0b0FkMW5YcFM1ZXZ2b0h3bVBoSUlzNm9qOEFISU9PNHRoeVhYOHd0VDJXVWFGQzVXRVpzd24yUFFEUzVVakp1MUNEdEV0QlRQdnN1elEwN1pXQnVURFR2Y2Fn?oc=5,user_gn_f26e555c,Apple brings encrypted RCS messaging to iPhones with iOS 26.5 - digit.in Apple brings encrypted RCS messaging to iPhones with iOS 26.5 &nbsp;&nbsp; digit.in,0,"{""publication"": ""digit.in"", ""headline"": ""Apple brings encrypted RCS messaging to iPhones with iOS 26.5 - digit.in""}"
2026-05-12,google_news,Consumer Tech India,HP,"iPhone Ultra Leak Hints at Foldable Debut with Premium Price, Dual Colours and Major Design Shift - The Hans India",https://news.google.com/rss/articles/CBMi6gFBVV95cUxNOHN5WUdCS21RSWowQmxjWC1aVGFvVTRYSjZOLWEtTUhuUTdxZk8wODBaRXo2dnFvZ2FCWkpHM3dYdEFaVFV5UEJQQmVOc2I3cmdzcXkyQ3pxTW1CT3Z3aW93VkNiT2JWTndGOHd0My12VFB0ZGQzSzJLbFRQaTl3MG5WTWo0d2NOay1xbGxlbFNQNXJ2RDNDazBGamRRQ1lXa2hUT1lVVHpCdWdpYnJCRGRXRGNkSkh4TXNtWFZXX2RvUUFWLW4wNFBnSGV6bmxKVW5JeW51N3VhVHdvQnZ5Mm9xT2lUNnBneUHSAe8BQVVfeXFMUEhOVk1tMnMtN2UtQlloalpZLVJjVlVLbFlfcjlSb1hJMjhtMWttSTFXNzlZVkNDcEZDckgyMWdtX3VsRXFJZnducWhocWxhbWlYZ3pfeWE1ODJpTUg4T1lRZnE1cVN5dzEyaU5Fb01iWXBKcW5vTjc0Wng2bzNhRnFYb2tvejN6MGZCZ3VpeDRhMjZxZnFTMm9Nd3k2d2pQLVgybmxTX3BvaUdQWF8tbWxWb3VGSG9HMlJqUTBRX0l3d2dGb0VwYWtNQnhjZzdLa2gyVmJiWFN0Ulo1amg0b3N2TXlETEI5UXdNWG9Xckk?oc=5,user_gn_def46e3b,"iPhone Ultra Leak Hints at Foldable Debut with Premium Price, Dual Colours and Major Design Shift - The Hans India iPhone Ultra Leak Hints at Foldable Debut with Premium Price, Dual Colours and Major Design Shift &nbsp;&nbsp; The Hans India",0,"{""publication"": ""The Hans India"", ""headline"": ""iPhone Ultra Leak Hints at Foldable Debut with Premium Price, Dual Colours and Major Design Shift - The Hans India""}"
2026-05-10,google_news,Consumer Tech India,Apple,"Apple Mother’s Day Sale goes live: Get up to Rs 10,000 off on iPhone 17 Pro, MacBook Neo, iPad and more - financialexpre",https://news.google.com/rss/articles/CBMi3gFBVV95cUxPYXVZalNQSlVlS0h5TWx0SEo4T2pyMHBjOTZUSHFQUlFPdVE1ajA3cERVMVl5MExWYk1VT0JWakxydmdjdDZ5NHl0bGM2RUxRb1ZESVd1OXJCU1NFZHhWRjkxSG9KYWpuR2ptVERWQ2N5cFRtd0pvNHlJRFdXSkRZT3BlZTY0OU9tZnBnSlVSdzF1bTRmSmEwV2VuYkZDRGo5b0pqN2JUbmhGNVlreVJicmxGaW9DR0xzblhVOGRSZ2pVRFVlZ3dwQ0Fqc1h4MUpHcy1CZHRwalJhODdTY1HSAeQBQVVfeXFMTms1QW1JMTcxeFRlRTR2b3lOeXFEb25qWmNFQVdrQklESkE4X2lNcEZOaHhwMlo0aUlVT1dpbDUyZm9yQUlmc0Rya2F4Y004bV8wRy1RcXkyZldEMEFsRXNvdThqUVNGcmo5ci1hZEwyV2pYWHZpSFROUjBqaFdnVHB3dG9RSmFESEZaeHhjYmNkU3JabHA0X21QN0NEZmpkcnNtbXg0UG9hWjh0bWZMVnNNNGZkTklBQnRpODhNQVBfY19mTVR5RHd0OHE0Sm1ySVVKUHlVQnpyMHFZRjREc050Z1Fx?oc=5,user_gn_ee1f1374,"Apple Mother’s Day Sale goes live: Get up to Rs 10,000 off on iPhone 17 Pro, MacBook Neo, iPad and more - financialexpress.com Apple Mother’s Day Sale goes live: Get up to Rs 10,000 off on iPhone 17 Pro, MacBook Neo, iPad and more &nbsp;&nbsp; financialexpress.com",0,"{""publication"": ""financialexpress.com"", ""headline"": ""Apple Mother\u2019s Day Sale goes live: Get up to Rs 10,000 off on iPhone 17 Pro, MacBook Neo, iPad and more - financialexpress.com""}"
2026-05-11,google_news,Consumer Tech India,Apple,Apple rolls out end-to-end encrypted RCS messaging with iOS 26.5 - Firstpost,https://news.google.com/rss/articles/CBMirgFBVV95cUxQaDlKNkxsS2trZUtsdnZTZ3VWNEZ5Zm5xVlVZNVAwTzBGN183Wm95THhYWHp1c0JPeXc0aWtMQ2IwSXZwRWZCOVltellNSTJMWEpwV0pMRUIzWWZWV3dJaDJSSS1jWnIxdlctb2k0bHJkTlhLV2tGbmhzUnQ3YXotcHZjUU1JeDNBemFUdTk4eU5JMVdmcTFYSVR0cmR6R0VwU01rMmhQU0FLajlGSmfSAbMBQVVfeXFMTmU4dm85TVo0RkFYSnJLSGpqcjhFeTlVZl9kdDdqOXBZNVFmb2NmNE1URW5fRXJBelVwY2hMMDNDNnFpMEJEQ0FyQVQ5b3hlSXAxSDRfeW9iWDl6OTdOZzg5MU1YX2JKWmlCNG43ZUFMektEQ1ktNmdDb0RVbFlyYnZaRHgxc091NW1sU3Flbk5Ha2JlUU56UUo2QUxWVWlYclZpRDgweUdCbjhkd3QtNWctV00?oc=5,user_gn_623aa077,Apple rolls out end-to-end encrypted RCS messaging with iOS 26.5 - Firstpost Apple rolls out end-to-end encrypted RCS messaging with iOS 26.5 &nbsp;&nbsp; Firstpost,0,"{""publication"": ""Firstpost"", ""headline"": ""Apple rolls out end-to-end encrypted RCS messaging with iOS 26.5 - Firstpost""}"
2026-04-23,google_news,Consumer Tech India,Apple,"India builds China-light Apple supply chain, overtakes Vietnam in suppliers - Business Standard",https://news.google.com/rss/articles/CBMi2wFBVV95cUxObkNaNDlETjdHdlpPU1A2NC0xcE9iWG90NEVCVlZYVEhERGdjRXE5XzZWVGRoSGlOeG5CanZ6Q2FuSUMxRUpVelp4MG5TQ0hiVkVDZXdwaE4tbm9GU2FwVEVlSTBkSnNHRjlEcldzWkttd0MxUzU2UHJueHlGZ1ZVSFJQSUJyQVNjNjQtMzl2Yk1SRzZLd0piVEZENURia0VyejdTcHkyLWlpUDlwdEVXYnFNUlc0cENtbURCVDdvLXM3U1FjOG5HR1kyQXZvbzhwUnBGVXZSNVFmMVnSAeABQVVfeXFMTy1sSWl1TUpUbm1wU3pjVFpHTW5JRllIem5oTnVOR3poSUhwN29iU2gzaGJ2QTFES3FLT2VZMVF3RFJIQXllZGgzOEg2dzRNU0l5MDBVUC11U1pKUmE1aHVuWHBCV3NFakZSdGRsa25pd2J1d1Flc1g1ckpfT294ZmdvOVQydkFUc05mVlZFcmowb0JuMDFwQ2FWaS1BWVBiRUR1dE5WenZrMnhOWDJkX1JicTVDODNzQnY4bW4xZUlCR1NfVFNjR2FiTUt5NzBhT2t1OGNZZEFGc0piSTBXZ3o?oc=5,user_gn_2b0f241a,"India builds China-light Apple supply chain, overtakes Vietnam in suppliers - Business Standard India builds China-light Apple supply chain, overtakes Vietnam in suppliers &nbsp;&nbsp; Business Standard",0,"{""publication"": ""Business Standard"", ""headline"": ""India builds China-light Apple supply chain, overtakes Vietnam in suppliers - Business Standard""}"
2026-05-12,google_news,Consumer Tech India,Apple,"iOS 26.5 update: Apple adds encrypted Chats, smarter maps and new 'Pride' wallpaper; here's what iPhone users - India.Co",https://news.google.com/rss/articles/CBMi7wFBVV95cUxPZzN1c1h0clpwb3hOTTcyUElIVS12N0Z2M2hVR2xURFQwOWhKUzBTbmtWdDJRTy1MdE95dU1McVdKNTA4SWNsdFdoekpxSGJncm5ZcXo0VkhicWZTcDBkT253S0tGbU4wZHNYdjB6ZWZaekFPRkE0eG5ibUdoSnV2dHlNRmd6R0pCWmFGRGV3NEVTNkxuN0pvRHdyTVZodzVqN0VrUTIta3pmeXBIbUhORXU0Mk9MbEhYa3B2dnZrcm1HY01tN3U4TmsxWTgxYjI3S1ppTzlNbDA3a1VVWGNIUE9lUVhUaGRfWVpiX1VNa9IB9AFBVV95cUxNNGdidmw5TWlYV2tQTTdOWm1GZFFfcG1tdi1rOUhPMnltR2ZHM0NnNU9zWUdHcHY1T1o4N0xFaG5XUWVSYVRfZnoyOTJsUGZnVWhXYml1dmoyeVJVSG52aXdlOTVjVUVYMmF2TkNCaHpxNnVSUjFMMWZPVmp6Mmx1Q3V4Z09FZWJwMUtibWpxRlB3c193cXRMR0JuTFp4QVJJYWJWT1BybzFZUzBKc1BvOW1mV1JKbEkteGVvelRGX0ItRnJGVFVMM1VIUmF4WGVsM1VLaVA2ZENFZXdIaWZJcU1tVHRYeGlUV0hVYzRmZFZ6Y1J1?oc=5,user_gn_1a2f7dff,"iOS 26.5 update: Apple adds encrypted Chats, smarter maps and new 'Pride' wallpaper; here's what iPhone users - India.Com iOS 26.5 update: Apple adds encrypted Chats, smarter maps and new 'Pride' wallpaper; here's what iPhone users &nbsp;&nbsp; India.Com",0,"{""publication"": ""India.Com"", ""headline"": ""iOS 26.5 update: Apple adds encrypted Chats, smarter maps and new 'Pride' wallpaper; here's what iPhone users - India.Com""}"
2026-04-22,google_news,Consumer Tech India,Apple,Your Ultimate Guide to Buying Apple Products in India - Airtel,https://news.google.com/rss/articles/CBMipgFBVV95cUxPSUJyOUZHR0d5Ni15VndpaEdiT0o1ckFqSWo1ejNYeTJ1amVDRTU5Z0FMVzAyNUNXNWNmMVBZRmt4eHljRjFyaWFEQm1TcEJaUk5BdTZPdkVieHVKMDVKcDAweG1kclVnN1JUb2thekF5SHhnNGJtZDNQQkt0LTJIT0t1UW12UE5aN3E0VEpaYlJ3T1h1d0VvM085Vk1LMTFOMHNyRG5R?oc=5,user_gn_00a6de86,Your Ultimate Guide to Buying Apple Products in India - Airtel Your Ultimate Guide to Buying Apple Products in India &nbsp;&nbsp; Airtel,0,"{""publication"": ""Airtel"", ""headline"": ""Your Ultimate Guide to Buying Apple Products in India - Airtel""}"
2026-05-12,google_news,Consumer Tech India,Other,AI jobs growing almost by 15-20%: Ashwini Vaishnaw - The Times of India,https://news.google.com/rss/articles/CBMizAFBVV95cUxQal9pYWJEOTBUWU9rbHBheWJrY0JhVmtuRjh2UXpqQWlnUTU0cVNwSDd3c3NZSWZ2Z1R0U1VhM3RkeGFlWGV6Q3d1RjRpd1hjSDNuN1lXTXhMTl9MQ3FDR0hYU2JnQ2VlUmp3eUh4c05qd3hlamloSFRwY2JkM3JOTHltb2YzUldDYmhQN3JTQWRfUnpZSXZnN0RHdGdwUW1JTXB0alJ6SkpEQ3BlM2lrRVZsSkxnVDZlVGJyUlVOSlJkcFlwRmtxZ1A2SjnSAdIBQVVfeXFMTWtEV2o4b2hHcTM3TnR4al9zZVZ6OWdlTmZFaEZNa0NXQ3pYVW4xdC1fdmpuWUpQRFhLSm0wazR1azZERUlVMzEwYTVOeVFKeGx4ZFd6TllYdldQZGQ2RjE1bWoyMGI1TUoxTUhNRnB0d25ZV0JBREdyY2l2TlNjeXdTV0lNMTNVdmZvZWRKbC0zamVjSy0tNkwyM0llRG1KZVJOUGIwNXZBYy1MWm01YjlZUjJIV19aRkNsQ05FTG9qMHFIb2lYc0J3THUtYUV2SEhn?oc=5,user_gn_5ae29786,AI jobs growing almost by 15-20%: Ashwini Vaishnaw - The Times of India AI jobs growing almost by 15-20%: Ashwini Vaishnaw &nbsp;&nbsp; The Times of India,0,"{""publication"": ""The Times of India"", ""headline"": ""AI jobs growing almost by 15-20%: Ashwini Vaishnaw - The Times of India""}"
